{"root":0,"uuid":"wXzw1e4NOe2nWVfcKRQz","version":0.1,"symbols":[{"type":5,"frames":[{}]},{"type":5,"id":27,"frames":[{"objects":[{"name":"text","type":0,"depth":1,"symbol":26,"clipDepth":0,"id":0,"matrix":[1,0,0,1,-573,72]}]}]},{"selectable":false,"html":true,"password":false,"color":-65536,"fontName":"KoratakiRg-Regular","rect":[-40,-40,4283,598],"text":"<p align=\"center\"><font face=\"KoratakiRg-Regular\" size=\"10\" color=\"#ff0000\" letterSpacing=\"1.00\" kerning=\"1\">LASER STRIKE</font></p>","type":2,"border":false,"leftMargin":0,"fontID":7,"id":26,"wordWrap":true,"leading":40,"indent":0,"multiline":true,"align":"center","rightMargin":0,"fontHeight":200,"input":false},{"type":5,"id":25,"frames":[{"objects":[{"name":"text","type":0,"depth":1,"symbol":24,"clipDepth":0,"id":0,"matrix":[1,0,0,1,40,-105]}]}]},{"selectable":false,"html":true,"password":false,"color":-65536,"fontName":"KoratakiRg-Regular","rect":[-40,-40,2002,955],"text":"<p align=\"center\"><font face=\"KoratakiRg-Regular\" size=\"18\" color=\"#ff0000\" letterSpacing=\"0.00\" kerning=\"1\">3.5</font></p>","type":2,"border":false,"leftMargin":0,"fontID":7,"id":24,"wordWrap":false,"leading":40,"indent":0,"multiline":false,"align":"center","rightMargin":0,"fontHeight":360,"input":false},{"type":5,"className":"E28.mechdeployment","baseClassName":null,"id":23,"frames":[{"objects":[{"name":null,"type":0,"depth":1,"symbol":12,"clipDepth":0,"id":0,"colorTransform":[20,20,20,16,0,0,0,0],"matrix":[0.785552978515625,0,0,0.808746337890625,2,5]},{"name":null,"type":0,"depth":4,"symbol":14,"clipDepth":0,"id":1,"filters":[[2,3,74.9996298417554,0,1,7,7,0.71875,1,false,false,false]],"colorTransform":[20,20,20,18,0,0,0,0],"matrix":[1.32455444335938,0,0,0.692550659179688,-2663,-1388]},{"name":null,"type":0,"depth":6,"symbol":16,"clipDepth":0,"id":2,"filters":[[2,1,74.9996298417554,0,1,3,3,0.83984375,1,false,false,false]],"colorTransform":[20,20,20,16,0,0,0,0],"matrix":[1.32455444335938,0,0,0.692550659179688,-2300,-1194]},{"name":"timerText","type":0,"depth":8,"symbol":18,"clipDepth":0,"id":3,"filters":[[2,3,74.9996298417554,0,1,7,7,1.2890625,1,false,false,false]],"matrix":[1.087890625,-0.558334350585938,0.991867065429688,0.490951538085938,-891,619]},{"name":"mechDeployText","type":0,"depth":10,"symbol":20,"clipDepth":0,"id":4,"filters":[[2,3,74.9996298417554,0,1,7,7,1.2890625,1,false,false,false]],"matrix":[1,-0.513229370117188,0.991867065429688,0.490951538085938,-1925,569]},{"name":"deployed","type":0,"depth":12,"symbol":22,"clipDepth":0,"id":5,"matrix":[1,0,0,1,-2663,-1388]}]}]},{"type":5,"id":22,"frames":[{"objects":[{"name":null,"type":0,"depth":1,"symbol":21,"clipDepth":0,"id":0,"blendMode":"add","colorTransform":[0,0,0,20,5100,5100,5100,0],"matrix":[1,0,0,1,0,0]}]},{"objects":[{"name":null,"type":1,"depth":1,"symbol":21,"clipDepth":0,"id":0,"colorTransform":[3,3,3,17,4400,4400,4400,0],"matrix":[1.11268615722656,0,0,1.11268615722656,-300,-157]}]},{"objects":[{"name":null,"type":1,"depth":1,"symbol":21,"clipDepth":0,"id":0,"colorTransform":[5,5,5,15,3740,3740,3740,0],"matrix":[1.21701049804688,0,0,1.21701049804688,-578,-302]}]},{"objects":[{"name":null,"type":1,"depth":1,"symbol":21,"clipDepth":0,"id":0,"colorTransform":[8,8,8,12,3140,3140,3140,0],"matrix":[1.31300354003906,0,0,1.31300354003906,-834,-436]}]},{"objects":[{"name":null,"type":1,"depth":1,"symbol":21,"clipDepth":0,"id":0,"colorTransform":[10,10,10,10,2600,2600,2600,0],"matrix":[1.40066528320313,0,0,1.40066528320313,-1067,-558]}]},{"objects":[{"name":null,"type":1,"depth":1,"symbol":21,"clipDepth":0,"id":0,"colorTransform":[12,12,12,8,2100,2100,2100,0],"matrix":[1.47994995117188,0,0,1.47994995117188,-1279,-669]}]},{"objects":[{"name":null,"type":1,"depth":1,"symbol":21,"clipDepth":0,"id":0,"colorTransform":[13,13,13,7,1660,1660,1660,0],"matrix":[1.5509033203125,0,0,1.5509033203125,-1468,-767]}]},{"objects":[{"name":null,"type":1,"depth":1,"symbol":21,"clipDepth":0,"id":0,"colorTransform":[15,15,15,5,1280,1280,1280,0],"matrix":[1.61349487304688,0,0,1.61349487304688,-1634,-855]}]},{"objects":[{"name":null,"type":1,"depth":1,"symbol":21,"clipDepth":0,"id":0,"colorTransform":[16,16,16,4,940,940,940,0],"matrix":[1.66775512695313,0,0,1.66775512695313,-1779,-930]}]},{"objects":[{"name":null,"type":1,"depth":1,"symbol":21,"clipDepth":0,"id":0,"colorTransform":[17,17,17,3,660,660,660,0],"matrix":[1.71365356445313,0,0,1.71365356445313,-1901,-994]}]},{"objects":[{"name":null,"type":1,"depth":1,"symbol":21,"clipDepth":0,"id":0,"colorTransform":[18,18,18,2,420,420,420,0],"matrix":[1.751220703125,0,0,1.751220703125,-2001,-1046]}]},{"objects":[{"name":null,"type":1,"depth":1,"symbol":21,"clipDepth":0,"id":0,"colorTransform":[19,19,19,1,240,240,240,0],"matrix":[1.78044128417969,0,0,1.78044128417969,-2079,-1087]}]},{"objects":[{"name":null,"type":1,"depth":1,"symbol":21,"clipDepth":0,"id":0,"colorTransform":[20,20,20,0,100,100,100,0],"matrix":[1.80130004882813,0,0,1.80130004882813,-2135,-1116]}]},{"objects":[{"name":null,"type":1,"depth":1,"symbol":21,"clipDepth":0,"id":0,"colorTransform":[20,20,20,0,20,20,20,0],"matrix":[1.81382751464844,0,0,1.81382751464844,-2168,-1134]}]},{"objects":[{"name":null,"type":1,"depth":1,"symbol":21,"clipDepth":0,"id":0,"blendMode":"normal","colorTransform":[20,20,20,0,0,0,0,0],"matrix":[1.8179931640625,0,0,1.8179931640625,-2179,-1139]}]}]},{"type":5,"id":21,"frames":[{"objects":[{"name":null,"type":0,"depth":1,"symbol":14,"clipDepth":0,"id":0,"filters":[[2,3,74.9996298417554,0,1,7,7,0.71875,1,false,false,false]],"colorTransform":[20,20,20,18,0,0,0,0],"matrix":[1.32455444335938,0,0,0.692550659179688,0,0]},{"name":null,"type":0,"depth":3,"symbol":16,"clipDepth":0,"id":1,"filters":[[2,1,74.9996298417554,0,1,3,3,0.83984375,1,false,false,false]],"colorTransform":[20,20,20,16,0,0,0,0],"matrix":[1.32455444335938,0,0,0.692550659179688,363,194]}]}]},{"type":5,"id":20,"frames":[{"objects":[{"name":"text","type":0,"depth":1,"symbol":19,"clipDepth":0,"id":0,"matrix":[1,0,0,1,-573,72]}]}]},{"selectable":false,"html":true,"password":false,"color":-1,"fontName":"KoratakiRg-Regular","rect":[-40,-40,4283,598],"text":"<p align=\"center\"><font face=\"KoratakiRg-Regular\" size=\"10\" color=\"#ffffff\" letterSpacing=\"1.00\" kerning=\"1\">MECH DEPLOY</font></p>","type":2,"border":false,"leftMargin":0,"fontID":7,"id":19,"wordWrap":true,"leading":40,"indent":0,"multiline":true,"align":"center","rightMargin":0,"fontHeight":200,"input":false},{"type":5,"id":18,"frames":[{"objects":[{"name":"text","type":0,"depth":1,"symbol":17,"clipDepth":0,"id":0,"matrix":[1,0,0,1,40,-105]}]}]},{"selectable":false,"html":true,"password":false,"color":-1,"fontName":"KoratakiRg-Regular","rect":[-40,-40,2002,955],"text":"<p align=\"center\"><font face=\"KoratakiRg-Regular\" size=\"18\" color=\"#ffffff\" letterSpacing=\"0.00\" kerning=\"1\">3.5</font></p>","type":2,"border":false,"leftMargin":0,"fontID":7,"id":17,"wordWrap":false,"leading":40,"indent":0,"multiline":false,"align":"center","rightMargin":0,"fontHeight":360,"input":false},{"type":5,"id":16,"frames":[{"objects":[{"name":null,"type":0,"depth":1,"symbol":15,"clipDepth":0,"id":0,"matrix":[1,0,0,1,0,0]}]}]},{"type":4,"id":15,"commands":[3,5,1,16777215,1,8,1737,3473,4,1384,3473,1061,3336,4,750,3204,509,2964,4,269,2723,137,2412,4,0,2089,0,1736,4,0,1464,82,1209,7,86,1185,7,89,1188,4,110,1124,137,1061,4,269,750,509,509,4,750,269,1061,137,4,1123,111,1187,90,7,1184,87,7,1206,83,4,1462,0,1737,0,4,2090,0,2413,137,4,2724,269,2965,509,4,3205,750,3337,1061,4,3474,1384,3474,1736,4,3474,2089,3337,2412,4,3205,2723,2965,2964,4,2724,3204,2413,3336,4,2090,3473,1737,3473,8,1077,174,4,773,302,538,537,4,303,772,174,1077,4,144,1147,121,1219,7,227,1319,4,170,1524,170,1736,4,170,1943,224,2144,7,118,2246,4,142,2321,174,2396,4,303,2701,538,2936,4,773,3171,1077,3299,7,1208,3349,7,1308,3243,4,1519,3303,1737,3303,4,1949,3303,2154,3246,7,2255,3353,7,2397,3299,4,2701,3171,2936,2936,4,3171,2701,3300,2396,7,3353,2257,7,3246,2155,4,3303,1950,3303,1736,4,3303,1519,3244,1308,7,3350,1208,7,3300,1077,4,3171,772,2936,537,4,2701,302,2397,174,4,2322,142,2246,118,7,2145,224,4,1944,170,1737,170,4,1523,170,1317,227,7,1217,122,4,1146,145,1077,174,5]},{"type":5,"id":14,"frames":[{"objects":[{"name":null,"type":0,"depth":1,"symbol":13,"clipDepth":0,"id":0,"matrix":[1,0,0,1,0,0]}]}]},{"type":4,"id":13,"commands":[3,5,1,16777215,1,8,1264,3787,4,919,3641,653,3375,4,386,3108,240,2764,4,142,2532,108,2287,7,0,2181,7,0,1843,7,109,1737,4,144,1496,240,1269,4,386,924,653,658,4,919,392,1264,245,4,1490,149,1730,114,7,1842,0,7,2181,0,7,2293,115,4,2532,149,2759,245,4,3103,392,3370,658,4,3636,924,3782,1269,4,3878,1495,3913,1735,7,4023,1843,7,4023,2181,7,3914,2288,4,3880,2532,3782,2764,4,3636,3108,3370,3375,4,3103,3641,2759,3787,4,2528,3885,2283,3919,7,2181,4023,7,1842,4023,7,1741,3920,4,1495,3885,1264,3787,8,2011,154,4,1633,154,1287,301,4,953,442,695,700,4,437,958,296,1292,4,149,1638,149,2016,4,149,2394,296,2740,4,437,3074,695,3332,4,953,3590,1287,3731,4,1633,3878,2011,3878,4,2389,3878,2735,3731,4,3069,3590,3327,3332,4,3585,3074,3726,2740,4,3873,2394,3873,2016,4,3873,1638,3726,1292,4,3585,958,3327,700,4,3069,442,2735,301,4,2389,154,2011,154,5]},{"type":5,"id":12,"frames":[{"objects":[{"name":null,"type":0,"depth":2,"symbol":11,"clipDepth":0,"id":0,"matrix":[1,0,0,1,0,0]}]}]},{"type":4,"id":11,"commands":[3,5,1,16777215,0.301960784313725,8,0,-1501,4,595,-1501,1139,-1382,4,1664,-1267,2069,-1058,4,2475,-849,2697,-578,4,2928,-298,2928,9,4,2928,316,2697,596,4,2475,867,2069,1076,4,1664,1285,1139,1400,4,595,1519,0,1519,4,-595,1519,-1139,1400,4,-1664,1285,-2069,1076,4,-2475,867,-2697,596,4,-2928,316,-2928,9,4,-2928,-298,-2697,-578,4,-2475,-849,-2069,-1058,4,-1664,-1267,-1139,-1382,4,-595,-1501,0,-1501,5,3,5,1,3947580,0.250980392156863,8,-2070,-448,7,-1990,-536,7,-840,-1080,7,-688,-1110,7,-605,-1064,7,-2127,-344,7,-2140,-350,7,-2070,-448,8,1,-1076,7,23,-1076,7,-2067,-88,4,-2054,-163,-2020,-237,7,-264,-1067,7,1,-1076,8,-2070,465,7,-2130,383,7,925,-1061,7,1098,-1016,7,-2060,477,7,-2070,465,8,541,-1039,7,675,-1112,7,693,-1109,7,-2047,186,4,-2065,129,-2071,71,7,326,-1063,7,541,-1039,8,1439,-894,7,-1861,667,7,-1957,585,7,1294,-952,7,1439,-894,8,2047,-172,4,2065,-114,2072,-56,7,-329,1080,7,-548,1055,7,2047,-172,8,1957,-569,7,-1295,968,7,-1440,910,7,1860,-651,7,1957,-569,8,2071,-448,7,2131,-367,7,-927,1079,7,-1099,1033,7,2061,-461,7,2071,-448,8,1724,-745,4,60,43,-1605,830,7,-1726,760,7,1603,-815,7,1724,-745,8,2071,465,7,1995,550,7,830,1101,7,687,1128,7,603,1082,7,2126,361,7,2141,369,7,2071,465,8,1,1093,7,-25,1093,7,2067,104,4,2054,179,2022,252,7,262,1085,7,1,1093,5]},{"type":5,"className":"E28.mechdeploymentblock","baseClassName":null,"id":10,"frames":[{"objects":[{"name":null,"type":0,"depth":1,"symbol":2,"clipDepth":0,"id":0,"colorTransform":[20,20,20,16,0,0,0,0],"matrix":[0.785400390625,0,0,0.785400390625,2,5]},{"name":null,"type":0,"depth":4,"symbol":4,"clipDepth":0,"id":1,"filters":[[2,3,74.9996298417554,0,1,7,7,0.71875,1,false,false,false]],"colorTransform":[20,20,20,18,0,0,0,0],"matrix":[1.32455444335938,0,0,0.692550659179688,-2663,-1388]},{"name":null,"type":0,"depth":6,"symbol":6,"clipDepth":0,"id":2,"filters":[[2,1,74.9996298417554,0,1,3,3,0.83984375,1,false,false,false]],"colorTransform":[20,20,20,16,0,0,0,0],"matrix":[1.32455444335938,0,0,0.692550659179688,-2300,-1194]},{"name":"cannotdeployText","type":0,"depth":8,"symbol":9,"clipDepth":0,"id":3,"filters":[[2,3,74.9996298417554,0,1,7,7,1.2890625,1,false,false,false]],"matrix":[1,-0.513229370117188,0.991867065429688,0.490951538085938,-2025,589]}]}]},{"type":5,"id":9,"frames":[{"objects":[{"name":"text","type":0,"depth":1,"symbol":8,"clipDepth":0,"id":0,"matrix":[1,0,0,1,-480,-67]}]}]},{"selectable":false,"html":true,"password":false,"color":-65536,"fontName":"KoratakiRg-Regular","rect":[-40,-40,4283,1144],"text":"<p align=\"center\"><font face=\"KoratakiRg-Regular\" size=\"18\" color=\"#ff0000\" letterSpacing=\"1.00\" kerning=\"1\">CANNOT</font></p><p align=\"center\"><font face=\"KoratakiRg-Regular\" size=\"18\" color=\"#ff0000\" letterSpacing=\"1.00\" kerning=\"1\">DEPLOY</font></p>","type":2,"border":false,"leftMargin":0,"fontID":7,"id":8,"wordWrap":true,"leading":200,"indent":0,"multiline":true,"align":"center","rightMargin":0,"fontHeight":360,"input":false},{"type":5,"id":6,"frames":[{"objects":[{"name":null,"type":0,"depth":1,"symbol":5,"clipDepth":0,"id":0,"matrix":[1,0,0,1,0,0]}]}]},{"type":4,"id":5,"commands":[3,5,1,16711680,1,8,1077,174,4,773,302,538,537,4,303,772,174,1077,4,144,1147,121,1219,7,227,1319,4,170,1524,170,1736,4,170,1943,224,2144,7,118,2246,4,142,2321,174,2396,4,303,2701,538,2936,4,773,3171,1077,3299,7,1208,3349,7,1308,3243,4,1519,3303,1737,3303,4,1949,3303,2154,3246,7,2255,3353,7,2397,3299,4,2701,3171,2936,2936,4,3171,2701,3300,2396,7,3353,2257,7,3246,2155,4,3303,1950,3303,1736,4,3303,1519,3244,1308,7,3350,1208,7,3300,1077,4,3171,772,2936,537,4,2701,302,2397,174,4,2322,142,2246,118,7,2145,224,4,1944,170,1737,170,4,1523,170,1317,227,7,1217,122,4,1146,145,1077,174,8,1737,3473,4,1384,3473,1061,3336,4,750,3204,509,2964,4,269,2723,137,2412,4,0,2089,0,1736,4,0,1464,82,1209,7,86,1185,7,89,1188,4,110,1124,137,1061,4,269,750,509,509,4,750,269,1061,137,4,1123,111,1187,90,7,1184,87,7,1206,83,4,1462,0,1737,0,4,2090,0,2413,137,4,2724,269,2965,509,4,3205,750,3337,1061,4,3474,1384,3474,1736,4,3474,2089,3337,2412,4,3205,2723,2965,2964,4,2724,3204,2413,3336,4,2090,3473,1737,3473,5]},{"type":5,"className":"E28.laserstrike","baseClassName":null,"id":32,"frames":[{"objects":[{"name":"timerText","type":0,"depth":10,"symbol":25,"clipDepth":0,"id":0,"filters":[[2,3,74.9996298417554,0,1,7,7,1.2890625,1,false,false,false]],"colorTransform":[20,20,20,0,0,0,0,0],"matrix":[1.087890625,-0.558334350585938,0.991867065429688,0.490951538085938,-891,619]},{"name":"laserStrikeText","type":0,"depth":12,"symbol":27,"clipDepth":0,"id":1,"filters":[[2,3,74.9996298417554,0,1,7,7,1.2890625,1,false,false,false]],"colorTransform":[20,20,20,0,0,0,0,0],"matrix":[1,-0.513229370117188,0.991867065429688,0.490951538085938,-1925,569]}]},{},{},{},{},{},{},{},{},{"objects":[{"name":null,"type":0,"depth":8,"symbol":28,"clipDepth":0,"id":11,"blendMode":"add","colorTransform":[20,20,20,0,0,0,0,0],"matrix":[0.4254150390625,0,0,0.222427368164063,-737,-377]}]},{"objects":[{"name":null,"type":1,"depth":8,"symbol":28,"clipDepth":0,"id":11,"colorTransform":[20,20,20,7,0,0,0,0],"matrix":[0.86083984375,0,0,0.450088500976563,-1493,-773]}]},{"objects":[{"name":null,"type":1,"depth":8,"symbol":28,"clipDepth":0,"id":11,"colorTransform":[20,20,20,13,0,0,0,0],"matrix":[1.19949340820313,0,0,0.627166748046875,-2083,-1081]}]},{"objects":[{"name":null,"type":1,"depth":8,"symbol":28,"clipDepth":0,"id":11,"colorTransform":[20,20,20,17,0,0,0,0],"matrix":[1.44140625,0,0,0.753646850585938,-2503,-1301]}]},{"objects":[{"name":null,"type":1,"depth":8,"symbol":28,"clipDepth":0,"id":11,"colorTransform":[20,20,20,19,0,0,0,0],"matrix":[1.5865478515625,0,0,0.82952880859375,-2756,-1433]}]},{"objects":[{"name":null,"type":1,"depth":8,"symbol":28,"clipDepth":0,"id":11,"colorTransform":[20,20,20,20,0,0,0,0],"matrix":[1.63491821289063,0,0,0.854827880859375,-2839,-1476]}]},{"objects":[{"name":null,"type":1,"depth":8,"symbol":28,"clipDepth":0,"id":11,"matrix":[1.39889526367188,0,0,0.731430053710938,-2429,-1262]}]},{"objects":[{"name":null,"type":0,"depth":6,"symbol":29,"clipDepth":0,"id":25,"filters":[[2,0,74.9996298417554,0,1,0,0,0,1,false,false,false]],"blendMode":"add","colorTransform":[20,20,20,0,0,0,0,0],"matrix":[0.963134765625,0,0,0.503585815429688,-1937,-1008]},{"name":null,"type":1,"depth":8,"symbol":28,"clipDepth":0,"id":11,"matrix":[1.16288757324219,0,0,0.608016967773438,-2019,-1047]}]},{"objects":[{"name":null,"type":1,"depth":6,"symbol":29,"clipDepth":0,"id":25,"filters":[[2,0,74.9996298417554,0,1,0,0,0,1,false,false,false]],"colorTransform":[20,20,20,11,0,0,0,0],"matrix":[1.31204223632813,0,0,0.686004638671875,-2639,-1375]},{"name":null,"type":1,"depth":8,"symbol":28,"clipDepth":0,"id":11,"filters":[[2,1,74.9996298417554,0,1,3,3,0.83984375,1,false,false,false]],"blendMode":"normal","colorTransform":[20,20,20,16,0,0,0,0],"matrix":[1.32455444335938,0,0,0.692550659179688,-2300,-1194]}]},{"objects":[{"name":null,"type":0,"depth":1,"symbol":2,"clipDepth":0,"id":31,"colorTransform":[20,20,20,0,0,0,0,0],"matrix":[1,0,0,1,2,3]},{"name":null,"type":0,"depth":4,"symbol":31,"clipDepth":0,"id":32,"filters":[[2,0,74.9996298417554,0,1,0,0,0,1,false,false,false]],"blendMode":"add","colorTransform":[20,20,20,0,0,0,0,0],"matrix":[1.46037292480469,0,0,0.763580322265625,-3330,-1732]},{"name":null,"type":1,"depth":6,"symbol":29,"clipDepth":0,"id":25,"filters":[[2,0,74.9996298417554,0,1,0,0,0,1,false,false,false]],"colorTransform":[20,20,20,18,0,0,0,0],"matrix":[1.52140808105469,0,0,0.79547119140625,-3059,-1595]}]},{"objects":[{"name":null,"type":1,"depth":1,"symbol":2,"clipDepth":0,"id":31,"colorTransform":[20,20,20,3,0,0,0,0]},{"name":null,"type":1,"depth":4,"symbol":31,"clipDepth":0,"id":32,"filters":[[2,0,74.9996298417554,0,1,0,0,0,1,false,false,false]],"colorTransform":[20,20,20,2,0,0,0,0],"matrix":[1.46478271484375,0,0,0.765884399414063,-3340,-1737]},{"name":null,"type":1,"depth":6,"symbol":29,"clipDepth":0,"id":25,"filters":[[2,0,74.9996298417554,0,1,0,0,0,1,false,false,false]],"colorTransform":[20,20,20,20,0,0,0,0],"matrix":[1.5911865234375,0,0,0.831954956054688,-3199,-1668]}]},{"objects":[{"name":null,"type":1,"depth":1,"symbol":2,"clipDepth":0,"id":31,"colorTransform":[20,20,20,6,0,0,0,0]},{"name":null,"type":1,"depth":4,"symbol":31,"clipDepth":0,"id":32,"filters":[[2,0,74.9996298417554,0,1,0,0,0,1,false,false,false]],"colorTransform":[20,20,20,9,0,0,0,0],"matrix":[1.47798156738281,0,0,0.772781372070313,-3370,-1753]},{"name":null,"type":1,"depth":6,"symbol":29,"clipDepth":0,"id":25,"filters":[[2,1.5,74.9996298417554,0,1,3.5,3.5,0.359375,1,false,false,false]],"colorTransform":[20,20,20,19,0,0,0,0],"matrix":[1.45787048339844,0,0,0.762252807617188,-2931,-1528]}]},{"objects":[{"name":null,"type":1,"depth":1,"symbol":2,"clipDepth":0,"id":31,"colorTransform":[20,20,20,10,0,0,0,0]},{"name":null,"type":1,"depth":4,"symbol":31,"clipDepth":0,"id":32,"filters":[[2,0,74.9996298417554,0,1,0,0,0,1,false,false,false]],"colorTransform":[20,20,20,20,0,0,0,0],"matrix":[1.5,0,0,0.784286499023438,-3420,-1779]},{"name":null,"type":1,"depth":6,"symbol":29,"clipDepth":0,"id":25,"filters":[[2,3,74.9996298417554,0,1,7,7,0.71875,1,false,false,false]],"blendMode":"normal","colorTransform":[20,20,20,18,0,0,0,0],"matrix":[1.32455444335938,0,0,0.692550659179688,-2663,-1388]},{"name":null,"type":1,"depth":10,"symbol":25,"clipDepth":0,"id":0,"filters":[[2,3,74.9996298417554,0,1,7,7,1.2890625,1,false,false,false]],"colorTransform":[20,20,20,20,0,0,0,0]},{"name":null,"type":1,"depth":12,"symbol":27,"clipDepth":0,"id":1,"filters":[[2,3,74.9996298417554,0,1,7,7,1.2890625,1,false,false,false]],"colorTransform":[20,20,20,20,0,0,0,0]}]},{"objects":[{"name":null,"type":1,"depth":1,"symbol":2,"clipDepth":0,"id":31,"colorTransform":[20,20,20,13,0,0,0,0]},{"name":null,"type":1,"depth":4,"symbol":31,"clipDepth":0,"id":32,"filters":[[2,1.5,74.9996298417554,0,1,3.5,3.5,0.359375,1,false,false,false]],"colorTransform":[20,20,20,18,0,0,0,0],"matrix":[1.41229248046875,0,0,0.738418579101563,-3220,-1674]}]},{"objects":[{"name":null,"type":1,"depth":1,"symbol":2,"clipDepth":0,"id":31,"colorTransform":[20,20,20,16,0,0,0,0]},{"name":null,"type":1,"depth":4,"symbol":31,"clipDepth":0,"id":32,"filters":[[2,3,74.9996298417554,0,1,7,7,0.71875,1,false,false,false]],"blendMode":"normal","colorTransform":[20,20,20,16,0,0,0,0],"matrix":[1.32455444335938,0,0,0.692550659179688,-3020,-1570]}]}]},{"type":5,"id":4,"frames":[{"objects":[{"name":null,"type":0,"depth":1,"symbol":3,"clipDepth":0,"id":0,"matrix":[1,0,0,1,0,0]}]}]},{"type":4,"id":3,"commands":[3,5,1,16711680,1,8,1264,3787,4,919,3641,653,3375,4,386,3108,240,2764,4,142,2532,108,2287,7,0,2181,7,0,1843,7,109,1737,4,144,1496,240,1269,4,386,924,653,658,4,919,392,1264,245,4,1490,149,1730,114,7,1842,0,7,2181,0,7,2293,115,4,2532,149,2759,245,4,3103,392,3370,658,4,3636,924,3782,1269,4,3878,1495,3913,1735,7,4023,1843,7,4023,2181,7,3914,2288,4,3880,2532,3782,2764,4,3636,3108,3370,3375,4,3103,3641,2759,3787,4,2528,3885,2283,3919,7,2181,4023,7,1842,4023,7,1741,3920,4,1495,3885,1264,3787,8,2011,154,4,1633,154,1287,301,4,953,442,695,700,4,437,958,296,1292,4,149,1638,149,2016,4,149,2394,296,2740,4,437,3074,695,3332,4,953,3590,1287,3731,4,1633,3878,2011,3878,4,2389,3878,2735,3731,4,3069,3590,3327,3332,4,3585,3074,3726,2740,4,3873,2394,3873,2016,4,3873,1638,3726,1292,4,3585,958,3327,700,4,3069,442,2735,301,4,2389,154,2011,154,5]},{"type":5,"id":31,"frames":[{"objects":[{"name":null,"type":0,"depth":1,"symbol":30,"clipDepth":0,"id":0,"matrix":[1,0,0,1,0,0]}]}]},{"type":5,"id":2,"frames":[{"objects":[{"name":null,"type":0,"depth":2,"symbol":1,"clipDepth":0,"id":0,"matrix":[1,0,0,1,0,0]}]}]},{"type":4,"id":30,"commands":[3,5,1,16711680,1,8,3884,676,4,4199,990,4372,1397,4,4550,1819,4550,2280,4,4550,2741,4372,3163,4,4199,3570,3884,3885,4,3570,4199,3163,4372,4,2741,4550,2280,4550,4,1819,4550,1397,4372,4,990,4200,676,3885,4,361,3570,188,3163,4,10,2741,10,2280,4,10,1819,188,1397,4,361,991,676,676,4,991,361,1397,188,4,1819,10,2280,10,4,2741,10,3163,188,4,3570,361,3884,676,8,4297,1428,4,4131,1035,3828,732,4,3525,429,3132,263,4,2725,90,2280,90,4,1835,90,1428,263,4,1035,429,732,732,4,429,1035,263,1428,4,90,1835,90,2280,4,90,2725,263,3132,4,429,3525,732,3828,4,1035,4131,1428,4297,4,1835,4470,2280,4470,4,2725,4470,3132,4297,4,3525,4131,3828,3828,4,4131,3525,4297,3132,4,4470,2725,4470,2280,4,4470,1835,4297,1428,5]},{"type":5,"id":29,"frames":[{"objects":[{"name":null,"type":0,"depth":1,"symbol":3,"clipDepth":0,"id":0,"matrix":[1,0,0,1,0,0]}]}]},{"type":4,"id":1,"commands":[3,5,1,6096390,0.301960784313725,8,0,-1501,4,595,-1501,1139,-1382,4,1664,-1267,2069,-1058,4,2475,-849,2697,-578,4,2928,-298,2928,9,4,2928,316,2697,596,4,2475,867,2069,1076,4,1664,1285,1139,1400,4,595,1519,0,1519,4,-595,1519,-1139,1400,4,-1664,1285,-2069,1076,4,-2475,867,-2697,596,4,-2928,316,-2928,9,4,-2928,-298,-2697,-578,4,-2475,-849,-2069,-1058,4,-1664,-1267,-1139,-1382,4,-595,-1501,0,-1501,5,3,5,1,4587520,0.250980392156863,8,-2070,-448,7,-1990,-536,7,-840,-1080,7,-688,-1110,7,-605,-1064,7,-2127,-344,7,-2140,-350,7,-2070,-448,8,1,-1076,7,23,-1076,7,-2067,-88,4,-2054,-163,-2020,-237,7,-264,-1067,7,1,-1076,8,-2070,465,7,-2130,383,7,925,-1061,7,1098,-1016,7,-2060,477,7,-2070,465,8,541,-1039,7,675,-1112,7,693,-1109,7,-2047,186,4,-2065,129,-2071,71,7,326,-1063,7,541,-1039,8,1439,-894,7,-1861,667,7,-1957,585,7,1294,-952,7,1439,-894,8,2047,-172,4,2065,-114,2072,-56,7,-329,1080,7,-548,1055,7,2047,-172,8,1957,-569,7,-1295,968,7,-1440,910,7,1860,-651,7,1957,-569,8,2071,-448,7,2131,-367,7,-927,1079,7,-1099,1033,7,2061,-461,7,2071,-448,8,1724,-745,4,60,43,-1605,830,7,-1726,760,7,1603,-815,7,1724,-745,8,2071,465,7,1995,550,7,830,1101,7,687,1128,7,603,1082,7,2126,361,7,2141,369,7,2071,465,8,1,1093,7,-25,1093,7,2067,104,4,2054,179,2022,252,7,262,1085,7,1,1093,5]},{"type":5,"id":28,"frames":[{"objects":[{"name":null,"type":0,"depth":1,"symbol":5,"clipDepth":0,"id":0,"matrix":[1,0,0,1,0,0]}]}]}],"frameRate":40}