{"root":0,"uuid":"Kgi7Wk5Z5XNYGTho9rGx","version":0.1,"symbols":[{"type":5,"frames":[{"objects":[{"name":null,"type":0,"depth":1,"symbol":39,"clipDepth":0,"id":50,"matrix":[1,0,0,1,0,0]}]}]},{"type":5,"id":27,"frames":[{"objects":[{"type":0,"depth":0,"symbol":26,"clipDepth":0,"id":0,"visible":true,"matrix":[1,0,0,1,0,0]}]}]},{"path":"symbols/26.png","type":0,"id":26,"smooth":false},{"type":5,"className":"ChatUI_fla.ChatBox_disableBtn_5","baseClassName":null,"id":25,"frames":[{"objects":[{"name":null,"type":0,"depth":1,"symbol":22,"clipDepth":0,"id":0,"matrix":[1,0,0,1,0,0]}]},{"objects":[{"name":null,"type":0,"depth":1,"symbol":24,"clipDepth":0,"id":2,"matrix":[1,0,0,1,0,0]},{"type":2,"id":0}]}]},{"type":5,"id":24,"frames":[{"objects":[{"type":0,"depth":0,"symbol":23,"clipDepth":0,"id":0,"visible":true,"matrix":[1,0,0,1,0,0]}]}]},{"path":"symbols/23.png","type":0,"id":23,"smooth":false},{"type":5,"id":22,"frames":[{"objects":[{"type":0,"depth":0,"symbol":21,"clipDepth":0,"id":0,"visible":true,"matrix":[1,0,0,1,0,0]}]}]},{"path":"symbols/21.png","type":0,"id":21,"smooth":false},{"type":5,"id":20,"frames":[{"objects":[{"name":null,"type":0,"depth":1,"symbol":19,"clipDepth":0,"id":0,"matrix":[1,0,0,1,0,0]}]}]},{"type":5,"id":19,"frames":[{"objects":[{"type":0,"depth":0,"symbol":18,"clipDepth":0,"id":0,"visible":true,"matrix":[1,0,0,1,0,0]}]}]},{"path":"symbols/18.jpg","type":0,"id":18,"alpha":"symbols/18a.png"},{"type":5,"className":"assetChatItem","baseClassName":null,"id":17,"frames":[{"objects":[{"name":"txt","type":0,"depth":1,"symbol":16,"clipDepth":0,"id":0,"matrix":[1,0,0,1,40,40]}]}]},{"selectable":false,"html":true,"password":false,"color":-16711936,"fontName":"Verdana","rect":[-40,-40,5400,400],"text":"<p align=\"left\"><font face=\"Verdana\" size=\"13\" color=\"#00ff00\" letterSpacing=\"0.00\" kerning=\"1\">donnotron: blah </font></p>","type":2,"border":false,"leftMargin":0,"fontID":3,"id":16,"wordWrap":true,"leading":0,"indent":0,"multiline":true,"align":"left","rightMargin":0,"fontHeight":260,"input":false},{"type":5,"className":"ChatBox_msg_CLIP","baseClassName":null,"id":15,"frames":[{"objects":[{"name":"mcBG","type":0,"depth":1,"symbol":9,"clipDepth":0,"id":0,"matrix":[1,0,0,1,0,0]},{"name":"tMessage","type":0,"depth":3,"symbol":11,"clipDepth":0,"id":1,"matrix":[1,0,0,1,40,40]},{"name":"bIgnore","type":0,"depth":4,"symbol":14,"clipDepth":0,"id":2,"matrix":[1,0,0,1,6280,64]}]}]},{"type":5,"id":14,"frames":[{"objects":[{"name":null,"type":0,"depth":3,"symbol":12,"clipDepth":0,"id":0,"matrix":[1,0,0,1,0,0]}]},{"objects":[{"name":null,"type":0,"depth":3,"symbol":13,"clipDepth":0,"id":2,"matrix":[1,0,0,1,0,0]},{"type":2,"id":0}]}]},{"type":4,"id":13,"commands":[3,5,1,26265,0,8,254,0,4,300,0,300,52,7,300,249,4,300,300,254,300,7,46,300,4,0,300,0,249,7,0,52,4,0,0,46,0,7,254,0,5,3,5,2,1,[65280,0],[1,1],[0,255],[0.0195465087890625,0,0,0.0115509033203125,148,175],0,1,0,8,300,150,4,300,212,256,256,4,212,300,150,300,4,88,300,44,256,4,0,212,0,150,4,0,89,44,45,4,88,0,150,0,4,212,0,256,45,4,300,89,300,150,8,221,220,4,250,192,250,150,4,250,109,221,79,4,192,50,150,50,4,109,50,79,79,4,50,109,50,150,4,50,192,79,220,4,109,250,150,250,4,192,250,221,220,5,6,0.5,0,0,false,2,1,2,3,8,300,150,4,300,212,256,256,4,212,300,150,300,4,88,300,44,256,4,0,212,0,150,4,0,89,44,45,4,88,0,150,0,4,212,0,256,45,4,300,89,300,150,3,5,2,1,[65280,0],[1,1],[0,255],[0.0195465087890625,0,0,0.0115509033203125,148,175],0,1,0,8,237,66,7,245,84,7,236,101,7,101,236,7,84,243,4,74,243,66,235,7,59,218,4,59,208,66,201,7,202,65,4,209,58,218,59,4,228,59,237,66,5]},{"type":4,"id":12,"commands":[3,5,1,26265,0,8,254,0,4,300,0,300,52,7,300,249,4,300,300,254,300,7,46,300,4,0,300,0,249,7,0,52,4,0,0,46,0,7,254,0,5,3,5,2,1,[8912896,16737894,16737894],[1,1,1],[77,174,188],[0.0195465087890625,0,0,0.0115509033203125,148,175],0,1,0,8,300,150,4,300,212,256,256,4,212,300,150,300,4,88,300,44,256,4,0,212,0,150,4,0,89,44,45,4,88,0,150,0,4,212,0,256,45,4,300,89,300,150,8,250,150,4,250,109,221,79,4,192,50,150,50,4,109,50,79,79,4,50,109,50,150,4,50,192,79,220,4,109,250,150,250,4,192,250,221,220,4,250,192,250,150,5,6,0.5,0,0,false,2,1,2,3,8,300,150,4,300,212,256,256,4,212,300,150,300,4,88,300,44,256,4,0,212,0,150,4,0,89,44,45,4,88,0,150,0,4,212,0,256,45,4,300,89,300,150,3,5,2,1,[8912896,16737894,16737894],[1,1,1],[77,174,188],[0.0195465087890625,0,0,0.0115509033203125,148,175],0,1,0,8,245,84,7,236,101,7,101,236,7,84,243,4,74,243,66,235,7,59,218,4,59,208,66,201,7,202,65,4,209,58,218,59,4,228,59,237,66,7,245,84,5]},{"type":5,"className":"ChatBox_CLIP","baseClassName":null,"id":39,"frames":[{"objects":[{"name":"mcFrame","type":0,"depth":1,"symbol":34,"clipDepth":0,"id":0,"matrix":[1,0,0,1,0,0]},{"name":"mcInputBG","type":0,"depth":9,"symbol":37,"clipDepth":0,"id":1,"matrix":[1,0,0,1,0,2600]},{"name":"tInput","type":0,"depth":11,"symbol":38,"clipDepth":0,"id":2,"matrix":[1,0,0,1,340,2840]}]}]},{"selectable":false,"html":true,"password":false,"color":-52371232,"fontName":"Verdana Bold","rect":[-40,-40,6559,400],"text":"<p align=\"left\"><font face=\"Verdana Bold\" size=\"12\" color=\"#e0e0e0\" letterSpacing=\"0.00\" kerning=\"1\"><b>[00] David:</b><font face=\"Verdana\"> This is a message, so it is.</font></font></p>","type":2,"border":false,"leftMargin":0,"fontID":10,"id":11,"wordWrap":true,"leading":0,"indent":0,"multiline":true,"align":"left","rightMargin":0,"fontHeight":240,"input":false},{"selectable":true,"html":true,"password":false,"color":-1907998,"fontName":"Verdana","rect":[-40,-40,7000,440],"text":"<p align=\"left\"><font face=\"Verdana\" size=\"11\" color=\"#e2e2e2\" letterSpacing=\"0.00\" kerning=\"1\">Type message here and press ENTER to send.</font></p>","type":2,"border":false,"leftMargin":0,"fontID":3,"id":38,"wordWrap":false,"leading":40,"indent":0,"multiline":false,"align":"left","rightMargin":0,"fontHeight":220,"input":true},{"type":5,"id":37,"frames":[{"objects":[{"name":null,"type":0,"depth":1,"symbol":36,"clipDepth":0,"id":0,"matrix":[1,0,0,1,0,0]}]}]},{"type":5,"className":"ChatUI_fla.ChatBox_msg_bg_11","baseClassName":null,"id":9,"frames":[{"objects":[{"name":null,"type":0,"depth":1,"symbol":6,"clipDepth":0,"id":0,"matrix":[1,0,0,1,0,0]}]},{"objects":[{"name":null,"type":0,"depth":1,"symbol":7,"clipDepth":0,"id":2,"matrix":[1,0,0,1,0,0]},{"type":2,"id":0}]},{"objects":[{"name":null,"type":0,"depth":1,"symbol":8,"clipDepth":0,"id":4,"matrix":[1,0,0,1,0,0]},{"type":2,"id":2}]}]},{"type":5,"id":36,"frames":[{"objects":[{"type":0,"depth":0,"symbol":35,"clipDepth":0,"id":0,"visible":true,"matrix":[1,0,0,1,0,0]}]}]},{"type":4,"id":8,"commands":[3,5,1,65655,0.250980392156863,8,6600,400,7,0,400,7,0,0,7,6600,0,7,6600,400,5]},{"path":"symbols/35.jpg","type":0,"id":35},{"type":4,"id":7,"commands":[3,5,1,0,0.250980392156863,8,6600,400,7,0,400,7,0,0,7,6600,0,7,6600,400,5]},{"type":5,"id":34,"frames":[{"objects":[{"name":"mcBG","type":0,"depth":1,"symbol":20,"clipDepth":0,"id":0,"matrix":[1,0,0,1,0,0]},{"name":"mcButtons","type":0,"depth":3,"symbol":31,"clipDepth":0,"id":1,"matrix":[1,0,0,1,6560,-40]},{"name":"mcMask","type":0,"depth":7,"symbol":33,"clipDepth":0,"id":2,"matrix":[0.999908447265625,0,0,0.9332275390625,431,382]}]}]},{"type":4,"id":6,"commands":[3,5,1,14398588,0,8,6600,400,7,0,400,7,0,0,7,6600,0,7,6600,400,5]},{"type":5,"id":33,"frames":[{"objects":[{"name":null,"type":0,"depth":1,"symbol":32,"clipDepth":0,"id":0,"matrix":[1,0,0,1,0,0]}]}]},{"type":5,"className":"ChatBox_msg_name_CLIP","baseClassName":null,"id":5,"frames":[{"objects":[{"name":"bg","type":0,"depth":1,"symbol":2,"clipDepth":0,"id":0,"matrix":[1,0,0,1,0,0]},{"name":"label","type":0,"depth":3,"symbol":4,"clipDepth":0,"id":1,"matrix":[1,0,0,1,40,40]}]}]},{"type":4,"id":32,"commands":[3,5,1,16711680,0,8,6600,2100,7,0,2100,7,0,0,7,6600,0,7,6600,2100,5]},{"selectable":false,"html":true,"password":false,"color":-13421773,"fontName":"Verdana","rect":[-40,-40,2000,400],"text":"<p align=\"left\"><font face=\"Verdana\" size=\"12\" color=\"#333333\" letterSpacing=\"0.00\" kerning=\"1\">donnotron:</font></p>","type":2,"border":false,"leftMargin":0,"fontID":3,"id":4,"wordWrap":false,"leading":0,"indent":0,"multiline":true,"align":"left","rightMargin":0,"fontHeight":240,"input":false},{"type":5,"id":31,"frames":[{"objects":[{"name":"bDisable","type":0,"depth":1,"symbol":25,"clipDepth":0,"id":0,"matrix":[1,0,0,1,520,0]},{"name":"bExpand","type":0,"depth":3,"symbol":30,"clipDepth":0,"id":1,"matrix":[1,0,0,1,20,0]}]},{}]},{"type":5,"className":"ChatUI_fla.ChatBox_expandBtn_6","baseClassName":null,"id":30,"frames":[{"objects":[{"name":null,"type":0,"depth":1,"symbol":27,"clipDepth":0,"id":0,"matrix":[1,0,0,1,0,0]}]},{"objects":[{"name":null,"type":0,"depth":1,"symbol":29,"clipDepth":0,"id":2,"matrix":[1,0,0,1,0,0]},{"type":2,"id":0}]}]},{"type":5,"id":2,"frames":[{"objects":[{"name":null,"type":0,"depth":1,"symbol":1,"clipDepth":0,"id":0,"matrix":[1,0,0,1,0,0]}]}]},{"type":5,"id":29,"frames":[{"objects":[{"type":0,"depth":0,"symbol":28,"clipDepth":0,"id":0,"visible":true,"matrix":[1,0,0,1,0,0]}]}]},{"type":4,"id":1,"commands":[3,5,1,16711935,0,8,1973,0,4,2000,0,2000,11,7,2000,388,4,2000,400,1973,400,7,27,400,4,0,400,0,388,7,0,11,4,0,0,27,0,7,1973,0,5]},{"path":"symbols/28.png","type":0,"id":28,"smooth":false}],"frameRate":24}