{"name": null, "rootPath": null, "libraryArgs": ["data.json", "h0XWHehzBLqq5VwVLbT9"], "libraryType": "openfl._internal.formats.animate.AnimateLibrary", "version": 3, "assets": [{"path": "data.json", "type": "TEXT"}, {"path": "symbols/5766.png", "type": "IMAGE"}, {"path": "symbols/5765.png", "type": "IMAGE"}, {"path": "symbols/5764.png", "type": "IMAGE"}, {"path": "symbols/5763.png", "type": "IMAGE"}, {"path": "symbols/5762.png", "type": "IMAGE"}, {"path": "symbols/5761.png", "type": "IMAGE"}, {"path": "symbols/5760.png", "type": "IMAGE"}, {"path": "symbols/5759.png", "type": "IMAGE"}, {"path": "symbols/5758.png", "type": "IMAGE"}, {"path": "symbols/5757.png", "type": "IMAGE"}, {"path": "symbols/5756.png", "type": "IMAGE"}, {"path": "symbols/5755.png", "type": "IMAGE"}, {"path": "symbols/5754.png", "type": "IMAGE"}, {"path": "symbols/5753.png", "type": "IMAGE"}, {"path": "symbols/5752.png", "type": "IMAGE"}, {"path": "symbols/5751.png", "type": "IMAGE"}, {"path": "symbols/5750.png", "type": "IMAGE"}, {"path": "symbols/5749.png", "type": "IMAGE"}, {"path": "symbols/5748.png", "type": "IMAGE"}, {"path": "symbols/5747.png", "type": "IMAGE"}, {"path": "symbols/5746.png", "type": "IMAGE"}, {"path": "symbols/5745.png", "type": "IMAGE"}, {"path": "symbols/5744.png", "type": "IMAGE"}, {"path": "symbols/5743.png", "type": "IMAGE"}, {"path": "symbols/5742.png", "type": "IMAGE"}, {"path": "symbols/5741.png", "type": "IMAGE"}, {"path": "symbols/5740.png", "type": "IMAGE"}, {"path": "symbols/5739.png", "type": "IMAGE"}, {"path": "symbols/5738.png", "type": "IMAGE"}, {"path": "symbols/5737.png", "type": "IMAGE"}, {"path": "symbols/5736.png", "type": "IMAGE"}, {"path": "symbols/5735.png", "type": "IMAGE"}, {"path": "symbols/5734.png", "type": "IMAGE"}, {"path": "symbols/5733.png", "type": "IMAGE"}, {"path": "symbols/5732.png", "type": "IMAGE"}, {"path": "symbols/5731.png", "type": "IMAGE"}, {"path": "symbols/5730.png", "type": "IMAGE"}, {"path": "symbols/5729.png", "type": "IMAGE"}, {"path": "symbols/5728.png", "type": "IMAGE"}, {"path": "symbols/5727.png", "type": "IMAGE"}, {"path": "symbols/5726.png", "type": "IMAGE"}, {"path": "symbols/5725.png", "type": "IMAGE"}, {"path": "symbols/5724.png", "type": "IMAGE"}, {"path": "symbols/5723.png", "type": "IMAGE"}, {"path": "symbols/5722.png", "type": "IMAGE"}, {"path": "symbols/5721.png", "type": "IMAGE"}, {"path": "symbols/5720.png", "type": "IMAGE"}, {"path": "symbols/5719.png", "type": "IMAGE"}, {"path": "symbols/5718.png", "type": "IMAGE"}, {"path": "symbols/5717.png", "type": "IMAGE"}, {"path": "symbols/5716.png", "type": "IMAGE"}, {"path": "symbols/5715.png", "type": "IMAGE"}, {"path": "symbols/5714.png", "type": "IMAGE"}, {"path": "symbols/5713.png", "type": "IMAGE"}, {"path": "symbols/5770.png", "type": "IMAGE"}, {"path": "symbols/5771.png", "type": "IMAGE"}, {"path": "symbols/5712.png", "type": "IMAGE"}, {"path": "symbols/5711.png", "type": "IMAGE"}, {"path": "symbols/5710.png", "type": "IMAGE"}, {"path": "symbols/5709.png", "type": "IMAGE"}, {"path": "symbols/5708.png", "type": "IMAGE"}, {"path": "symbols/5707.png", "type": "IMAGE"}, {"path": "symbols/5706.png", "type": "IMAGE"}, {"path": "symbols/5705.png", "type": "IMAGE"}, {"path": "symbols/5704.png", "type": "IMAGE"}, {"path": "symbols/5703.png", "type": "IMAGE"}, {"path": "symbols/5702.png", "type": "IMAGE"}, {"path": "symbols/5701.png", "type": "IMAGE"}, {"path": "symbols/5700.png", "type": "IMAGE"}, {"path": "symbols/5699.png", "type": "IMAGE"}, {"path": "symbols/5698.png", "type": "IMAGE"}, {"path": "symbols/5697.png", "type": "IMAGE"}, {"path": "symbols/5696.png", "type": "IMAGE"}, {"path": "symbols/5695.png", "type": "IMAGE"}, {"path": "symbols/5694.png", "type": "IMAGE"}, {"path": "symbols/5693.png", "type": "IMAGE"}, {"path": "symbols/5692.png", "type": "IMAGE"}, {"path": "symbols/5691.png", "type": "IMAGE"}, {"path": "symbols/5690.png", "type": "IMAGE"}, {"path": "symbols/5689.png", "type": "IMAGE"}, {"path": "symbols/5688.png", "type": "IMAGE"}, {"path": "symbols/5687.png", "type": "IMAGE"}, {"path": "symbols/5686.png", "type": "IMAGE"}, {"path": "symbols/5685.png", "type": "IMAGE"}, {"path": "symbols/5684.png", "type": "IMAGE"}, {"path": "symbols/5683.png", "type": "IMAGE"}, {"path": "symbols/5682.png", "type": "IMAGE"}, {"path": "symbols/5681.png", "type": "IMAGE"}, {"path": "symbols/5680.png", "type": "IMAGE"}, {"path": "symbols/5679.png", "type": "IMAGE"}, {"path": "symbols/5678.png", "type": "IMAGE"}, {"path": "symbols/5677.png", "type": "IMAGE"}, {"path": "symbols/5676.png", "type": "IMAGE"}, {"path": "symbols/5675.png", "type": "IMAGE"}, {"path": "symbols/5674.png", "type": "IMAGE"}, {"path": "symbols/5673.png", "type": "IMAGE"}, {"path": "symbols/5672.png", "type": "IMAGE"}, {"path": "symbols/5671.png", "type": "IMAGE"}, {"path": "symbols/5670.png", "type": "IMAGE"}, {"path": "symbols/5669.png", "type": "IMAGE"}, {"path": "symbols/5668.png", "type": "IMAGE"}, {"path": "symbols/5667.png", "type": "IMAGE"}, {"path": "symbols/5666.png", "type": "IMAGE"}, {"path": "symbols/5665.png", "type": "IMAGE"}, {"path": "symbols/5664.png", "type": "IMAGE"}, {"path": "symbols/5663.png", "type": "IMAGE"}, {"path": "symbols/5662.png", "type": "IMAGE"}, {"path": "symbols/5661.png", "type": "IMAGE"}, {"path": "symbols/5660.png", "type": "IMAGE"}, {"path": "symbols/5659.png", "type": "IMAGE"}, {"path": "symbols/5658.png", "type": "IMAGE"}, {"path": "symbols/5657.png", "type": "IMAGE"}, {"path": "symbols/5656.png", "type": "IMAGE"}, {"path": "symbols/5655.png", "type": "IMAGE"}, {"path": "symbols/5654.png", "type": "IMAGE"}, {"path": "symbols/5653.png", "type": "IMAGE"}, {"path": "symbols/5652.png", "type": "IMAGE"}, {"path": "symbols/5651.png", "type": "IMAGE"}, {"path": "symbols/5650.png", "type": "IMAGE"}, {"path": "symbols/5649.png", "type": "IMAGE"}, {"path": "symbols/5648.png", "type": "IMAGE"}, {"path": "symbols/5647.png", "type": "IMAGE"}, {"path": "symbols/5646.png", "type": "IMAGE"}, {"path": "symbols/5645.png", "type": "IMAGE"}, {"path": "symbols/5644.png", "type": "IMAGE"}, {"path": "symbols/5643.png", "type": "IMAGE"}, {"path": "symbols/5642.png", "type": "IMAGE"}, {"path": "symbols/5641.png", "type": "IMAGE"}, {"path": "symbols/5640.png", "type": "IMAGE"}, {"path": "symbols/5639.png", "type": "IMAGE"}, {"path": "symbols/5638.png", "type": "IMAGE"}, {"path": "symbols/5637.png", "type": "IMAGE"}, {"path": "symbols/5636.png", "type": "IMAGE"}, {"path": "symbols/5635.png", "type": "IMAGE"}, {"path": "symbols/5634.png", "type": "IMAGE"}, {"path": "symbols/5633.png", "type": "IMAGE"}, {"path": "symbols/5632.png", "type": "IMAGE"}, {"path": "symbols/5631.png", "type": "IMAGE"}, {"path": "symbols/5630.png", "type": "IMAGE"}, {"path": "symbols/5629.png", "type": "IMAGE"}, {"path": "symbols/5628.png", "type": "IMAGE"}, {"path": "symbols/5627.png", "type": "IMAGE"}, {"path": "symbols/5626.png", "type": "IMAGE"}, {"path": "symbols/5625.png", "type": "IMAGE"}, {"path": "symbols/5624.png", "type": "IMAGE"}, {"path": "symbols/5623.png", "type": "IMAGE"}, {"path": "symbols/5622.png", "type": "IMAGE"}, {"path": "symbols/5621.png", "type": "IMAGE"}, {"path": "symbols/5620.png", "type": "IMAGE"}, {"path": "symbols/5619.png", "type": "IMAGE"}, {"path": "symbols/5618.png", "type": "IMAGE"}, {"path": "symbols/5617.png", "type": "IMAGE"}, {"path": "symbols/5616.png", "type": "IMAGE"}, {"path": "symbols/5615.png", "type": "IMAGE"}, {"path": "symbols/5614.png", "type": "IMAGE"}, {"path": "symbols/5613.png", "type": "IMAGE"}, {"path": "symbols/5612.png", "type": "IMAGE"}, {"path": "symbols/5611.png", "type": "IMAGE"}, {"path": "symbols/5610.png", "type": "IMAGE"}, {"path": "symbols/5609.png", "type": "IMAGE"}, {"path": "symbols/5608.png", "type": "IMAGE"}, {"path": "symbols/5607.png", "type": "IMAGE"}, {"path": "symbols/5606.png", "type": "IMAGE"}, {"path": "symbols/5605.png", "type": "IMAGE"}, {"path": "symbols/5604.png", "type": "IMAGE"}, {"path": "symbols/5603.png", "type": "IMAGE"}, {"path": "symbols/5602.png", "type": "IMAGE"}, {"path": "symbols/5601.png", "type": "IMAGE"}, {"path": "symbols/5600.png", "type": "IMAGE"}, {"path": "symbols/5599.png", "type": "IMAGE"}, {"path": "symbols/5598.png", "type": "IMAGE"}, {"path": "symbols/5597.png", "type": "IMAGE"}, {"path": "symbols/5596.png", "type": "IMAGE"}, {"path": "symbols/5595.png", "type": "IMAGE"}, {"path": "symbols/5594.png", "type": "IMAGE"}, {"path": "symbols/5593.png", "type": "IMAGE"}, {"path": "symbols/5592.png", "type": "IMAGE"}, {"path": "symbols/5591.png", "type": "IMAGE"}, {"path": "symbols/5590.png", "type": "IMAGE"}, {"path": "symbols/5589.png", "type": "IMAGE"}, {"path": "symbols/5588.png", "type": "IMAGE"}, {"path": "symbols/5587.png", "type": "IMAGE"}, {"path": "symbols/5586.png", "type": "IMAGE"}, {"path": "symbols/5585.png", "type": "IMAGE"}, {"path": "symbols/5584.png", "type": "IMAGE"}, {"path": "symbols/5583.png", "type": "IMAGE"}, {"path": "symbols/5582.png", "type": "IMAGE"}, {"path": "symbols/5581.png", "type": "IMAGE"}, {"path": "symbols/5580.png", "type": "IMAGE"}, {"path": "symbols/5579.png", "type": "IMAGE"}, {"path": "symbols/5578.png", "type": "IMAGE"}, {"path": "symbols/5577.png", "type": "IMAGE"}, {"path": "symbols/5576.png", "type": "IMAGE"}, {"path": "symbols/5575.png", "type": "IMAGE"}, {"path": "symbols/5574.png", "type": "IMAGE"}, {"path": "symbols/5573.png", "type": "IMAGE"}, {"path": "symbols/5572.png", "type": "IMAGE"}, {"path": "symbols/5571.png", "type": "IMAGE"}, {"path": "symbols/5570.png", "type": "IMAGE"}, {"path": "symbols/5569.png", "type": "IMAGE"}, {"path": "symbols/5568.png", "type": "IMAGE"}, {"path": "symbols/5567.png", "type": "IMAGE"}, {"path": "symbols/5566.png", "type": "IMAGE"}, {"path": "symbols/5565.png", "type": "IMAGE"}, {"path": "symbols/5564.png", "type": "IMAGE"}, {"path": "symbols/5563.png", "type": "IMAGE"}, {"path": "symbols/5562.png", "type": "IMAGE"}, {"path": "symbols/5561.png", "type": "IMAGE"}, {"path": "symbols/5560.png", "type": "IMAGE"}, {"path": "symbols/5559.png", "type": "IMAGE"}, {"path": "symbols/5558.png", "type": "IMAGE"}, {"path": "symbols/5557.png", "type": "IMAGE"}, {"path": "symbols/5556.png", "type": "IMAGE"}, {"path": "symbols/5555.png", "type": "IMAGE"}, {"path": "symbols/5554.png", "type": "IMAGE"}, {"path": "symbols/5553.png", "type": "IMAGE"}, {"path": "symbols/5552.png", "type": "IMAGE"}, {"path": "symbols/5551.png", "type": "IMAGE"}, {"path": "symbols/5550.png", "type": "IMAGE"}, {"path": "symbols/5549.png", "type": "IMAGE"}, {"path": "symbols/5548.png", "type": "IMAGE"}, {"path": "symbols/5547.png", "type": "IMAGE"}, {"path": "symbols/5546.png", "type": "IMAGE"}, {"path": "symbols/5532.png", "type": "IMAGE"}, {"path": "symbols/5531.png", "type": "IMAGE"}, {"path": "symbols/5530.png", "type": "IMAGE"}, {"path": "symbols/5529.png", "type": "IMAGE"}, {"path": "symbols/5528.png", "type": "IMAGE"}, {"path": "symbols/5527.png", "type": "IMAGE"}, {"path": "symbols/5526.png", "type": "IMAGE"}, {"path": "symbols/5525.png", "type": "IMAGE"}, {"path": "symbols/5524.png", "type": "IMAGE"}, {"path": "symbols/5523.png", "type": "IMAGE"}, {"path": "symbols/5522.png", "type": "IMAGE"}, {"path": "symbols/5521.png", "type": "IMAGE"}, {"path": "symbols/5520.png", "type": "IMAGE"}, {"path": "symbols/5519.png", "type": "IMAGE"}, {"path": "symbols/5518.png", "type": "IMAGE"}, {"path": "symbols/5517.png", "type": "IMAGE"}, {"path": "symbols/5516.png", "type": "IMAGE"}, {"path": "symbols/5515.png", "type": "IMAGE"}, {"path": "symbols/5514.png", "type": "IMAGE"}, {"path": "symbols/5513.png", "type": "IMAGE"}, {"path": "symbols/5512.png", "type": "IMAGE"}, {"path": "symbols/5511.png", "type": "IMAGE"}, {"path": "symbols/5510.png", "type": "IMAGE"}, {"path": "symbols/5509.png", "type": "IMAGE"}, {"path": "symbols/5508.png", "type": "IMAGE"}, {"path": "symbols/5507.png", "type": "IMAGE"}, {"path": "symbols/5506.png", "type": "IMAGE"}, {"path": "symbols/5505.png", "type": "IMAGE"}, {"path": "symbols/5504.png", "type": "IMAGE"}, {"path": "symbols/5503.png", "type": "IMAGE"}, {"path": "symbols/5502.png", "type": "IMAGE"}, {"path": "symbols/5501.png", "type": "IMAGE"}, {"path": "symbols/5500.png", "type": "IMAGE"}, {"path": "symbols/5499.png", "type": "IMAGE"}, {"path": "symbols/5498.png", "type": "IMAGE"}, {"path": "symbols/5497.png", "type": "IMAGE"}, {"path": "symbols/5496.png", "type": "IMAGE"}, {"path": "symbols/5495.png", "type": "IMAGE"}, {"path": "symbols/5494.png", "type": "IMAGE"}, {"path": "symbols/5493.png", "type": "IMAGE"}, {"path": "symbols/5492.png", "type": "IMAGE"}, {"path": "symbols/5491.png", "type": "IMAGE"}, {"path": "symbols/5490.png", "type": "IMAGE"}, {"path": "symbols/5489.png", "type": "IMAGE"}, {"path": "symbols/5488.png", "type": "IMAGE"}, {"path": "symbols/5487.png", "type": "IMAGE"}, {"path": "symbols/5486.png", "type": "IMAGE"}, {"path": "symbols/5485.png", "type": "IMAGE"}, {"path": "symbols/5484.png", "type": "IMAGE"}, {"path": "symbols/5483.png", "type": "IMAGE"}, {"path": "symbols/5482.png", "type": "IMAGE"}, {"path": "symbols/5481.png", "type": "IMAGE"}, {"path": "symbols/5480.png", "type": "IMAGE"}, {"path": "symbols/5479.png", "type": "IMAGE"}, {"path": "symbols/5478.png", "type": "IMAGE"}, {"path": "symbols/5477.png", "type": "IMAGE"}, {"path": "symbols/5476.png", "type": "IMAGE"}, {"path": "symbols/5475.png", "type": "IMAGE"}, {"path": "symbols/5474.png", "type": "IMAGE"}, {"path": "symbols/5473.png", "type": "IMAGE"}, {"path": "symbols/5472.png", "type": "IMAGE"}, {"path": "symbols/5471.png", "type": "IMAGE"}, {"path": "symbols/5470.png", "type": "IMAGE"}, {"path": "symbols/5469.png", "type": "IMAGE"}, {"path": "symbols/5468.png", "type": "IMAGE"}, {"path": "symbols/5467.png", "type": "IMAGE"}, {"path": "symbols/5466.png", "type": "IMAGE"}, {"path": "symbols/5465.png", "type": "IMAGE"}, {"path": "symbols/5464.png", "type": "IMAGE"}, {"path": "symbols/5463.png", "type": "IMAGE"}, {"path": "symbols/5462.png", "type": "IMAGE"}, {"path": "symbols/5461.png", "type": "IMAGE"}, {"path": "symbols/5460.png", "type": "IMAGE"}, {"path": "symbols/5459.png", "type": "IMAGE"}, {"path": "symbols/5458.png", "type": "IMAGE"}, {"path": "symbols/5457.png", "type": "IMAGE"}, {"path": "symbols/5456.png", "type": "IMAGE"}, {"path": "symbols/5455.png", "type": "IMAGE"}, {"path": "symbols/5454.png", "type": "IMAGE"}, {"path": "symbols/5453.png", "type": "IMAGE"}, {"path": "symbols/5452.png", "type": "IMAGE"}, {"path": "symbols/5451.png", "type": "IMAGE"}, {"path": "symbols/5450.png", "type": "IMAGE"}, {"path": "symbols/5449.png", "type": "IMAGE"}, {"path": "symbols/5448.png", "type": "IMAGE"}, {"path": "symbols/5447.png", "type": "IMAGE"}, {"path": "symbols/5446.png", "type": "IMAGE"}, {"path": "symbols/5445.png", "type": "IMAGE"}, {"path": "symbols/5444.png", "type": "IMAGE"}, {"path": "symbols/5443.png", "type": "IMAGE"}, {"path": "symbols/5442.png", "type": "IMAGE"}, {"path": "symbols/5441.png", "type": "IMAGE"}, {"path": "symbols/5440.png", "type": "IMAGE"}, {"path": "symbols/5439.png", "type": "IMAGE"}, {"path": "symbols/5438.png", "type": "IMAGE"}, {"path": "symbols/5437.png", "type": "IMAGE"}, {"path": "symbols/5436.png", "type": "IMAGE"}, {"path": "symbols/5435.jpg", "type": "IMAGE"}, {"path": "symbols/5434.jpg", "type": "IMAGE"}, {"path": "symbols/5433.png", "type": "IMAGE"}, {"path": "symbols/5432.png", "type": "IMAGE"}, {"path": "symbols/5431.png", "type": "IMAGE"}, {"path": "symbols/5430.png", "type": "IMAGE"}, {"path": "symbols/5429.png", "type": "IMAGE"}, {"path": "symbols/5428.png", "type": "IMAGE"}, {"path": "symbols/5427.png", "type": "IMAGE"}, {"path": "symbols/5426.png", "type": "IMAGE"}, {"path": "symbols/5425.png", "type": "IMAGE"}, {"path": "symbols/5424.png", "type": "IMAGE"}, {"path": "symbols/5423.png", "type": "IMAGE"}, {"path": "symbols/5422.png", "type": "IMAGE"}, {"path": "symbols/5421.png", "type": "IMAGE"}, {"path": "symbols/5420.png", "type": "IMAGE"}, {"path": "symbols/5419.png", "type": "IMAGE"}, {"path": "symbols/5418.png", "type": "IMAGE"}, {"path": "symbols/5417.png", "type": "IMAGE"}, {"path": "symbols/5416.png", "type": "IMAGE"}, {"path": "symbols/5415.png", "type": "IMAGE"}, {"path": "symbols/5414.png", "type": "IMAGE"}, {"path": "symbols/5413.png", "type": "IMAGE"}, {"path": "symbols/5412.png", "type": "IMAGE"}, {"path": "symbols/5411.png", "type": "IMAGE"}, {"path": "symbols/5410.png", "type": "IMAGE"}, {"path": "symbols/5409.png", "type": "IMAGE"}, {"path": "symbols/5408.png", "type": "IMAGE"}, {"path": "symbols/5407.png", "type": "IMAGE"}, {"path": "symbols/5406.png", "type": "IMAGE"}, {"path": "symbols/5405.png", "type": "IMAGE"}, {"path": "symbols/5404.png", "type": "IMAGE"}, {"path": "symbols/5403.png", "type": "IMAGE"}, {"path": "symbols/5402.png", "type": "IMAGE"}, {"path": "symbols/5401.png", "type": "IMAGE"}, {"path": "symbols/5400.png", "type": "IMAGE"}, {"path": "symbols/5399.png", "type": "IMAGE"}, {"path": "symbols/5398.png", "type": "IMAGE"}, {"path": "symbols/5397.png", "type": "IMAGE"}, {"path": "symbols/5396.png", "type": "IMAGE"}, {"path": "symbols/5395.png", "type": "IMAGE"}, {"path": "symbols/5394.png", "type": "IMAGE"}, {"path": "symbols/5393.png", "type": "IMAGE"}, {"path": "symbols/5392.png", "type": "IMAGE"}, {"path": "symbols/5391.png", "type": "IMAGE"}, {"path": "symbols/5390.png", "type": "IMAGE"}, {"path": "symbols/5389.png", "type": "IMAGE"}, {"path": "symbols/5388.png", "type": "IMAGE"}, {"path": "symbols/5387.png", "type": "IMAGE"}, {"path": "symbols/5386.png", "type": "IMAGE"}, {"path": "symbols/5385.png", "type": "IMAGE"}, {"path": "symbols/5384.png", "type": "IMAGE"}, {"path": "symbols/5383.png", "type": "IMAGE"}, {"path": "symbols/5382.png", "type": "IMAGE"}, {"path": "symbols/5381.png", "type": "IMAGE"}, {"path": "symbols/5380.png", "type": "IMAGE"}, {"path": "symbols/5379.png", "type": "IMAGE"}, {"path": "symbols/5378.png", "type": "IMAGE"}, {"path": "symbols/5377.png", "type": "IMAGE"}, {"path": "symbols/5376.png", "type": "IMAGE"}, {"path": "symbols/5375.png", "type": "IMAGE"}, {"path": "symbols/5374.png", "type": "IMAGE"}, {"path": "symbols/5373.png", "type": "IMAGE"}, {"path": "symbols/5372.png", "type": "IMAGE"}, {"path": "symbols/5371.png", "type": "IMAGE"}, {"path": "symbols/5370.png", "type": "IMAGE"}, {"path": "symbols/5369.png", "type": "IMAGE"}, {"path": "symbols/5368.png", "type": "IMAGE"}, {"path": "symbols/5367.png", "type": "IMAGE"}, {"path": "symbols/5366.png", "type": "IMAGE"}, {"path": "symbols/5365.png", "type": "IMAGE"}, {"path": "symbols/5364.png", "type": "IMAGE"}, {"path": "symbols/5363.png", "type": "IMAGE"}, {"path": "symbols/5362.png", "type": "IMAGE"}, {"path": "symbols/5361.png", "type": "IMAGE"}, {"path": "symbols/5360.png", "type": "IMAGE"}, {"path": "symbols/5359.png", "type": "IMAGE"}, {"path": "symbols/5358.png", "type": "IMAGE"}, {"path": "symbols/5357.png", "type": "IMAGE"}, {"path": "symbols/5356.png", "type": "IMAGE"}, {"path": "symbols/5355.png", "type": "IMAGE"}, {"path": "symbols/5354.png", "type": "IMAGE"}, {"path": "symbols/5353.png", "type": "IMAGE"}, {"path": "symbols/5352.png", "type": "IMAGE"}, {"path": "symbols/5351.png", "type": "IMAGE"}, {"path": "symbols/5350.png", "type": "IMAGE"}, {"path": "symbols/5349.png", "type": "IMAGE"}, {"path": "symbols/5348.png", "type": "IMAGE"}, {"path": "symbols/5347.png", "type": "IMAGE"}, {"path": "symbols/5346.png", "type": "IMAGE"}, {"path": "symbols/5345.png", "type": "IMAGE"}, {"path": "symbols/5344.png", "type": "IMAGE"}, {"path": "symbols/5343.png", "type": "IMAGE"}, {"path": "symbols/5342.png", "type": "IMAGE"}, {"path": "symbols/5341.png", "type": "IMAGE"}, {"path": "symbols/5340.png", "type": "IMAGE"}, {"path": "symbols/5339.png", "type": "IMAGE"}, {"path": "symbols/5338.png", "type": "IMAGE"}, {"path": "symbols/5337.png", "type": "IMAGE"}, {"path": "symbols/5336.png", "type": "IMAGE"}, {"path": "symbols/5335.png", "type": "IMAGE"}, {"path": "symbols/5334.png", "type": "IMAGE"}, {"path": "symbols/5333.png", "type": "IMAGE"}, {"path": "symbols/5332.png", "type": "IMAGE"}, {"path": "symbols/5331.png", "type": "IMAGE"}, {"path": "symbols/5330.png", "type": "IMAGE"}, {"path": "symbols/5329.png", "type": "IMAGE"}, {"path": "symbols/5328.png", "type": "IMAGE"}, {"path": "symbols/5327.png", "type": "IMAGE"}, {"path": "symbols/5326.png", "type": "IMAGE"}, {"path": "symbols/5325.png", "type": "IMAGE"}, {"path": "symbols/5324.png", "type": "IMAGE"}, {"path": "symbols/5323.png", "type": "IMAGE"}, {"path": "symbols/5322.png", "type": "IMAGE"}, {"path": "symbols/5321.png", "type": "IMAGE"}, {"path": "symbols/5320.png", "type": "IMAGE"}, {"path": "symbols/5319.png", "type": "IMAGE"}, {"path": "symbols/5318.png", "type": "IMAGE"}, {"path": "symbols/5317.png", "type": "IMAGE"}, {"path": "symbols/5316.png", "type": "IMAGE"}, {"path": "symbols/5315.png", "type": "IMAGE"}, {"path": "symbols/5314.png", "type": "IMAGE"}, {"path": "symbols/5313.png", "type": "IMAGE"}, {"path": "symbols/5312.png", "type": "IMAGE"}, {"path": "symbols/5311.png", "type": "IMAGE"}, {"path": "symbols/5310.png", "type": "IMAGE"}, {"path": "symbols/5309.png", "type": "IMAGE"}, {"path": "symbols/5308.png", "type": "IMAGE"}, {"path": "symbols/5307.png", "type": "IMAGE"}, {"path": "symbols/5306.png", "type": "IMAGE"}, {"path": "symbols/5305.png", "type": "IMAGE"}, {"path": "symbols/5304.png", "type": "IMAGE"}, {"path": "symbols/5303.png", "type": "IMAGE"}, {"path": "symbols/5302.png", "type": "IMAGE"}, {"path": "symbols/5301.png", "type": "IMAGE"}, {"path": "symbols/5300.png", "type": "IMAGE"}, {"path": "symbols/5299.png", "type": "IMAGE"}, {"path": "symbols/5298.png", "type": "IMAGE"}, {"path": "symbols/5297.png", "type": "IMAGE"}, {"path": "symbols/5296.png", "type": "IMAGE"}, {"path": "symbols/5295.png", "type": "IMAGE"}, {"path": "symbols/5294.png", "type": "IMAGE"}, {"path": "symbols/5293.png", "type": "IMAGE"}, {"path": "symbols/5292.png", "type": "IMAGE"}, {"path": "symbols/5291.png", "type": "IMAGE"}, {"path": "symbols/5290.png", "type": "IMAGE"}, {"path": "symbols/5289.png", "type": "IMAGE"}, {"path": "symbols/5288.png", "type": "IMAGE"}, {"path": "symbols/5287.png", "type": "IMAGE"}, {"path": "symbols/5286.png", "type": "IMAGE"}, {"path": "symbols/5285.png", "type": "IMAGE"}, {"path": "symbols/5284.png", "type": "IMAGE"}, {"path": "symbols/5283.png", "type": "IMAGE"}, {"path": "symbols/5282.png", "type": "IMAGE"}, {"path": "symbols/5281.png", "type": "IMAGE"}, {"path": "symbols/5280.png", "type": "IMAGE"}, {"path": "symbols/5785.png", "type": "IMAGE"}, {"path": "symbols/5786.png", "type": "IMAGE"}, {"path": "symbols/5279.png", "type": "IMAGE"}, {"path": "symbols/5787.png", "type": "IMAGE"}, {"path": "symbols/5278.png", "type": "IMAGE"}, {"path": "symbols/5277.png", "type": "IMAGE"}, {"path": "symbols/5276.png", "type": "IMAGE"}, {"path": "symbols/5275.png", "type": "IMAGE"}, {"path": "symbols/5788.png", "type": "IMAGE"}, {"path": "symbols/5274.png", "type": "IMAGE"}, {"path": "symbols/5789.png", "type": "IMAGE"}, {"path": "symbols/5273.png", "type": "IMAGE"}, {"path": "symbols/5790.png", "type": "IMAGE"}, {"path": "symbols/5791.png", "type": "IMAGE"}, {"path": "symbols/5272.png", "type": "IMAGE"}, {"path": "symbols/5792.png", "type": "IMAGE"}, {"path": "symbols/5271.png", "type": "IMAGE"}, {"path": "symbols/5270.png", "type": "IMAGE"}, {"path": "symbols/5269.png", "type": "IMAGE"}, {"path": "symbols/5268.png", "type": "IMAGE"}, {"path": "symbols/5267.png", "type": "IMAGE"}, {"path": "symbols/5266.png", "type": "IMAGE"}, {"path": "symbols/5265.png", "type": "IMAGE"}, {"path": "symbols/5264.png", "type": "IMAGE"}, {"path": "symbols/5793.png", "type": "IMAGE"}, {"path": "symbols/5263.png", "type": "IMAGE"}, {"path": "symbols/5794.png", "type": "IMAGE"}, {"path": "symbols/5795.png", "type": "IMAGE"}, {"path": "symbols/5796.png", "type": "IMAGE"}, {"path": "symbols/5797.png", "type": "IMAGE"}, {"path": "symbols/5798.png", "type": "IMAGE"}, {"path": "symbols/5262.png", "type": "IMAGE"}, {"path": "symbols/5799.png", "type": "IMAGE"}, {"path": "symbols/5800.png", "type": "IMAGE"}, {"path": "symbols/5261.png", "type": "IMAGE"}, {"path": "symbols/5801.png", "type": "IMAGE"}, {"path": "symbols/5260.png", "type": "IMAGE"}, {"path": "symbols/5259.png", "type": "IMAGE"}, {"path": "symbols/5802.png", "type": "IMAGE"}, {"path": "symbols/5258.png", "type": "IMAGE"}, {"path": "symbols/5803.png", "type": "IMAGE"}, {"path": "symbols/5257.png", "type": "IMAGE"}, {"path": "symbols/5256.png", "type": "IMAGE"}, {"path": "symbols/5255.png", "type": "IMAGE"}, {"path": "symbols/5254.png", "type": "IMAGE"}, {"path": "symbols/5253.png", "type": "IMAGE"}, {"path": "symbols/5252.png", "type": "IMAGE"}, {"path": "symbols/5251.png", "type": "IMAGE"}, {"path": "symbols/5250.png", "type": "IMAGE"}, {"path": "symbols/5249.png", "type": "IMAGE"}, {"path": "symbols/5248.png", "type": "IMAGE"}, {"path": "symbols/5247.png", "type": "IMAGE"}, {"path": "symbols/5246.png", "type": "IMAGE"}, {"path": "symbols/5245.png", "type": "IMAGE"}, {"path": "symbols/5804.png", "type": "IMAGE"}, {"path": "symbols/5805.png", "type": "IMAGE"}, {"path": "symbols/5806.png", "type": "IMAGE"}, {"path": "symbols/5244.png", "type": "IMAGE"}, {"path": "symbols/5807.png", "type": "IMAGE"}, {"path": "symbols/5808.png", "type": "IMAGE"}, {"path": "symbols/5243.png", "type": "IMAGE"}, {"path": "symbols/5809.png", "type": "IMAGE"}, {"path": "symbols/5242.png", "type": "IMAGE"}, {"path": "symbols/5810.png", "type": "IMAGE"}, {"path": "symbols/5241.png", "type": "IMAGE"}, {"path": "symbols/5811.png", "type": "IMAGE"}, {"path": "symbols/5240.png", "type": "IMAGE"}, {"path": "symbols/5812.png", "type": "IMAGE"}, {"path": "symbols/5813.png", "type": "IMAGE"}, {"path": "symbols/5814.png", "type": "IMAGE"}, {"path": "symbols/5815.png", "type": "IMAGE"}, {"path": "symbols/5816.png", "type": "IMAGE"}, {"path": "symbols/5817.png", "type": "IMAGE"}, {"path": "symbols/5818.png", "type": "IMAGE"}, {"path": "symbols/5819.png", "type": "IMAGE"}, {"path": "symbols/5820.png", "type": "IMAGE"}, {"path": "symbols/5821.png", "type": "IMAGE"}, {"path": "symbols/5822.png", "type": "IMAGE"}, {"path": "symbols/5823.png", "type": "IMAGE"}, {"path": "symbols/5824.png", "type": "IMAGE"}, {"path": "symbols/5825.png", "type": "IMAGE"}, {"path": "symbols/5826.png", "type": "IMAGE"}, {"path": "symbols/5827.png", "type": "IMAGE"}, {"path": "symbols/5828.png", "type": "IMAGE"}, {"path": "symbols/5829.png", "type": "IMAGE"}, {"path": "symbols/5830.png", "type": "IMAGE"}, {"path": "symbols/5831.png", "type": "IMAGE"}, {"path": "symbols/5239.png", "type": "IMAGE"}, {"path": "symbols/5832.png", "type": "IMAGE"}, {"path": "symbols/5833.png", "type": "IMAGE"}, {"path": "symbols/5834.png", "type": "IMAGE"}, {"path": "symbols/5835.png", "type": "IMAGE"}, {"path": "symbols/5836.png", "type": "IMAGE"}, {"path": "symbols/5837.png", "type": "IMAGE"}, {"path": "symbols/5838.png", "type": "IMAGE"}, {"path": "symbols/5238.png", "type": "IMAGE"}, {"path": "symbols/5237.png", "type": "IMAGE"}, {"path": "symbols/5236.png", "type": "IMAGE"}, {"path": "symbols/5235.png", "type": "IMAGE"}, {"path": "symbols/5234.png", "type": "IMAGE"}, {"path": "symbols/5233.png", "type": "IMAGE"}, {"path": "symbols/5232.png", "type": "IMAGE"}, {"path": "symbols/5231.png", "type": "IMAGE"}, {"path": "symbols/5230.png", "type": "IMAGE"}, {"path": "symbols/5229.png", "type": "IMAGE"}, {"path": "symbols/5228.png", "type": "IMAGE"}, {"path": "symbols/5227.png", "type": "IMAGE"}, {"path": "symbols/5226.png", "type": "IMAGE"}, {"path": "symbols/5225.png", "type": "IMAGE"}, {"path": "symbols/5224.png", "type": "IMAGE"}, {"path": "symbols/5223.png", "type": "IMAGE"}, {"path": "symbols/5222.png", "type": "IMAGE"}, {"path": "symbols/5221.png", "type": "IMAGE"}, {"path": "symbols/5220.png", "type": "IMAGE"}, {"path": "symbols/5219.png", "type": "IMAGE"}, {"path": "symbols/5218.png", "type": "IMAGE"}, {"path": "symbols/5217.png", "type": "IMAGE"}, {"path": "symbols/5216.png", "type": "IMAGE"}, {"path": "symbols/5215.png", "type": "IMAGE"}, {"path": "symbols/5214.png", "type": "IMAGE"}, {"path": "symbols/5213.png", "type": "IMAGE"}, {"path": "symbols/5212.png", "type": "IMAGE"}, {"path": "symbols/5211.png", "type": "IMAGE"}, {"path": "symbols/5210.png", "type": "IMAGE"}, {"path": "symbols/5209.png", "type": "IMAGE"}, {"path": "symbols/5208.png", "type": "IMAGE"}, {"path": "symbols/5207.png", "type": "IMAGE"}, {"path": "symbols/5206.png", "type": "IMAGE"}, {"path": "symbols/5205.png", "type": "IMAGE"}, {"path": "symbols/5204.png", "type": "IMAGE"}, {"path": "symbols/5203.png", "type": "IMAGE"}, {"path": "symbols/5202.png", "type": "IMAGE"}, {"path": "symbols/5201.png", "type": "IMAGE"}, {"path": "symbols/5200.png", "type": "IMAGE"}, {"path": "symbols/5199.png", "type": "IMAGE"}, {"path": "symbols/5198.png", "type": "IMAGE"}, {"path": "symbols/5197.png", "type": "IMAGE"}, {"path": "symbols/5196.png", "type": "IMAGE"}, {"path": "symbols/5195.png", "type": "IMAGE"}, {"path": "symbols/5194.png", "type": "IMAGE"}, {"path": "symbols/5193.png", "type": "IMAGE"}, {"path": "symbols/5192.png", "type": "IMAGE"}, {"path": "symbols/5191.png", "type": "IMAGE"}, {"path": "symbols/5839.png", "type": "IMAGE"}, {"path": "symbols/5840.png", "type": "IMAGE"}, {"path": "symbols/5841.png", "type": "IMAGE"}, {"path": "symbols/5842.png", "type": "IMAGE"}, {"path": "symbols/5190.png", "type": "IMAGE"}, {"path": "symbols/5189.png", "type": "IMAGE"}, {"path": "symbols/5188.png", "type": "IMAGE"}, {"path": "symbols/5187.png", "type": "IMAGE"}, {"path": "symbols/5186.png", "type": "IMAGE"}, {"path": "symbols/5185.png", "type": "IMAGE"}, {"path": "symbols/5184.png", "type": "IMAGE"}, {"path": "symbols/5183.png", "type": "IMAGE"}, {"path": "symbols/5182.png", "type": "IMAGE"}, {"path": "symbols/5181.png", "type": "IMAGE"}, {"path": "symbols/5180.png", "type": "IMAGE"}, {"path": "symbols/5179.png", "type": "IMAGE"}, {"path": "symbols/5178.png", "type": "IMAGE"}, {"path": "symbols/5177.png", "type": "IMAGE"}, {"path": "symbols/5176.png", "type": "IMAGE"}, {"path": "symbols/5175.png", "type": "IMAGE"}, {"path": "symbols/5174.png", "type": "IMAGE"}, {"path": "symbols/5173.png", "type": "IMAGE"}, {"path": "symbols/5172.png", "type": "IMAGE"}, {"path": "symbols/5171.png", "type": "IMAGE"}, {"path": "symbols/5170.png", "type": "IMAGE"}, {"path": "symbols/5169.png", "type": "IMAGE"}, {"path": "symbols/5168.png", "type": "IMAGE"}, {"path": "symbols/5167.png", "type": "IMAGE"}, {"path": "symbols/5166.png", "type": "IMAGE"}, {"path": "symbols/5165.png", "type": "IMAGE"}, {"path": "symbols/5164.png", "type": "IMAGE"}, {"path": "symbols/5163.png", "type": "IMAGE"}, {"path": "symbols/5162.png", "type": "IMAGE"}, {"path": "symbols/5161.png", "type": "IMAGE"}, {"path": "symbols/5160.jpg", "type": "IMAGE"}, {"path": "symbols/5159.jpg", "type": "IMAGE"}, {"path": "symbols/5158.png", "type": "IMAGE"}, {"path": "symbols/5157.png", "type": "IMAGE"}, {"path": "symbols/5156.png", "type": "IMAGE"}, {"path": "symbols/5155.png", "type": "IMAGE"}, {"path": "symbols/5154.png", "type": "IMAGE"}, {"path": "symbols/5153.png", "type": "IMAGE"}, {"path": "symbols/5152.png", "type": "IMAGE"}, {"path": "symbols/5151.png", "type": "IMAGE"}, {"path": "symbols/5150.png", "type": "IMAGE"}, {"path": "symbols/5149.png", "type": "IMAGE"}, {"path": "symbols/5148.png", "type": "IMAGE"}, {"path": "symbols/5147.png", "type": "IMAGE"}, {"path": "symbols/5146.png", "type": "IMAGE"}, {"path": "symbols/5145.png", "type": "IMAGE"}, {"path": "symbols/5144.jpg", "type": "IMAGE"}, {"path": "symbols/5143.jpg", "type": "IMAGE"}, {"path": "symbols/5142.png", "type": "IMAGE"}, {"path": "symbols/5141.png", "type": "IMAGE"}, {"path": "symbols/5140.png", "type": "IMAGE"}, {"path": "symbols/5139.png", "type": "IMAGE"}, {"path": "symbols/5138.png", "type": "IMAGE"}, {"path": "symbols/5137.png", "type": "IMAGE"}, {"path": "symbols/5136.png", "type": "IMAGE"}, {"path": "symbols/5135.png", "type": "IMAGE"}, {"path": "symbols/5134.png", "type": "IMAGE"}, {"path": "symbols/5133.png", "type": "IMAGE"}, {"path": "symbols/5132.png", "type": "IMAGE"}, {"path": "symbols/5131.png", "type": "IMAGE"}, {"path": "symbols/5130.png", "type": "IMAGE"}, {"path": "symbols/5129.png", "type": "IMAGE"}, {"path": "symbols/5128.png", "type": "IMAGE"}, {"path": "symbols/5127.png", "type": "IMAGE"}, {"path": "symbols/5126.png", "type": "IMAGE"}, {"path": "symbols/5125.png", "type": "IMAGE"}, {"path": "symbols/5124.png", "type": "IMAGE"}, {"path": "symbols/5123.png", "type": "IMAGE"}, {"path": "symbols/5122.png", "type": "IMAGE"}, {"path": "symbols/5121.png", "type": "IMAGE"}, {"path": "symbols/5120.png", "type": "IMAGE"}, {"path": "symbols/5119.png", "type": "IMAGE"}, {"path": "symbols/5118.png", "type": "IMAGE"}, {"path": "symbols/5117.png", "type": "IMAGE"}, {"path": "symbols/5116.png", "type": "IMAGE"}, {"path": "symbols/5115.png", "type": "IMAGE"}, {"path": "symbols/5114.png", "type": "IMAGE"}, {"path": "symbols/5113.png", "type": "IMAGE"}, {"path": "symbols/5112.png", "type": "IMAGE"}, {"path": "symbols/5111.png", "type": "IMAGE"}, {"path": "symbols/5110.png", "type": "IMAGE"}, {"path": "symbols/5109.png", "type": "IMAGE"}, {"path": "symbols/5108.png", "type": "IMAGE"}, {"path": "symbols/5107.png", "type": "IMAGE"}, {"path": "symbols/5106.png", "type": "IMAGE"}, {"path": "symbols/5105.png", "type": "IMAGE"}, {"path": "symbols/5104.png", "type": "IMAGE"}, {"path": "symbols/5103.png", "type": "IMAGE"}, {"path": "symbols/5102.jpg", "type": "IMAGE"}, {"path": "symbols/5101.png", "type": "IMAGE"}, {"path": "symbols/5100.png", "type": "IMAGE"}, {"path": "symbols/5099.png", "type": "IMAGE"}, {"path": "symbols/5098.png", "type": "IMAGE"}, {"path": "symbols/5097.png", "type": "IMAGE"}, {"path": "symbols/5096.png", "type": "IMAGE"}, {"path": "symbols/5095.png", "type": "IMAGE"}, {"path": "symbols/5094.png", "type": "IMAGE"}, {"path": "symbols/5093.png", "type": "IMAGE"}, {"path": "symbols/5092.png", "type": "IMAGE"}, {"path": "symbols/5091.png", "type": "IMAGE"}, {"path": "symbols/5090.png", "type": "IMAGE"}, {"path": "symbols/5089.png", "type": "IMAGE"}, {"path": "symbols/5088.png", "type": "IMAGE"}, {"path": "symbols/5087.png", "type": "IMAGE"}, {"path": "symbols/5086.png", "type": "IMAGE"}, {"path": "symbols/5085.png", "type": "IMAGE"}, {"path": "symbols/5084.png", "type": "IMAGE"}, {"path": "symbols/5083.png", "type": "IMAGE"}, {"path": "symbols/5082.png", "type": "IMAGE"}, {"path": "symbols/5081.png", "type": "IMAGE"}, {"path": "symbols/5080.png", "type": "IMAGE"}, {"path": "symbols/5079.png", "type": "IMAGE"}, {"path": "symbols/5078.jpg", "type": "IMAGE"}, {"path": "symbols/5077.png", "type": "IMAGE"}, {"path": "symbols/5076.png", "type": "IMAGE"}, {"path": "symbols/5075.png", "type": "IMAGE"}, {"path": "symbols/5074.png", "type": "IMAGE"}, {"path": "symbols/5073.png", "type": "IMAGE"}, {"path": "symbols/5072.png", "type": "IMAGE"}, {"path": "symbols/5071.png", "type": "IMAGE"}, {"path": "symbols/5070.png", "type": "IMAGE"}, {"path": "symbols/5069.png", "type": "IMAGE"}, {"path": "symbols/5068.png", "type": "IMAGE"}, {"path": "symbols/5067.png", "type": "IMAGE"}, {"path": "symbols/5066.png", "type": "IMAGE"}, {"path": "symbols/5065.png", "type": "IMAGE"}, {"path": "symbols/5064.png", "type": "IMAGE"}, {"path": "symbols/5063.png", "type": "IMAGE"}, {"path": "symbols/5062.png", "type": "IMAGE"}, {"path": "symbols/5061.png", "type": "IMAGE"}, {"path": "symbols/5060.png", "type": "IMAGE"}, {"path": "symbols/5059.png", "type": "IMAGE"}, {"path": "symbols/5058.png", "type": "IMAGE"}, {"path": "symbols/5057.png", "type": "IMAGE"}, {"path": "symbols/5056.png", "type": "IMAGE"}, {"path": "symbols/5055.png", "type": "IMAGE"}, {"path": "symbols/5054.png", "type": "IMAGE"}, {"path": "symbols/5053.png", "type": "IMAGE"}, {"path": "symbols/5052.png", "type": "IMAGE"}, {"path": "symbols/5051.png", "type": "IMAGE"}, {"path": "symbols/5050.png", "type": "IMAGE"}, {"path": "symbols/5049.png", "type": "IMAGE"}, {"path": "symbols/5048.png", "type": "IMAGE"}, {"path": "symbols/5047.png", "type": "IMAGE"}, {"path": "symbols/5046.png", "type": "IMAGE"}, {"path": "symbols/5045.png", "type": "IMAGE"}, {"path": "symbols/5044.png", "type": "IMAGE"}, {"path": "symbols/5043.png", "type": "IMAGE"}, {"path": "symbols/5042.png", "type": "IMAGE"}, {"path": "symbols/5041.png", "type": "IMAGE"}, {"path": "symbols/5040.png", "type": "IMAGE"}, {"path": "symbols/5039.png", "type": "IMAGE"}, {"path": "symbols/5038.png", "type": "IMAGE"}, {"path": "symbols/5037.png", "type": "IMAGE"}, {"path": "symbols/5036.png", "type": "IMAGE"}, {"path": "symbols/5035.png", "type": "IMAGE"}, {"path": "symbols/5034.png", "type": "IMAGE"}, {"path": "symbols/5033.png", "type": "IMAGE"}, {"path": "symbols/5032.png", "type": "IMAGE"}, {"path": "symbols/5031.png", "type": "IMAGE"}, {"path": "symbols/5030.png", "type": "IMAGE"}, {"path": "symbols/5029.jpg", "type": "IMAGE"}, {"path": "symbols/5028.jpg", "type": "IMAGE"}, {"path": "symbols/5023.png", "type": "IMAGE"}, {"path": "symbols/5022.png", "type": "IMAGE"}, {"path": "symbols/5021.png", "type": "IMAGE"}, {"path": "symbols/5020.png", "type": "IMAGE"}, {"path": "symbols/5019.png", "type": "IMAGE"}, {"path": "symbols/5018.png", "type": "IMAGE"}, {"path": "symbols/5017.png", "type": "IMAGE"}, {"path": "symbols/5016.jpg", "type": "IMAGE"}, {"path": "symbols/5015.jpg", "type": "IMAGE"}, {"path": "symbols/5783.jpg", "type": "IMAGE"}, {"path": "symbols/5782.jpg", "type": "IMAGE"}, {"path": "symbols/5780.png", "type": "IMAGE"}, {"path": "symbols/5779.png", "type": "IMAGE"}, {"path": "symbols/5778.png", "type": "IMAGE"}, {"path": "symbols/5777.png", "type": "IMAGE"}, {"path": "symbols/5775.png", "type": "IMAGE"}, {"path": "symbols/5773.png", "type": "IMAGE"}, {"path": "symbols/5772.png", "type": "IMAGE"}, {"path": "symbols/5768.png", "type": "IMAGE"}, {"path": "symbols/5767.png", "type": "IMAGE"}, {"path": "symbols/5010.png", "type": "IMAGE"}, {"path": "symbols/5008.png", "type": "IMAGE"}, {"path": "symbols/5006.png", "type": "IMAGE"}, {"path": "symbols/5004.png", "type": "IMAGE"}, {"path": "symbols/5001.png", "type": "IMAGE"}, {"path": "symbols/4998.png", "type": "IMAGE"}, {"path": "symbols/4995.png", "type": "IMAGE"}]}