{"root":0,"uuid":"UK77XXaRnnv0wfA7u8Wz","version":0.1,"symbols":[{"type":5,"frames":[{"objects":[{"name":null,"type":0,"depth":1,"symbol":1,"clipDepth":0,"id":4,"matrix":[1,0,0,1,0,0]},{"name":"platoonTitle","type":0,"depth":2,"symbol":3,"clipDepth":0,"id":10,"matrix":[1,0,0,1,4166,249]},{"name":null,"type":0,"depth":3,"symbol":5,"clipDepth":0,"id":13,"matrix":[1,0,0,1,0,0]},{"name":"platoonText","type":0,"depth":4,"symbol":6,"clipDepth":0,"id":16,"matrix":[1,0,0,1,231,842]},{"name":null,"type":0,"depth":5,"symbol":8,"clipDepth":0,"id":19,"matrix":[1,0,0,1,0,0]}]}]},{"selectable":false,"html":false,"password":false,"color":-1,"fontName":"Verdana","rect":[-40,-40,10269,1148],"text":"Pvp Platoons can be repaired simultaneously with Standard and Raiding Parties and receive a XX% repair speed bonus!  These platoons can only be used to attack other player basses or platoons, and you may only have 6 of them at a time.","type":2,"border":false,"leftMargin":0,"fontID":2,"id":6,"wordWrap":true,"leading":0,"indent":0,"multiline":true,"align":"center","rightMargin":0,"fontHeight":220,"input":false},{"type":5,"id":5,"frames":[{"objects":[{"type":0,"depth":0,"symbol":4,"clipDepth":0,"id":0,"visible":true,"matrix":[1,0,0,1,3720,240]}]}]},{"path":"symbols/4.jpg","type":0,"id":4,"alpha":"symbols/4a.png"},{"selectable":false,"html":true,"password":false,"color":-1,"fontName":"Verdana","rect":[123,-40,2634,566],"text":"<p align=\"left\"><font face=\"Verdana\" size=\"20\" color=\"#ffffff\" letterSpacing=\"0.00\" kerning=\"1\">PvP Platoons</font></p>","type":2,"border":false,"leftMargin":0,"fontID":2,"id":3,"wordWrap":false,"leading":0,"indent":0,"multiline":false,"align":"left","rightMargin":0,"fontHeight":400,"input":false},{"type":4,"id":1,"commands":[3,5,1,0,1,8,10570,0,7,10580,0,7,10580,2000,7,0,2000,7,0,0,7,10570,0,5,6,1,446098,1,false,2,1,2,3,8,10570,0,7,10580,0,8,10580,2000,7,0,2000,7,0,0,7,10570,0,7,10570,-10,8,10590,0,7,10590,1990]},{"type":5,"id":8,"frames":[{"objects":[{"type":0,"depth":0,"symbol":7,"clipDepth":0,"id":0,"visible":true,"matrix":[1,0,0,1,0,0]}]}]},{"path":"symbols/7.jpg","type":0,"id":7,"alpha":"symbols/7a.png"}],"frameRate":24}