{"name":null,"assets":[{"path":"symbols/297.png","type":"IMAGE"},{"path":"symbols/299.png","type":"IMAGE"},{"path":"symbols/302.png","type":"IMAGE"},{"path":"symbols/305.png","type":"IMAGE"},{"path":"symbols/308.png","type":"IMAGE"},{"path":"symbols/311.png","type":"IMAGE"},{"path":"symbols/241.png","type":"IMAGE"},{"path":"symbols/256.png","type":"IMAGE"},{"path":"symbols/259.png","type":"IMAGE"},{"path":"symbols/272.png","type":"IMAGE"},{"path":"symbols/271.png","type":"IMAGE"},{"path":"symbols/270.png","type":"IMAGE"},{"path":"symbols/269.png","type":"IMAGE"},{"path":"symbols/268.png","type":"IMAGE"},{"path":"symbols/267.png","type":"IMAGE"},{"path":"symbols/266.png","type":"IMAGE"},{"path":"symbols/265.png","type":"IMAGE"},{"path":"symbols/264.png","type":"IMAGE"},{"path":"symbols/274.png","type":"IMAGE"},{"path":"symbols/193.png","type":"IMAGE"},{"path":"symbols/236.png","type":"IMAGE"},{"path":"symbols/27.png","type":"IMAGE"},{"path":"symbols/225.png","type":"IMAGE"},{"path":"symbols/197.png","type":"IMAGE"},{"path":"symbols/189.png","type":"IMAGE"},{"path":"symbols/158.png","type":"IMAGE"},{"path":"symbols/82.png","type":"IMAGE"},{"path":"symbols/85.png","type":"IMAGE"},{"path":"symbols/165.png","type":"IMAGE"},{"path":"symbols/164.png","type":"IMAGE"},{"path":"symbols/163.png","type":"IMAGE"},{"path":"symbols/162.png","type":"IMAGE"},{"path":"symbols/161.png","type":"IMAGE"},{"path":"symbols/160.png","type":"IMAGE"},{"path":"symbols/100.png","type":"IMAGE"},{"path":"symbols/102.png","type":"IMAGE"},{"path":"symbols/105.png","type":"IMAGE"},{"path":"symbols/108.png","type":"IMAGE"},{"path":"symbols/88.png","type":"IMAGE"},{"path":"symbols/91.png","type":"IMAGE"},{"path":"symbols/116.png","type":"IMAGE"},{"path":"symbols/138.png","type":"IMAGE"},{"path":"symbols/140.png","type":"IMAGE"},{"path":"symbols/143.png","type":"IMAGE"},{"path":"symbols/146.png","type":"IMAGE"},{"path":"symbols/122.png","type":"IMAGE"},{"path":"symbols/124.png","type":"IMAGE"},{"path":"symbols/127.png","type":"IMAGE"},{"path":"symbols/130.png","type":"IMAGE"},{"path":"symbols/71.png","type":"IMAGE"},{"path":"symbols/73.png","type":"IMAGE"},{"path":"symbols/76.png","type":"IMAGE"},{"path":"symbols/79.png","type":"IMAGE"},{"path":"symbols/67.png","type":"IMAGE"},{"path":"symbols/63.jpg","type":"IMAGE"},{"path":"symbols/63a.png","type":"IMAGE"},{"path":"symbols/59.jpg","type":"IMAGE"},{"path":"symbols/59a.png","type":"IMAGE"},{"path":"symbols/55.png","type":"IMAGE"},{"path":"symbols/51.png","type":"IMAGE"},{"path":"symbols/46.png","type":"IMAGE"},{"path":"symbols/19.png","type":"IMAGE"},{"path":"symbols/16.png","type":"IMAGE"},{"path":"symbols/13.png","type":"IMAGE"},{"path":"symbols/5.png","type":"IMAGE"},{"path":"symbols/8.png","type":"IMAGE"},{"path":"symbols/4.png","type":"IMAGE"},{"path":"symbols/3.png","type":"IMAGE"},{"path":"symbols/2.png","type":"IMAGE"},{"path":"symbols/1.png","type":"IMAGE"},{"path":"data.json","type":"TEXT"}],"rootPath":null,"version":3,"libraryArgs":["data.json","SzppF0gU5emP8WYJfWum"],"libraryType":"openfl._internal.formats.animate.AnimateLibrary"}