{"root":0,"uuid":"iLpOUt9ME6aqBFKx6W9n","version":0.1,"symbols":[{"type":5,"frames":[{}]},{"type":5,"className":"TauntTextOnly","baseClassName":null,"id":27,"frames":[{"objects":[{"name":"TXT_taunt","type":0,"depth":1,"symbol":26,"clipDepth":0,"id":0,"filters":[[3,0,1,4,4,6.1484375,1,false,false],[2,4,89.9993809572637,0,1,9,9,0.59765625,1,false,false,false]],"matrix":[1,0,0,1,4519,-358]}]}]},{"selectable":false,"html":true,"password":false,"color":-140527,"fontName":"KoratakiRg-Regular","rect":[-11079,-40,13119,796],"text":"<p align=\"center\"><font face=\"KoratakiRg-Regular\" size=\"26\" color=\"#fddb11\" letterSpacing=\"1.00\" kerning=\"1\">_textOnlyText_</font></p>","type":2,"border":false,"leftMargin":0,"fontID":9,"id":26,"wordWrap":false,"leading":40,"indent":0,"multiline":false,"align":"center","rightMargin":0,"fontHeight":520,"input":false},{"type":5,"className":"BossTaunt.Normal","baseClassName":null,"id":25,"frames":[{"label":"hannibal","objects":[{"name":null,"type":0,"depth":1,"symbol":13,"clipDepth":0,"id":1,"filters":[[3,16763594,1,13.4322204589844,13.4322204589844,1.578125,1,false,false]],"blendMode":"add","colorTransform":[4,4,4,20,4060,4060,4060,0],"matrix":[1,0,0,1,0,0]},{"name":"characterPortrait","type":0,"depth":7,"symbol":6,"clipDepth":0,"id":2,"visible":false,"colorTransform":[20,20,20,0,0,0,0,0],"matrix":[0.230987548828125,0,0,0.230987548828125,1165,1247]},{"name":null,"type":0,"depth":11,"symbol":8,"clipDepth":15,"id":3,"matrix":[1,0,0,1,2415,173]},{"name":"TXT_taunt","type":0,"depth":13,"symbol":23,"clipDepth":0,"id":4,"filters":[[3,0,1,3,3,3,2,false,false],[2,1,74.9996298417554,0,1,2,2,1,1,false,false,false]],"matrix":[0.691253662109375,0,0,0.691253662109375,3243,761]},{"name":"TXT_name","type":0,"depth":14,"symbol":24,"clipDepth":0,"id":5,"filters":[[3,0,1,3,3,3,2,false,false],[2,1,74.9996298417554,0,1,2,2,1,1,false,false,false]],"matrix":[0.691253662109375,0,0,0.691253662109375,3243,361]}]},{"objects":[{"name":null,"type":1,"depth":1,"symbol":13,"clipDepth":0,"id":1,"filters":[[3,16751515,1,10.2841491699219,10.2841491699219,1.19921875,1,false,false]],"colorTransform":[8,8,8,20,3140,3140,3140,0]},{"name":null,"type":1,"depth":11,"symbol":8,"clipDepth":0,"id":3,"colorTransform":[20,20,20,18,0,0,0,0]}]},{"objects":[{"name":null,"type":1,"depth":1,"symbol":13,"clipDepth":0,"id":1,"filters":[[3,16740978,1,7.5557861328125,7.5557861328125,0.87890625,1,false,false]],"colorTransform":[11,11,11,20,2340,2360,2340,0]},{"name":null,"type":1,"depth":11,"symbol":8,"clipDepth":0,"id":3,"colorTransform":[20,20,20,16,0,0,0,0]}]},{"objects":[{"name":null,"type":1,"depth":1,"symbol":13,"clipDepth":0,"id":1,"filters":[[3,16731983,1,5.24713134765625,5.24713134765625,0.609375,1,false,false]],"colorTransform":[13,13,13,20,1680,1680,1680,0]},{"name":null,"type":1,"depth":11,"symbol":8,"clipDepth":0,"id":3,"colorTransform":[20,20,20,13,0,0,0,0]}]},{"objects":[{"name":null,"type":1,"depth":1,"symbol":13,"clipDepth":0,"id":1,"filters":[[3,16724787,1,3.35818481445313,3.35818481445313,0.38671875,1,false,false]],"colorTransform":[16,16,16,20,1120,1140,1120,0]},{"name":null,"type":1,"depth":11,"symbol":8,"clipDepth":0,"id":3,"colorTransform":[20,20,20,11,0,0,0,0]}]},{"objects":[{"name":null,"type":1,"depth":1,"symbol":13,"clipDepth":0,"id":1,"filters":[[3,16719133,1,1.88894653320313,1.88894653320313,0.21875,1,false,false]],"colorTransform":[17,17,17,20,700,700,700,0]},{"name":null,"type":1,"depth":11,"symbol":8,"clipDepth":0,"id":3,"colorTransform":[20,20,20,9,0,0,0,0]}]},{"objects":[{"name":null,"type":1,"depth":1,"symbol":13,"clipDepth":0,"id":1,"filters":[[3,16715021,1,0.839675903320313,0.839675903320313,0.08984375,1,false,false]],"colorTransform":[19,19,19,20,380,400,380,0]},{"name":null,"type":1,"depth":11,"symbol":8,"clipDepth":0,"id":3,"colorTransform":[20,20,20,7,0,0,0,0]}]},{"objects":[{"name":null,"type":1,"depth":1,"symbol":13,"clipDepth":0,"id":1,"filters":[[3,16712708,1,0.210113525390625,0.210113525390625,0.01953125,1,false,false]],"colorTransform":[19,19,19,20,200,220,200,0]},{"name":null,"type":1,"depth":11,"symbol":8,"clipDepth":0,"id":3,"colorTransform":[20,20,20,4,0,0,0,0]}]},{"objects":[{"name":null,"type":1,"depth":1,"symbol":13,"clipDepth":0,"id":1,"filters":[[3,16711680,1,0,0,0,1,false,false]],"blendMode":"normal","colorTransform":[19,19,19,20,140,160,140,0]},{"name":null,"type":0,"depth":3,"symbol":19,"clipDepth":6,"id":29,"matrix":[1,0,0,1,0,0]},{"name":null,"type":0,"depth":4,"symbol":21,"clipDepth":0,"id":30,"matrix":[-0.94073486328125,1,-5.9105224609375,0,203,-423]},{"name":null,"type":1,"depth":11,"symbol":8,"clipDepth":0,"id":3,"colorTransform":[20,20,20,2,0,0,0,0]}]},{"objects":[{"name":null,"type":1,"depth":1,"symbol":13,"clipDepth":0,"id":1,"filters":[[3,16711680,1,0,0,0,1,false,false]],"colorTransform":[20,20,20,20,80,80,80,0]},{"name":null,"type":1,"depth":4,"symbol":21,"clipDepth":0,"id":30,"colorTransform":[20,20,20,19,0,0,0,0],"matrix":[-0.940765380859375,0.996917724609375,-5.41114807128906,0,1540,-392]},{"name":null,"type":1,"depth":11,"symbol":8,"clipDepth":0,"id":3,"colorTransform":[20,20,20,0,0,0,0,0]}]},{"objects":[{"name":null,"type":1,"depth":1,"symbol":13,"clipDepth":0,"id":1,"filters":[[3,16711680,1,0,0,0,1,false,false]],"colorTransform":[20,20,20,20,0,0,0,0]},{"name":null,"type":1,"depth":4,"symbol":21,"clipDepth":0,"id":30,"colorTransform":[20,20,20,17,0,0,0,0],"matrix":[-0.940765380859375,0.996917724609375,-4.94406127929688,0,2793,-369]}]},{"objects":[{"name":null,"type":1,"depth":4,"symbol":21,"clipDepth":0,"id":30,"colorTransform":[20,20,20,16,0,0,0,0],"matrix":[-0.940750122070313,0.996917724609375,-4.50918579101563,0,3961,-348]},{"name":null,"type":1,"depth":7,"symbol":6,"clipDepth":0,"id":2,"visible":true,"matrix":[0.230987548828125,0,0,0.230987548828125,1253,1227]}]},{"objects":[{"name":null,"type":1,"depth":4,"symbol":21,"clipDepth":0,"id":30,"colorTransform":[20,20,20,15,0,0,0,0],"matrix":[-0.940750122070313,0.996917724609375,-4.10658264160156,0,5040,-328]},{"name":null,"type":1,"depth":7,"symbol":6,"clipDepth":0,"id":2,"colorTransform":[20,20,20,10,0,0,0,0],"matrix":[0.637542724609375,0,0,0.637542724609375,711,552]}]},{"objects":[{"name":null,"type":1,"depth":4,"symbol":21,"clipDepth":0,"id":30,"colorTransform":[20,20,20,13,0,0,0,0],"matrix":[-0.94073486328125,0.996917724609375,-3.73609924316406,0,6034,-311]},{"name":null,"type":1,"depth":7,"symbol":6,"clipDepth":0,"id":2,"colorTransform":[20,20,20,20,0,0,0,0],"matrix":[1.04412841796875,0,0,1.04412841796875,170,-122]}]},{"objects":[{"name":null,"type":1,"depth":4,"symbol":21,"clipDepth":0,"id":30,"colorTransform":[20,20,20,12,0,0,0,0],"matrix":[-0.940750122070313,0.996917724609375,-3.39788818359375,0,6941,-294]},{"name":null,"type":1,"depth":7,"symbol":6,"clipDepth":0,"id":2,"matrix":[1.0963134765625,0,0,1.0963134765625,78,-252]}]},{"objects":[{"name":null,"type":1,"depth":4,"symbol":21,"clipDepth":0,"id":30,"colorTransform":[20,20,20,11,0,0,0,0],"matrix":[-0.940750122070313,0.996917724609375,-3.09188842773438,0,7762,-279]},{"name":null,"type":1,"depth":7,"symbol":6,"clipDepth":0,"id":2,"matrix":[1,0,0,1,225,-2]}]},{"objects":[{"name":null,"type":1,"depth":4,"symbol":21,"clipDepth":0,"id":30,"colorTransform":[20,20,20,11,0,0,0,0],"matrix":[-0.94073486328125,0.996917724609375,-2.81808471679688,0,8495,-266]}]},{"objects":[{"name":null,"type":1,"depth":4,"symbol":21,"clipDepth":0,"id":30,"colorTransform":[20,20,20,10,0,0,0,0],"matrix":[-0.940719604492188,0.996917724609375,-2.57646179199219,0,9144,-254]}]},{"objects":[{"name":null,"type":1,"depth":4,"symbol":21,"clipDepth":0,"id":30,"colorTransform":[20,20,20,9,0,0,0,0],"matrix":[-0.94073486328125,0.996917724609375,-2.36714172363281,0,9705,-244]}]},{"objects":[{"name":null,"type":1,"depth":4,"symbol":21,"clipDepth":0,"id":30,"colorTransform":[20,20,20,9,0,0,0,0],"matrix":[-0.940719604492188,0.996917724609375,-2.18992614746094,0,10181,-236]}]},{"objects":[{"name":null,"type":1,"depth":4,"symbol":21,"clipDepth":0,"id":30,"colorTransform":[20,20,20,8,0,0,0,0],"matrix":[-0.94073486328125,0.996917724609375,-2.04499816894531,0,10570,-228]}]},{"objects":[{"name":null,"type":1,"depth":4,"symbol":21,"clipDepth":0,"id":30,"colorTransform":[20,20,20,8,0,0,0,0],"matrix":[-0.94073486328125,0.996917724609375,-1.9322509765625,0,10873,-223]}]},{"objects":[{"name":null,"type":1,"depth":4,"symbol":21,"clipDepth":0,"id":30,"colorTransform":[20,20,20,8,0,0,0,0],"matrix":[-0.94073486328125,0.996917724609375,-1.85171508789063,0,11088,-219]}]},{"objects":[{"name":null,"type":1,"depth":4,"symbol":21,"clipDepth":0,"id":30,"colorTransform":[20,20,20,8,0,0,0,0],"matrix":[-0.940704345703125,0.996917724609375,-1.80337524414063,0,11218,-217]}]},{"objects":[{"name":null,"type":1,"depth":4,"symbol":21,"clipDepth":0,"id":30,"colorTransform":[20,20,20,7,0,0,0,0],"matrix":[-0.94073486328125,1,-1.78733825683594,0,11265,-223]}]},{"scriptSource":"\nthis.stop();"}]},{"selectable":false,"html":true,"password":false,"color":-256,"fontName":"KoratakiRg-Regular","rect":[-119,-40,5988,532],"text":"<p align=\"center\"><font face=\"KoratakiRg-Regular\" size=\"14\" color=\"#ffff00\" letterSpacing=\"1.00\" kerning=\"1\">CHARACTER NAME</font></p>","type":2,"border":false,"leftMargin":0,"fontID":9,"id":24,"wordWrap":true,"leading":120,"indent":0,"multiline":true,"align":"center","rightMargin":0,"fontHeight":280,"input":false},{"selectable":false,"html":true,"password":false,"color":-1,"fontName":"KoratakiRg-Regular","rect":[-119,-40,5988,2788],"text":"<p align=\"center\"><font face=\"KoratakiRg-Regular\" size=\"14\" color=\"#ffffff\" letterSpacing=\"1.00\" kerning=\"1\">THIS IS MY TAUNT!!! THIS IS MY TAUNT!!! THIS IS MY TAUNT!!! THIS IS MY TAUNT!!!</font></p>","type":2,"border":false,"leftMargin":0,"fontID":9,"id":23,"wordWrap":true,"leading":120,"indent":0,"multiline":true,"align":"center","rightMargin":0,"fontHeight":280,"input":false},{"type":5,"className":"BossTaunt.NormalReversed","baseClassName":null,"id":22,"frames":[{"label":"hannibal","objects":[{"name":null,"type":0,"depth":1,"symbol":13,"clipDepth":0,"id":1,"filters":[[3,16763594,1,13.4322204589844,13.4322204589844,1.578125,1,false,false]],"blendMode":"add","colorTransform":[4,4,4,20,4060,4060,4060,0],"matrix":[-1,0,0,1,0,0]},{"name":"characterPortrait","type":0,"depth":7,"symbol":16,"clipDepth":0,"id":2,"colorTransform":[20,20,20,0,0,0,0,0],"matrix":[0.230987548828125,0,0,0.230987548828125,-1155,1327]},{"name":null,"type":0,"depth":11,"symbol":8,"clipDepth":15,"id":3,"matrix":[-1,0,0,1,5239,173]},{"name":"TXT_taunt","type":0,"depth":13,"symbol":17,"clipDepth":0,"id":4,"filters":[[3,0,1,3,3,3,2,false,false],[2,1,74.9996298417554,0,1,2,2,1,1,false,false,false]],"matrix":[0.691253662109375,0,0,0.691253662109375,-7138,821]},{"name":"TXT_name","type":0,"depth":14,"symbol":18,"clipDepth":0,"id":5,"filters":[[3,0,1,3,3,3,2,false,false],[2,1,74.9996298417554,0,1,2,2,1,1,false,false,false]],"matrix":[0.691253662109375,0,0,0.691253662109375,-7137,361]}]},{"objects":[{"name":null,"type":1,"depth":1,"symbol":13,"clipDepth":0,"id":1,"filters":[[3,16751515,1,10.2841491699219,10.2841491699219,1.19921875,1,false,false]],"colorTransform":[8,8,8,20,3140,3140,3140,0]},{"name":null,"type":1,"depth":11,"symbol":8,"clipDepth":0,"id":3,"colorTransform":[20,20,20,18,0,0,0,0],"matrix":[-1,0,0,1,4390,166]}]},{"objects":[{"name":null,"type":1,"depth":1,"symbol":13,"clipDepth":0,"id":1,"filters":[[3,16740978,1,7.5557861328125,7.5557861328125,0.87890625,1,false,false]],"colorTransform":[11,11,11,20,2340,2360,2340,0]},{"name":null,"type":1,"depth":11,"symbol":8,"clipDepth":0,"id":3,"colorTransform":[20,20,20,16,0,0,0,0],"matrix":[-1,0,0,1,3541,160]}]},{"objects":[{"name":null,"type":1,"depth":1,"symbol":13,"clipDepth":0,"id":1,"filters":[[3,16731983,1,5.24713134765625,5.24713134765625,0.609375,1,false,false]],"colorTransform":[13,13,13,20,1680,1680,1680,0]},{"name":null,"type":1,"depth":11,"symbol":8,"clipDepth":0,"id":3,"colorTransform":[20,20,20,13,0,0,0,0],"matrix":[-1,0,0,1,2692,153]}]},{"objects":[{"name":null,"type":1,"depth":1,"symbol":13,"clipDepth":0,"id":1,"filters":[[3,16724787,1,3.35818481445313,3.35818481445313,0.38671875,1,false,false]],"colorTransform":[16,16,16,20,1120,1140,1120,0]},{"name":null,"type":1,"depth":11,"symbol":8,"clipDepth":0,"id":3,"colorTransform":[20,20,20,11,0,0,0,0],"matrix":[-1,0,0,1,1843,146]}]},{"objects":[{"name":null,"type":1,"depth":1,"symbol":13,"clipDepth":0,"id":1,"filters":[[3,16719133,1,1.88894653320313,1.88894653320313,0.21875,1,false,false]],"colorTransform":[17,17,17,20,700,700,700,0]},{"name":null,"type":1,"depth":11,"symbol":8,"clipDepth":0,"id":3,"colorTransform":[20,20,20,9,0,0,0,0],"matrix":[-1,0,0,1,995,140]}]},{"objects":[{"name":null,"type":1,"depth":1,"symbol":13,"clipDepth":0,"id":1,"filters":[[3,16715021,1,0.839675903320313,0.839675903320313,0.08984375,1,false,false]],"colorTransform":[19,19,19,20,380,400,380,0]},{"name":null,"type":1,"depth":11,"symbol":8,"clipDepth":0,"id":3,"colorTransform":[20,20,20,7,0,0,0,0],"matrix":[-1,0,0,1,146,133]}]},{"objects":[{"name":null,"type":1,"depth":1,"symbol":13,"clipDepth":0,"id":1,"filters":[[3,16712708,1,0.210113525390625,0.210113525390625,0.01953125,1,false,false]],"colorTransform":[19,19,19,20,200,220,200,0]},{"name":null,"type":1,"depth":11,"symbol":8,"clipDepth":0,"id":3,"colorTransform":[20,20,20,4,0,0,0,0],"matrix":[-1,0,0,1,-703,126]}]},{"objects":[{"name":null,"type":1,"depth":1,"symbol":13,"clipDepth":0,"id":1,"filters":[[3,16711680,1,0,0,0,1,false,false]],"blendMode":"normal","colorTransform":[19,19,19,20,140,160,140,0]},{"name":null,"type":0,"depth":3,"symbol":19,"clipDepth":6,"id":29,"matrix":[-1,0,0,1,0,0]},{"name":null,"type":0,"depth":4,"symbol":21,"clipDepth":0,"id":30,"matrix":[0.94073486328125,1,5.9105224609375,0,-203,-423]},{"name":null,"type":1,"depth":11,"symbol":8,"clipDepth":0,"id":3,"colorTransform":[20,20,20,2,0,0,0,0],"matrix":[-1,0,0,1,-1552,120]}]},{"objects":[{"name":null,"type":1,"depth":1,"symbol":13,"clipDepth":0,"id":1,"filters":[[3,16711680,1,0,0,0,1,false,false]],"colorTransform":[20,20,20,20,80,80,80,0]},{"name":null,"type":1,"depth":4,"symbol":21,"clipDepth":0,"id":30,"colorTransform":[20,20,20,19,0,0,0,0],"matrix":[0.940765380859375,0.996917724609375,5.41114807128906,0,-1540,-392]},{"name":null,"type":1,"depth":11,"symbol":8,"clipDepth":0,"id":3,"colorTransform":[20,20,20,0,0,0,0,0],"matrix":[-1,0,0,1,-2401,113]}]},{"objects":[{"name":null,"type":1,"depth":1,"symbol":13,"clipDepth":0,"id":1,"filters":[[3,16711680,1,0,0,0,1,false,false]],"colorTransform":[20,20,20,20,0,0,0,0]},{"name":null,"type":1,"depth":4,"symbol":21,"clipDepth":0,"id":30,"colorTransform":[20,20,20,17,0,0,0,0],"matrix":[0.940765380859375,0.996917724609375,4.94406127929688,0,-2793,-369]}]},{"objects":[{"name":null,"type":1,"depth":4,"symbol":21,"clipDepth":0,"id":30,"colorTransform":[20,20,20,16,0,0,0,0],"matrix":[0.940750122070313,0.996917724609375,4.50918579101563,0,-3961,-348]},{"name":null,"type":1,"depth":7,"symbol":16,"clipDepth":0,"id":2,"matrix":[0.230987548828125,0,0,0.230987548828125,-1847,1287]}]},{"objects":[{"name":null,"type":1,"depth":4,"symbol":21,"clipDepth":0,"id":30,"colorTransform":[20,20,20,15,0,0,0,0],"matrix":[0.940750122070313,0.996917724609375,4.10658264160156,0,-5040,-328]},{"name":null,"type":1,"depth":7,"symbol":16,"clipDepth":0,"id":2,"colorTransform":[20,20,20,10,0,0,0,0],"matrix":[0.615478515625,0,0,0.615478515625,-2351,631]}]},{"objects":[{"name":null,"type":1,"depth":4,"symbol":21,"clipDepth":0,"id":30,"colorTransform":[20,20,20,13,0,0,0,0],"matrix":[0.94073486328125,0.996917724609375,3.73609924316406,0,-6034,-311]},{"name":null,"type":1,"depth":7,"symbol":16,"clipDepth":0,"id":2,"colorTransform":[20,20,20,20,0,0,0,0],"matrix":[1,0,0,1,-2855,-22]}]},{"objects":[{"name":null,"type":1,"depth":4,"symbol":21,"clipDepth":0,"id":30,"colorTransform":[20,20,20,12,0,0,0,0],"matrix":[0.940750122070313,0.996917724609375,3.39788818359375,0,-6941,-294]},{"name":null,"type":1,"depth":7,"symbol":16,"clipDepth":0,"id":2,"matrix":[1.0963134765625,0,0,1.0963134765625,-2982,-112]}]},{"objects":[{"name":null,"type":1,"depth":4,"symbol":21,"clipDepth":0,"id":30,"colorTransform":[20,20,20,11,0,0,0,0],"matrix":[0.940750122070313,0.996917724609375,3.09188842773438,0,-7762,-279]},{"name":null,"type":1,"depth":7,"symbol":16,"clipDepth":0,"id":2,"matrix":[1,0,0,1,-2855,-22]}]},{"objects":[{"name":null,"type":1,"depth":4,"symbol":21,"clipDepth":0,"id":30,"colorTransform":[20,20,20,11,0,0,0,0],"matrix":[0.94073486328125,0.996917724609375,2.81808471679688,0,-8495,-266]}]},{"objects":[{"name":null,"type":1,"depth":4,"symbol":21,"clipDepth":0,"id":30,"colorTransform":[20,20,20,10,0,0,0,0],"matrix":[0.940719604492188,0.996917724609375,2.57646179199219,0,-9144,-254]}]},{"objects":[{"name":null,"type":1,"depth":4,"symbol":21,"clipDepth":0,"id":30,"colorTransform":[20,20,20,9,0,0,0,0],"matrix":[0.94073486328125,0.996917724609375,2.36714172363281,0,-9705,-244]}]},{"objects":[{"name":null,"type":1,"depth":4,"symbol":21,"clipDepth":0,"id":30,"colorTransform":[20,20,20,9,0,0,0,0],"matrix":[0.940719604492188,0.996917724609375,2.18992614746094,0,-10181,-236]}]},{"objects":[{"name":null,"type":1,"depth":4,"symbol":21,"clipDepth":0,"id":30,"colorTransform":[20,20,20,8,0,0,0,0],"matrix":[0.94073486328125,0.996917724609375,2.04499816894531,0,-10570,-228]}]},{"objects":[{"name":null,"type":1,"depth":4,"symbol":21,"clipDepth":0,"id":30,"colorTransform":[20,20,20,8,0,0,0,0],"matrix":[0.94073486328125,0.996917724609375,1.9322509765625,0,-10873,-223]}]},{"objects":[{"name":null,"type":1,"depth":4,"symbol":21,"clipDepth":0,"id":30,"colorTransform":[20,20,20,8,0,0,0,0],"matrix":[0.94073486328125,0.996917724609375,1.85171508789063,0,-11088,-219]}]},{"objects":[{"name":null,"type":1,"depth":4,"symbol":21,"clipDepth":0,"id":30,"colorTransform":[20,20,20,8,0,0,0,0],"matrix":[0.940704345703125,0.996917724609375,1.80337524414063,0,-11218,-217]}]},{"objects":[{"name":null,"type":1,"depth":4,"symbol":21,"clipDepth":0,"id":30,"colorTransform":[20,20,20,7,0,0,0,0],"matrix":[0.94073486328125,1,1.78733825683594,0,-11265,-223]}]},{"scriptSource":"\nthis.stop();"}]},{"type":5,"id":21,"frames":[{"objects":[{"name":null,"type":0,"depth":1,"symbol":20,"clipDepth":0,"id":0,"matrix":[1,0,0,1,0,0]}]}]},{"type":4,"id":20,"commands":[3,5,2,0,[16777215,16777215,16777215],[0,1,0],[0,125,255],[0,-0.00762939453125,0.00885009765625,0,1765,145],0,1,0,8,3508,290,7,0,259,7,23,0,7,3530,31,7,3508,290,5]},{"type":4,"id":19,"commands":[3,5,2,0,[2272903,6225871,33118],[1,1,1],[0,124,255],[-0.14892578125,0,0,-0.01788330078125,-250,454],0,1,0,8,7429,2841,7,7429,192,7,7080,192,7,795,192,7,0,892,7,0,42,7,7080,42,7,7609,42,7,7609,2841,7,7429,2841,5,2,0,[2272903,6225871,33118],[1,1,1],[0,124,255],[-0.14892578125,0,0,-0.01788330078125,-226,1474],0,1,0,8,7359,3022,7,7080,3022,7,0,3022,7,0,2042,7,936,2842,7,7080,2842,7,7429,2841,7,7359,3022,5,2,0,[2272903,6225871,33118],[1,1,1],[0,124,255],[-0.14892578125,0,0,-0.01788330078125,-236,1474],0,1,0,8,7429,2841,7,7609,2841,7,7609,3021,7,7429,3022,7,7359,3022,7,7429,2841,5]},{"selectable":false,"html":true,"password":false,"color":-256,"fontName":"KoratakiRg-Regular","rect":[-119,-40,5988,532],"text":"<p align=\"center\"><font face=\"KoratakiRg-Regular\" size=\"14\" color=\"#ffff00\" letterSpacing=\"1.00\" kerning=\"1\">CHARACTER NAME</font></p>","type":2,"border":false,"leftMargin":0,"fontID":9,"id":18,"wordWrap":false,"leading":120,"indent":0,"multiline":false,"align":"center","rightMargin":0,"fontHeight":280,"input":false},{"selectable":false,"html":true,"password":false,"color":-1,"fontName":"KoratakiRg-Regular","rect":[-119,-40,5988,2788],"text":"<p align=\"center\"><font face=\"KoratakiRg-Regular\" size=\"14\" color=\"#ffffff\" letterSpacing=\"1.00\" kerning=\"1\">THIS IS MY TAUNT!!! THIS IS MY TAUNT!!! THIS IS MY TAUNT!!! THIS IS MY TAUNT!!!</font></p>","type":2,"border":false,"leftMargin":0,"fontID":9,"id":17,"wordWrap":true,"leading":120,"indent":0,"multiline":true,"align":"center","rightMargin":0,"fontHeight":280,"input":false},{"type":5,"id":16,"frames":[{"objects":[{"name":null,"type":0,"depth":1,"symbol":15,"clipDepth":0,"id":0,"colorTransform":[20,20,20,14,0,0,0,0],"matrix":[1.1719970703125,0,0,1.1719970703125,98,306]},{"name":null,"type":0,"depth":3,"symbol":5,"clipDepth":0,"id":1,"matrix":[1,0,0,1,300,-320]}]}]},{"type":5,"id":15,"frames":[{"objects":[{"name":null,"type":0,"depth":1,"symbol":14,"clipDepth":0,"id":0,"matrix":[0.736587524414063,0,0,0.736587524414063,0,0]}]}]},{"path":"symbols/14.png","type":0,"className":"maskglow_blue","baseClassName":null,"id":14},{"type":5,"id":13,"frames":[{"objects":[{"name":null,"type":0,"depth":1,"symbol":12,"clipDepth":0,"id":0,"matrix":[1,0,0,1,0,-90]}]}]},{"path":"symbols/12.png","type":0,"className":"Boss_Bubble_Green","baseClassName":null,"id":12},{"type":5,"className":"BossTaunt.Warning","baseClassName":null,"id":11,"frames":[{"label":"hannibal_orange","objects":[{"name":null,"type":0,"depth":1,"symbol":2,"clipDepth":0,"id":1,"matrix":[1,0,0,1,0,0]},{"name":"characterPortrait","type":0,"depth":2,"symbol":6,"clipDepth":0,"id":2,"colorTransform":[20,20,20,0,0,0,0,0],"matrix":[0.230987548828125,0,0,0.230987548828125,1265,1267]},{"name":null,"type":0,"depth":6,"symbol":8,"clipDepth":9,"id":3,"matrix":[1,0,0,1,2415,173]},{"name":"TXT_taunt","type":0,"depth":8,"symbol":10,"clipDepth":0,"id":4,"filters":[[3,0,1,3,3,3,2,false,false],[2,1,74.9996298417554,0,1,2,2,1,1,false,false,false]],"matrix":[0.691253662109375,0,0,0.691253662109375,3163,921]}]},{"objects":[{"name":null,"type":1,"depth":6,"symbol":8,"clipDepth":0,"id":3,"colorTransform":[20,20,20,18,0,0,0,0]}]},{"objects":[{"name":null,"type":1,"depth":6,"symbol":8,"clipDepth":0,"id":3,"colorTransform":[20,20,20,16,0,0,0,0]}]},{"objects":[{"name":null,"type":1,"depth":6,"symbol":8,"clipDepth":0,"id":3,"colorTransform":[20,20,20,13,0,0,0,0]}]},{"objects":[{"name":null,"type":1,"depth":6,"symbol":8,"clipDepth":0,"id":3,"colorTransform":[20,20,20,11,0,0,0,0]}]},{"objects":[{"name":null,"type":1,"depth":6,"symbol":8,"clipDepth":0,"id":3,"colorTransform":[20,20,20,9,0,0,0,0]}]},{"objects":[{"name":null,"type":1,"depth":6,"symbol":8,"clipDepth":0,"id":3,"colorTransform":[20,20,20,7,0,0,0,0]}]},{"objects":[{"name":null,"type":1,"depth":6,"symbol":8,"clipDepth":0,"id":3,"colorTransform":[20,20,20,4,0,0,0,0]}]},{"objects":[{"name":null,"type":1,"depth":6,"symbol":8,"clipDepth":0,"id":3,"colorTransform":[20,20,20,2,0,0,0,0]}]},{"objects":[{"name":null,"type":1,"depth":6,"symbol":8,"clipDepth":0,"id":3,"colorTransform":[20,20,20,0,0,0,0,0]}]},{},{"objects":[{"name":null,"type":1,"depth":2,"symbol":6,"clipDepth":0,"id":2,"matrix":[0.230987548828125,0,0,0.230987548828125,1253,1227]}]},{"objects":[{"name":null,"type":1,"depth":2,"symbol":6,"clipDepth":0,"id":2,"colorTransform":[20,20,20,10,0,0,0,0],"matrix":[0.637542724609375,0,0,0.637542724609375,711,552]}]},{"objects":[{"name":null,"type":1,"depth":2,"symbol":6,"clipDepth":0,"id":2,"colorTransform":[20,20,20,20,0,0,0,0],"matrix":[1.04412841796875,0,0,1.04412841796875,170,-122]}]},{"objects":[{"name":null,"type":1,"depth":2,"symbol":6,"clipDepth":0,"id":2,"matrix":[1.0963134765625,0,0,1.0963134765625,98,-252]}]},{"objects":[{"name":null,"type":1,"depth":2,"symbol":6,"clipDepth":0,"id":2,"matrix":[1,0,0,1,225,-2]}]},{},{},{},{},{},{},{},{},{},{"scriptSource":"\nthis.stop();"}]},{"selectable":false,"html":true,"password":false,"color":-26368,"fontName":"KoratakiRg-Regular","rect":[-40,-40,5793,2583],"text":"<p align=\"center\"><font face=\"KoratakiRg-Regular\" size=\"14\" color=\"#ff9900\" letterSpacing=\"1.00\" kerning=\"1\">THIS IS MY TAUNT!!! THIS IS MY TAUNT!!! THIS IS MY TAUNT!!! THIS IS MY TAUNT!!!</font></p>","type":2,"border":false,"leftMargin":0,"fontID":9,"id":10,"wordWrap":true,"leading":120,"indent":0,"multiline":true,"align":"center","rightMargin":0,"fontHeight":280,"input":false},{"type":5,"id":8,"frames":[{"objects":[{"name":null,"type":0,"depth":1,"symbol":7,"clipDepth":0,"id":0,"matrix":[1,0,0,1,0,0]}]}]},{"type":5,"className":"BossTaunt.Alert","baseClassName":null,"id":36,"frames":[{"label":"hannibal_red","objects":[{"name":null,"type":0,"depth":1,"symbol":13,"clipDepth":0,"id":1,"filters":[[3,16777215,1,13.4322204589844,13.4322204589844,1.578125,1,false,false]],"blendMode":"add","colorTransform":[4,4,4,20,4060,4060,4060,0],"matrix":[1,0,0,1,0,0]},{"name":"characterPortrait","type":0,"depth":7,"symbol":6,"clipDepth":0,"id":2,"visible":false,"colorTransform":[20,20,20,0,0,0,0,0],"matrix":[0.230987548828125,0,0,0.230987548828125,925,1247]},{"name":null,"type":0,"depth":11,"symbol":8,"clipDepth":14,"id":3,"matrix":[1,0,0,1,2415,173]},{"name":"TXT_taunt","type":0,"depth":13,"symbol":32,"clipDepth":0,"id":4,"filters":[[3,0,1,3,3,3,2,false,false],[2,1,74.9996298417554,0,1,2,2,1,1,false,false,false]],"matrix":[0.691253662109375,0,0,0.691253662109375,3163,921]}]},{"objects":[{"name":null,"type":1,"depth":1,"symbol":13,"clipDepth":0,"id":1,"filters":[[3,16777215,1,10.2841491699219,10.2841491699219,1.19921875,1,false,false]],"colorTransform":[8,8,8,20,3140,3140,3140,0]},{"name":null,"type":1,"depth":11,"symbol":8,"clipDepth":0,"id":3,"colorTransform":[20,20,20,18,0,0,0,0]}]},{"objects":[{"name":null,"type":1,"depth":1,"symbol":13,"clipDepth":0,"id":1,"filters":[[3,16777215,1,7.5557861328125,7.5557861328125,0.87890625,1,false,false]],"colorTransform":[11,11,11,20,2340,2360,2340,0]},{"name":null,"type":1,"depth":11,"symbol":8,"clipDepth":0,"id":3,"colorTransform":[20,20,20,16,0,0,0,0]}]},{"objects":[{"name":null,"type":1,"depth":1,"symbol":13,"clipDepth":0,"id":1,"filters":[[3,16777215,1,5.24713134765625,5.24713134765625,0.609375,1,false,false]],"colorTransform":[13,13,13,20,1680,1680,1680,0]},{"name":null,"type":1,"depth":11,"symbol":8,"clipDepth":0,"id":3,"colorTransform":[20,20,20,13,0,0,0,0]}]},{"objects":[{"name":null,"type":1,"depth":1,"symbol":13,"clipDepth":0,"id":1,"filters":[[3,16777215,1,3.35818481445313,3.35818481445313,0.38671875,1,false,false]],"colorTransform":[16,16,16,20,1120,1140,1120,0]},{"name":null,"type":1,"depth":11,"symbol":8,"clipDepth":0,"id":3,"colorTransform":[20,20,20,11,0,0,0,0]}]},{"objects":[{"name":null,"type":1,"depth":1,"symbol":13,"clipDepth":0,"id":1,"filters":[[3,16777215,1,1.88894653320313,1.88894653320313,0.21875,1,false,false]],"colorTransform":[17,17,17,20,700,700,700,0]},{"name":null,"type":1,"depth":11,"symbol":8,"clipDepth":0,"id":3,"colorTransform":[20,20,20,9,0,0,0,0]}]},{"objects":[{"name":null,"type":1,"depth":1,"symbol":13,"clipDepth":0,"id":1,"filters":[[3,16777215,1,0.839675903320313,0.839675903320313,0.08984375,1,false,false]],"colorTransform":[19,19,19,20,380,400,380,0]},{"name":null,"type":1,"depth":11,"symbol":8,"clipDepth":0,"id":3,"colorTransform":[20,20,20,7,0,0,0,0]}]},{"objects":[{"name":null,"type":1,"depth":1,"symbol":13,"clipDepth":0,"id":1,"filters":[[3,16777215,1,0.210113525390625,0.210113525390625,0.01953125,1,false,false]],"colorTransform":[19,19,19,20,200,220,200,0]},{"name":null,"type":1,"depth":11,"symbol":8,"clipDepth":0,"id":3,"colorTransform":[20,20,20,4,0,0,0,0]}]},{"objects":[{"name":null,"type":1,"depth":1,"symbol":13,"clipDepth":0,"id":1,"filters":[[3,16777215,1,0,0,0,1,false,false]],"blendMode":"normal","colorTransform":[19,19,19,20,140,160,140,0]},{"name":null,"type":0,"depth":3,"symbol":19,"clipDepth":6,"id":28,"matrix":[1,0,0,1,0,0]},{"name":null,"type":0,"depth":4,"symbol":21,"clipDepth":0,"id":29,"matrix":[-0.94073486328125,1,-5.9105224609375,0,203,-423]},{"name":null,"type":1,"depth":11,"symbol":8,"clipDepth":0,"id":3,"colorTransform":[20,20,20,2,0,0,0,0]}]},{"objects":[{"name":null,"type":1,"depth":1,"symbol":13,"clipDepth":0,"id":1,"filters":[[3,16777215,1,0,0,0,1,false,false]],"colorTransform":[20,20,20,20,80,80,80,0]},{"name":null,"type":1,"depth":4,"symbol":21,"clipDepth":0,"id":29,"colorTransform":[20,20,20,19,0,0,0,0],"matrix":[-0.940765380859375,0.996917724609375,-5.41114807128906,0,1540,-392]},{"name":null,"type":1,"depth":11,"symbol":8,"clipDepth":0,"id":3,"colorTransform":[20,20,20,0,0,0,0,0]}]},{"objects":[{"name":null,"type":0,"depth":1,"symbol":35,"clipDepth":0,"id":37,"filters":[[3,16777215,1,0,0,0,1,false,false]],"matrix":[1,0,0,1,0,0]},{"name":null,"type":1,"depth":4,"symbol":21,"clipDepth":0,"id":29,"colorTransform":[20,20,20,17,0,0,0,0],"matrix":[-0.940765380859375,0.996917724609375,-4.94406127929688,0,2793,-369]},{"type":2,"id":1}]},{"objects":[{"name":null,"type":1,"depth":4,"symbol":21,"clipDepth":0,"id":29,"colorTransform":[20,20,20,16,0,0,0,0],"matrix":[-0.940750122070313,0.996917724609375,-4.50918579101563,0,3961,-348]},{"name":null,"type":1,"depth":7,"symbol":6,"clipDepth":0,"id":2,"visible":true,"matrix":[0.230987548828125,0,0,0.230987548828125,1273,1227]}]},{"objects":[{"name":null,"type":1,"depth":4,"symbol":21,"clipDepth":0,"id":29,"colorTransform":[20,20,20,15,0,0,0,0],"matrix":[-0.940750122070313,0.996917724609375,-4.10658264160156,0,5040,-328]},{"name":null,"type":1,"depth":7,"symbol":6,"clipDepth":0,"id":2,"colorTransform":[20,20,20,10,0,0,0,0],"matrix":[0.637542724609375,0,0,0.637542724609375,721,552]}]},{"objects":[{"name":null,"type":1,"depth":4,"symbol":21,"clipDepth":0,"id":29,"colorTransform":[20,20,20,13,0,0,0,0],"matrix":[-0.94073486328125,0.996917724609375,-3.73609924316406,0,6034,-311]},{"name":null,"type":1,"depth":7,"symbol":6,"clipDepth":0,"id":2,"colorTransform":[20,20,20,20,0,0,0,0],"matrix":[1.04412841796875,0,0,1.04412841796875,170,-122]}]},{"objects":[{"name":null,"type":1,"depth":4,"symbol":21,"clipDepth":0,"id":29,"colorTransform":[20,20,20,12,0,0,0,0],"matrix":[-0.940750122070313,0.996917724609375,-3.39788818359375,0,6941,-294]},{"name":null,"type":1,"depth":7,"symbol":6,"clipDepth":0,"id":2,"matrix":[1.0963134765625,0,0,1.0963134765625,98,-252]}]},{"objects":[{"name":null,"type":1,"depth":4,"symbol":21,"clipDepth":0,"id":29,"colorTransform":[20,20,20,11,0,0,0,0],"matrix":[-0.940750122070313,0.996917724609375,-3.09188842773438,0,7762,-279]},{"name":null,"type":1,"depth":7,"symbol":6,"clipDepth":0,"id":2,"matrix":[1,0,0,1,225,-2]}]},{"objects":[{"name":null,"type":1,"depth":4,"symbol":21,"clipDepth":0,"id":29,"colorTransform":[20,20,20,11,0,0,0,0],"matrix":[-0.94073486328125,0.996917724609375,-2.81808471679688,0,8495,-266]}]},{"objects":[{"name":null,"type":1,"depth":4,"symbol":21,"clipDepth":0,"id":29,"colorTransform":[20,20,20,10,0,0,0,0],"matrix":[-0.940719604492188,0.996917724609375,-2.57646179199219,0,9144,-254]}]},{"objects":[{"name":null,"type":1,"depth":4,"symbol":21,"clipDepth":0,"id":29,"colorTransform":[20,20,20,9,0,0,0,0],"matrix":[-0.94073486328125,0.996917724609375,-2.36714172363281,0,9705,-244]}]},{"objects":[{"name":null,"type":1,"depth":4,"symbol":21,"clipDepth":0,"id":29,"colorTransform":[20,20,20,9,0,0,0,0],"matrix":[-0.940719604492188,0.996917724609375,-2.18992614746094,0,10181,-236]}]},{"objects":[{"name":null,"type":1,"depth":4,"symbol":21,"clipDepth":0,"id":29,"colorTransform":[20,20,20,8,0,0,0,0],"matrix":[-0.94073486328125,0.996917724609375,-2.04499816894531,0,10570,-228]}]},{"objects":[{"name":null,"type":1,"depth":4,"symbol":21,"clipDepth":0,"id":29,"colorTransform":[20,20,20,8,0,0,0,0],"matrix":[-0.94073486328125,0.996917724609375,-1.9322509765625,0,10873,-223]}]},{"objects":[{"name":null,"type":1,"depth":4,"symbol":21,"clipDepth":0,"id":29,"colorTransform":[20,20,20,8,0,0,0,0],"matrix":[-0.94073486328125,0.996917724609375,-1.85171508789063,0,11088,-219]}]},{"objects":[{"name":null,"type":1,"depth":4,"symbol":21,"clipDepth":0,"id":29,"colorTransform":[20,20,20,8,0,0,0,0],"matrix":[-0.940704345703125,0.996917724609375,-1.80337524414063,0,11218,-217]}]},{"objects":[{"name":null,"type":1,"depth":4,"symbol":21,"clipDepth":0,"id":29,"colorTransform":[20,20,20,7,0,0,0,0],"matrix":[-0.94073486328125,1,-1.78733825683594,0,11265,-223]}]},{"scriptSource":"\nthis.stop();"}]},{"type":4,"id":7,"commands":[3,5,1,16711680,1,8,-60,0,7,4985,0,7,4985,2672,7,-60,2672,7,650,1943,7,650,702,7,-60,0,5]},{"type":5,"id":35,"frames":[{"objects":[{"name":null,"type":0,"depth":1,"symbol":34,"clipDepth":0,"id":0,"matrix":[1,0,0,1,0,0]}]}]},{"type":5,"id":6,"frames":[{"objects":[{"name":null,"type":0,"depth":1,"cacheAsBitmap":true,"symbol":4,"clipDepth":0,"id":0,"colorTransform":[20,20,20,14,0,0,0,0],"matrix":[1.1719970703125,0,0,1.1719970703125,98,306]},{"name":null,"type":0,"depth":3,"symbol":5,"clipDepth":0,"id":1,"matrix":[1,0,0,1,260,-220]}]}]},{"type":5,"id":34,"frames":[{"objects":[{"type":0,"depth":0,"symbol":33,"clipDepth":0,"id":0,"visible":true,"matrix":[1,0,0,1,0,-90]}]}]},{"path":"symbols/5.png","type":0,"className":"kronos_transparent","baseClassName":null,"id":5},{"path":"symbols/33.png","type":0,"id":33,"smooth":false},{"type":5,"id":4,"frames":[{"objects":[{"name":null,"type":0,"depth":1,"symbol":3,"clipDepth":0,"id":0,"matrix":[0.736587524414063,0,0,0.736587524414063,0,0]}]}]},{"selectable":false,"html":true,"password":false,"color":-378547,"fontName":"KoratakiRg-Regular","rect":[-40,-40,5793,2583],"text":"<p align=\"center\"><font face=\"KoratakiRg-Regular\" size=\"14\" color=\"#fa394d\" letterSpacing=\"1.00\" kerning=\"1\">You can not avoid me forever!</font></p>","type":2,"border":false,"leftMargin":0,"fontID":9,"id":32,"wordWrap":true,"leading":120,"indent":0,"multiline":true,"align":"center","rightMargin":0,"fontHeight":280,"input":false},{"path":"symbols/3.png","type":0,"className":"maskglow_orange_1","baseClassName":null,"id":3},{"type":5,"className":"BossTaunt.Caution","baseClassName":null,"id":31,"frames":[{"label":"hannibal_yellow","objects":[{"name":null,"type":0,"depth":1,"symbol":29,"clipDepth":0,"id":1,"matrix":[1,0,0,1,0,0]},{"name":"characterPortrait","type":0,"depth":2,"symbol":6,"clipDepth":0,"id":2,"visible":false,"colorTransform":[20,20,20,0,0,0,0,0],"matrix":[0.230987548828125,0,0,0.230987548828125,1305,1187]},{"name":null,"type":0,"depth":6,"symbol":8,"clipDepth":9,"id":3,"matrix":[1,0,0,1,2415,173]},{"name":"TXT_taunt","type":0,"depth":8,"symbol":30,"clipDepth":0,"id":4,"filters":[[3,0,1,3,3,3,2,false,false],[2,1,74.9996298417554,0,1,2,2,1,1,false,false,false]],"matrix":[0.691253662109375,0,0,0.691253662109375,3163,921]}]},{"objects":[{"name":null,"type":1,"depth":6,"symbol":8,"clipDepth":0,"id":3,"colorTransform":[20,20,20,18,0,0,0,0]}]},{"objects":[{"name":null,"type":1,"depth":6,"symbol":8,"clipDepth":0,"id":3,"colorTransform":[20,20,20,16,0,0,0,0]}]},{"objects":[{"name":null,"type":1,"depth":6,"symbol":8,"clipDepth":0,"id":3,"colorTransform":[20,20,20,13,0,0,0,0]}]},{"objects":[{"name":null,"type":1,"depth":6,"symbol":8,"clipDepth":0,"id":3,"colorTransform":[20,20,20,11,0,0,0,0]}]},{"objects":[{"name":null,"type":1,"depth":6,"symbol":8,"clipDepth":0,"id":3,"colorTransform":[20,20,20,9,0,0,0,0]}]},{"objects":[{"name":null,"type":1,"depth":6,"symbol":8,"clipDepth":0,"id":3,"colorTransform":[20,20,20,7,0,0,0,0]}]},{"objects":[{"name":null,"type":1,"depth":6,"symbol":8,"clipDepth":0,"id":3,"colorTransform":[20,20,20,4,0,0,0,0]}]},{"objects":[{"name":null,"type":1,"depth":6,"symbol":8,"clipDepth":0,"id":3,"colorTransform":[20,20,20,2,0,0,0,0]}]},{"objects":[{"name":null,"type":1,"depth":6,"symbol":8,"clipDepth":0,"id":3,"colorTransform":[20,20,20,0,0,0,0,0]}]},{},{"objects":[{"name":null,"type":1,"depth":2,"symbol":6,"clipDepth":0,"id":2,"visible":true,"matrix":[0.230987548828125,0,0,0.230987548828125,1253,1227]}]},{"objects":[{"name":null,"type":1,"depth":2,"symbol":6,"clipDepth":0,"id":2,"colorTransform":[20,20,20,10,0,0,0,0],"matrix":[0.637542724609375,0,0,0.637542724609375,711,552]}]},{"objects":[{"name":null,"type":1,"depth":2,"symbol":6,"clipDepth":0,"id":2,"colorTransform":[20,20,20,20,0,0,0,0],"matrix":[1.04412841796875,0,0,1.04412841796875,170,-122]}]},{"objects":[{"name":null,"type":1,"depth":2,"symbol":6,"clipDepth":0,"id":2,"matrix":[1.0963134765625,0,0,1.0963134765625,98,-252]}]},{"objects":[{"name":null,"type":1,"depth":2,"symbol":6,"clipDepth":0,"id":2,"matrix":[1,0,0,1,225,-2]}]},{},{},{},{},{},{},{},{},{},{"scriptSource":"\nthis.stop();"}]},{"selectable":false,"html":true,"password":false,"color":-987094,"fontName":"KoratakiRg-Regular","rect":[-40,-40,5793,2583],"text":"<p align=\"center\"><font face=\"KoratakiRg-Regular\" size=\"14\" color=\"#f0f02a\" letterSpacing=\"1.00\" kerning=\"1\">THIS IS MY TAUNT!!! THIS IS MY TAUNT!!! THIS IS MY TAUNT!!! THIS IS MY TAUNT!!!</font></p>","type":2,"border":false,"leftMargin":0,"fontID":9,"id":30,"wordWrap":true,"leading":120,"indent":0,"multiline":true,"align":"center","rightMargin":0,"fontHeight":280,"input":false},{"type":5,"id":2,"frames":[{"objects":[{"type":0,"depth":0,"symbol":1,"clipDepth":0,"id":0,"visible":true,"matrix":[1,0,0,1,0,-72]}]}]},{"type":5,"id":29,"frames":[{"objects":[{"type":0,"depth":0,"symbol":28,"clipDepth":0,"id":0,"visible":true,"matrix":[1,0,0,1,0,-72]}]}]},{"path":"symbols/1.png","type":0,"id":1,"smooth":false},{"path":"symbols/28.png","type":0,"id":28,"smooth":false}],"frameRate":40}