{"root":0,"uuid":"tYTqucyRBJJyaGVetDGS","version":0.1,"symbols":[{"type":5,"frames":[{"objects":[{"name":null,"type":0,"depth":1,"symbol":54,"clipDepth":0,"id":57,"matrix":[1,0,0,1,-40,628]},{"name":null,"type":0,"depth":2,"symbol":55,"clipDepth":0,"id":59,"matrix":[1,0,0,1,1560,628]},{"name":null,"type":0,"depth":3,"symbol":56,"clipDepth":0,"id":61,"matrix":[1,0,0,1,3160,628]},{"name":null,"type":0,"depth":4,"symbol":57,"clipDepth":0,"id":63,"matrix":[1,0,0,1,0,2730]},{"name":null,"type":0,"depth":5,"symbol":58,"clipDepth":0,"id":65,"matrix":[1,0,0,1,1900,2730]},{"name":null,"type":0,"depth":6,"symbol":59,"clipDepth":0,"id":67,"matrix":[1,0,0,1,3800,2730]},{"name":null,"type":0,"depth":7,"symbol":60,"clipDepth":0,"id":69,"matrix":[1,0,0,1,5700,2730]},{"name":null,"type":0,"depth":8,"symbol":61,"clipDepth":0,"id":71,"matrix":[1,0,0,1,7600,2730]},{"name":null,"type":0,"depth":9,"symbol":62,"clipDepth":0,"id":73,"matrix":[1,0,0,1,9500,2730]},{"name":null,"type":0,"depth":10,"symbol":63,"clipDepth":0,"id":75,"matrix":[1,0,0,1,0,4470]},{"name":null,"type":0,"depth":11,"symbol":64,"clipDepth":0,"id":77,"matrix":[1,0,0,1,1900,4470]},{"name":null,"type":0,"depth":12,"symbol":65,"clipDepth":0,"id":79,"matrix":[1,0,0,1,3800,4470]},{"name":null,"type":0,"depth":13,"symbol":66,"clipDepth":0,"id":81,"matrix":[1,0,0,1,5700,4470]},{"name":null,"type":0,"depth":14,"symbol":67,"clipDepth":0,"id":83,"matrix":[1,0,0,1,7600,4470]},{"name":null,"type":0,"depth":15,"symbol":68,"clipDepth":0,"id":85,"matrix":[1,0,0,1,9500,4470]},{"name":null,"type":0,"depth":16,"symbol":69,"clipDepth":0,"id":87,"matrix":[1,0,0,1,0,5990]},{"name":null,"type":0,"depth":17,"symbol":70,"clipDepth":0,"id":89,"matrix":[1,0,0,1,1900,5990]},{"name":null,"type":0,"depth":18,"symbol":71,"clipDepth":0,"id":91,"matrix":[1,0,0,1,3800,5990]},{"name":null,"type":0,"depth":19,"symbol":72,"clipDepth":0,"id":93,"matrix":[1,0,0,1,5700,5990]},{"name":null,"type":0,"depth":20,"symbol":73,"clipDepth":0,"id":95,"matrix":[1,0,0,1,7600,5990]},{"name":null,"type":0,"depth":21,"symbol":74,"clipDepth":0,"id":97,"matrix":[1,0,0,1,9500,5990]},{"name":null,"type":0,"depth":22,"symbol":75,"clipDepth":0,"id":99,"matrix":[1,0,0,1,0,7689]},{"name":null,"type":0,"depth":23,"symbol":76,"clipDepth":0,"id":101,"matrix":[1,0,0,1,1900,7689]},{"name":null,"type":0,"depth":24,"symbol":77,"clipDepth":0,"id":103,"matrix":[1,0,0,1,3800,7689]},{"name":null,"type":0,"depth":25,"symbol":78,"clipDepth":0,"id":105,"matrix":[1,0,0,1,5700,7689]},{"name":null,"type":0,"depth":26,"symbol":79,"clipDepth":0,"id":107,"matrix":[1,0,0,1,7600,7689]},{"name":null,"type":0,"depth":27,"symbol":80,"clipDepth":0,"id":109,"matrix":[1,0,0,1,9500,7689]},{"name":null,"type":0,"depth":28,"symbol":81,"clipDepth":0,"id":111,"matrix":[1,0,0,1,0,9089]},{"name":null,"type":0,"depth":29,"symbol":82,"clipDepth":0,"id":113,"matrix":[1,0,0,1,1900,9089]},{"name":null,"type":0,"depth":30,"symbol":83,"clipDepth":0,"id":115,"matrix":[1,0,0,1,3800,9089]},{"name":null,"type":0,"depth":31,"symbol":84,"clipDepth":0,"id":117,"matrix":[1,0,0,1,5700,9089]},{"name":null,"type":0,"depth":32,"symbol":85,"clipDepth":0,"id":119,"matrix":[1,0,0,1,7600,9089]},{"name":null,"type":0,"depth":33,"symbol":86,"clipDepth":0,"id":121,"matrix":[1,0,0,1,9500,9089]},{"name":null,"type":0,"depth":34,"symbol":87,"clipDepth":0,"id":123,"matrix":[1,0,0,1,0,10769]},{"name":null,"type":0,"depth":35,"symbol":88,"clipDepth":0,"id":125,"matrix":[1,0,0,1,1900,10769]},{"name":null,"type":0,"depth":36,"symbol":89,"clipDepth":0,"id":127,"matrix":[1,0,0,1,3800,10769]},{"name":null,"type":0,"depth":37,"symbol":90,"clipDepth":0,"id":129,"matrix":[1,0,0,1,5700,10769]},{"name":null,"type":0,"depth":38,"symbol":91,"clipDepth":0,"id":131,"matrix":[1,0,0,1,7600,10769]},{"name":null,"type":0,"depth":39,"symbol":92,"clipDepth":0,"id":133,"matrix":[1,0,0,1,9500,10769]},{"name":null,"type":0,"depth":40,"symbol":93,"clipDepth":0,"id":135,"matrix":[1,0,0,1,0,12329]},{"name":null,"type":0,"depth":41,"symbol":94,"clipDepth":0,"id":137,"matrix":[1,0,0,1,1900,12329]},{"name":null,"type":0,"depth":42,"symbol":95,"clipDepth":0,"id":139,"matrix":[1,0,0,1,3800,12329]},{"name":null,"type":0,"depth":43,"symbol":96,"clipDepth":0,"id":141,"matrix":[1,0,0,1,5700,12329]},{"name":null,"type":0,"depth":44,"symbol":97,"clipDepth":0,"id":143,"matrix":[1,0,0,1,7600,12329]},{"name":null,"type":0,"depth":45,"symbol":98,"clipDepth":0,"id":145,"matrix":[1,0,0,1,9500,12329]},{"name":null,"type":0,"depth":46,"symbol":99,"clipDepth":0,"id":147,"matrix":[1,0,0,1,0,13749]},{"name":null,"type":0,"depth":47,"symbol":100,"clipDepth":0,"id":149,"matrix":[1,0,0,1,1900,13749]},{"name":null,"type":0,"depth":48,"symbol":101,"clipDepth":0,"id":151,"matrix":[1,0,0,1,3800,13749]},{"name":null,"type":0,"depth":49,"symbol":102,"clipDepth":0,"id":153,"matrix":[1,0,0,1,5700,13749]},{"name":null,"type":0,"depth":50,"symbol":103,"clipDepth":0,"id":155,"matrix":[1,0,0,1,7600,13749]},{"name":null,"type":0,"depth":51,"symbol":104,"clipDepth":0,"id":157,"matrix":[1,0,0,1,9500,13749]},{"name":null,"type":0,"depth":52,"symbol":105,"clipDepth":0,"id":159,"matrix":[1,0,0,1,1800,15449]},{"name":null,"type":0,"depth":53,"symbol":106,"clipDepth":0,"id":161,"matrix":[1,0,0,1,3715,15449]},{"name":null,"type":0,"depth":54,"symbol":107,"clipDepth":0,"id":163,"matrix":[1,0,0,1,5630,15449]},{"name":null,"type":0,"depth":55,"symbol":108,"clipDepth":0,"id":165,"matrix":[1,0,0,1,7545,15449]},{"name":null,"type":0,"depth":56,"symbol":53,"clipDepth":0,"id":166,"matrix":[1,0,0,1,9460,15449]},{"name":null,"type":0,"depth":57,"symbol":52,"clipDepth":0,"id":167,"matrix":[1,0,0,1,60,15449]},{"name":null,"type":0,"depth":58,"symbol":51,"clipDepth":0,"id":168,"matrix":[1,0,0,1,4940,800]},{"name":null,"type":0,"depth":59,"symbol":50,"clipDepth":0,"id":169,"matrix":[1,0,0,1,60,17099]},{"name":null,"type":0,"depth":60,"symbol":49,"clipDepth":0,"id":170,"matrix":[1,0,0,1,9460,18539]},{"name":null,"type":0,"depth":61,"symbol":48,"clipDepth":0,"id":171,"matrix":[1,0,0,1,7560,18539]},{"name":null,"type":0,"depth":62,"symbol":47,"clipDepth":0,"id":172,"matrix":[1,0,0,1,5660,18539]},{"name":null,"type":0,"depth":63,"symbol":46,"clipDepth":0,"id":173,"matrix":[1,0,0,1,3680,18559]},{"name":null,"type":0,"depth":64,"symbol":45,"clipDepth":0,"id":174,"matrix":[1,0,0,1,1780,18539]},{"name":null,"type":0,"depth":65,"symbol":44,"clipDepth":0,"id":175,"matrix":[1,0,0,1,60,18539]},{"name":null,"type":0,"depth":66,"symbol":43,"clipDepth":0,"id":176,"matrix":[1,0,0,1,9460,17099]},{"name":null,"type":0,"depth":67,"symbol":42,"clipDepth":0,"id":177,"matrix":[1,0,0,1,7560,17099]},{"name":null,"type":0,"depth":68,"symbol":41,"clipDepth":0,"id":178,"matrix":[1,0,0,1,5660,17099]},{"name":null,"type":0,"depth":69,"symbol":40,"clipDepth":0,"id":179,"matrix":[1,0,0,1,3660,17099]},{"name":null,"type":0,"depth":70,"symbol":39,"clipDepth":0,"id":180,"matrix":[1,0,0,1,1740,17099]},{"name":null,"type":0,"depth":71,"symbol":38,"clipDepth":0,"id":181,"matrix":[1,0,0,1,53,20039]},{"name":null,"type":0,"depth":72,"symbol":37,"clipDepth":0,"id":182,"matrix":[1,0,0,1,1800,20039]},{"name":null,"type":0,"depth":73,"symbol":36,"clipDepth":0,"id":183,"matrix":[0.969985961914062,0,0,0.969985961914062,3700,20040]}]}]},{"path":"symbols/55.png","type":0,"className":"defense_glow.png","baseClassName":null,"id":55},{"path":"symbols/54.png","type":0,"className":"offense_glow.png","baseClassName":null,"id":54},{"path":"symbols/53.png","type":0,"className":"buff_reposition.png","baseClassName":null,"id":53},{"path":"symbols/108.png","type":0,"className":"icon53.png","baseClassName":null,"id":108},{"path":"symbols/52.png","type":0,"className":"icon49.png","baseClassName":null,"id":52},{"path":"symbols/107.png","type":0,"className":"icon52.png","baseClassName":null,"id":107},{"path":"symbols/51.png","type":0,"className":"empty_glow.png","baseClassName":null,"id":51},{"path":"symbols/106.png","type":0,"className":"icon51.png","baseClassName":null,"id":106},{"path":"symbols/50.png","type":0,"className":"buff_cryo.png","baseClassName":null,"id":50},{"path":"symbols/105.png","type":0,"className":"icon50.png","baseClassName":null,"id":105},{"path":"symbols/49.png","type":0,"className":"buff_scorpiondefense.png","baseClassName":null,"id":49},{"path":"symbols/104.png","type":0,"className":"icon48.png","baseClassName":null,"id":104},{"path":"symbols/48.png","type":0,"className":"buff_scorpionoffense.png","baseClassName":null,"id":48},{"path":"symbols/103.png","type":0,"className":"icon47.png","baseClassName":null,"id":103},{"path":"symbols/47.png","type":0,"className":"buff_shock.png","baseClassName":null,"id":47},{"path":"symbols/102.png","type":0,"className":"icon46.png","baseClassName":null,"id":102},{"path":"symbols/46.png","type":0,"className":"buff_titandefense.png","baseClassName":null,"id":46},{"path":"symbols/101.png","type":0,"className":"icon45.png","baseClassName":null,"id":101},{"path":"symbols/45.png","type":0,"className":"buff_titandefense2x.png","baseClassName":null,"id":45},{"path":"symbols/100.png","type":0,"className":"icon44.png","baseClassName":null,"id":100},{"path":"symbols/44.png","type":0,"className":"buff_titanoffense.png","baseClassName":null,"id":44},{"path":"symbols/99.png","type":0,"className":"icon43.png","baseClassName":null,"id":99},{"path":"symbols/43.png","type":0,"className":"buff_titanoffense2x.png","baseClassName":null,"id":43},{"path":"symbols/98.png","type":0,"className":"icon42.png","baseClassName":null,"id":98},{"path":"symbols/42.png","type":0,"className":"buff_viper.png","baseClassName":null,"id":42},{"path":"symbols/97.png","type":0,"className":"icon41.png","baseClassName":null,"id":97},{"path":"symbols/41.png","type":0,"className":"buff_widowmaker1.png","baseClassName":null,"id":41},{"path":"symbols/96.png","type":0,"className":"icon40.png","baseClassName":null,"id":96},{"path":"symbols/40.png","type":0,"className":"buff_widowmaker2.png","baseClassName":null,"id":40},{"path":"symbols/95.png","type":0,"className":"icon39.png","baseClassName":null,"id":95},{"path":"symbols/39.png","type":0,"className":"buff_widowmakershield.png","baseClassName":null,"id":39},{"path":"symbols/94.png","type":0,"className":"icon38.png","baseClassName":null,"id":94},{"path":"symbols/38.png","type":0,"className":"buff_specialfriends.png","baseClassName":null,"id":38},{"path":"symbols/93.png","type":0,"className":"icon37.png","baseClassName":null,"id":93},{"path":"symbols/37.png","type":0,"className":"buff_killer_cavalry.png","baseClassName":null,"id":37},{"path":"symbols/92.png","type":0,"className":"icon36.png","baseClassName":null,"id":92},{"path":"symbols/36.jpg","type":0,"className":"buff_caretakeroffense.png","baseClassName":null,"id":36,"alpha":"symbols/36a.png"},{"path":"symbols/91.png","type":0,"className":"icon35.png","baseClassName":null,"id":91},{"path":"symbols/35.png","type":0,"className":"buff_apollodefense4x.png","baseClassName":null,"id":35},{"path":"symbols/90.png","type":0,"className":"icon34.png","baseClassName":null,"id":90},{"path":"symbols/34.png","type":0,"className":"buff_artemisdefense.png","baseClassName":null,"id":34},{"path":"symbols/89.png","type":0,"className":"icon33.png","baseClassName":null,"id":89},{"path":"symbols/33.png","type":0,"className":"buff_dropship_common.png","baseClassName":null,"id":33},{"path":"symbols/88.png","type":0,"className":"icon32.png","baseClassName":null,"id":88},{"path":"symbols/32.png","type":0,"className":"buff_enterdrakon.png","baseClassName":null,"id":32},{"path":"symbols/87.png","type":0,"className":"icon31.png","baseClassName":null,"id":87},{"path":"symbols/31.png","type":0,"className":"buff_fire.png","baseClassName":null,"id":31},{"path":"symbols/86.png","type":0,"className":"icon30.png","baseClassName":null,"id":86},{"path":"symbols/30.png","type":0,"className":"buff_furyoffense.png","baseClassName":null,"id":30},{"path":"symbols/85.png","type":0,"className":"icon29.png","baseClassName":null,"id":85},{"path":"symbols/29.png","type":0,"className":"buff_gasmask.png","baseClassName":null,"id":29},{"path":"symbols/84.png","type":0,"className":"icon28.png","baseClassName":null,"id":84},{"path":"symbols/28.png","type":0,"className":"buff_liberatordefense.png","baseClassName":null,"id":28},{"path":"symbols/83.png","type":0,"className":"icon27.png","baseClassName":null,"id":83},{"path":"symbols/27.png","type":0,"className":"buff_lightson.png","baseClassName":null,"id":27},{"path":"symbols/82.png","type":0,"className":"icon26.png","baseClassName":null,"id":82},{"path":"symbols/26.png","type":0,"className":"buff_scrooge.png","baseClassName":null,"id":26},{"path":"symbols/81.png","type":0,"className":"icon25.png","baseClassName":null,"id":81},{"path":"symbols/25.png","type":0,"className":"buff_seekerdefense.png","baseClassName":null,"id":25},{"path":"symbols/80.png","type":0,"className":"icon24.png","baseClassName":null,"id":80},{"path":"symbols/24.png","type":0,"className":"buff_technicaldrift.png","baseClassName":null,"id":24},{"path":"symbols/79.png","type":0,"className":"icon23.png","baseClassName":null,"id":79},{"path":"symbols/23.png","type":0,"className":"buff_titanoffense2x_uncommon.png","baseClassName":null,"id":23},{"path":"symbols/78.png","type":0,"className":"icon22.png","baseClassName":null,"id":78},{"path":"symbols/22.png","type":0,"className":"buff_valiantdefense.png","baseClassName":null,"id":22},{"path":"symbols/77.png","type":0,"className":"icon21.png","baseClassName":null,"id":77},{"path":"symbols/21.png","type":0,"className":"buff_warrigoffense.png","baseClassName":null,"id":21},{"path":"symbols/76.png","type":0,"className":"icon20.png","baseClassName":null,"id":76},{"path":"symbols/20.jpg","type":0,"className":"buff_corpus_defense_hud","baseClassName":null,"id":20,"alpha":"symbols/20a.png"},{"path":"symbols/75.png","type":0,"className":"icon19.png","baseClassName":null,"id":75},{"path":"symbols/19.jpg","type":0,"className":"buff_corpus_offense_hud","baseClassName":null,"id":19,"alpha":"symbols/19a.png"},{"path":"symbols/74.png","type":0,"className":"icon18.png","baseClassName":null,"id":74},{"path":"symbols/18.jpg","type":0,"className":"buff_corpus_utility_hud","baseClassName":null,"id":18,"alpha":"symbols/18a.png"},{"path":"symbols/73.png","type":0,"className":"icon17.png","baseClassName":null,"id":73},{"path":"symbols/17.jpg","type":0,"className":"buff_dropship.png","baseClassName":null,"id":17,"alpha":"symbols/17a.png"},{"path":"symbols/72.png","type":0,"className":"icon16.png","baseClassName":null,"id":72},{"path":"symbols/16.jpg","type":0,"className":"buff_equinox_defense_hud","baseClassName":null,"id":16,"alpha":"symbols/16a.png"},{"path":"symbols/71.png","type":0,"className":"icon15.png","baseClassName":null,"id":71},{"path":"symbols/15.jpg","type":0,"className":"buff_equinox_offense_hud","baseClassName":null,"id":15,"alpha":"symbols/15a.png"},{"path":"symbols/70.png","type":0,"className":"icon14.png","baseClassName":null,"id":70},{"path":"symbols/14.jpg","type":0,"className":"buff_equinox_utility_hud","baseClassName":null,"id":14,"alpha":"symbols/14a.png"},{"path":"symbols/69.png","type":0,"className":"icon13.png","baseClassName":null,"id":69},{"path":"symbols/13.jpg","type":0,"className":"icon54.png","baseClassName":null,"id":13,"alpha":"symbols/13a.png"},{"path":"symbols/68.png","type":0,"className":"icon12.png","baseClassName":null,"id":68},{"path":"symbols/12.jpg","type":0,"className":"buff_legendary_defense_hud","baseClassName":null,"id":12,"alpha":"symbols/12a.png"},{"path":"symbols/67.png","type":0,"className":"icon11.png","baseClassName":null,"id":67},{"path":"symbols/11.jpg","type":0,"className":"buff_legendary_offense_hud","baseClassName":null,"id":11,"alpha":"symbols/11a.png"},{"path":"symbols/66.png","type":0,"className":"icon10.png","baseClassName":null,"id":66},{"path":"symbols/10.jpg","type":0,"className":"buff_legendary_utility_hud","baseClassName":null,"id":10,"alpha":"symbols/10a.png"},{"path":"symbols/65.png","type":0,"className":"icon9.png","baseClassName":null,"id":65},{"path":"symbols/9.jpg","type":0,"className":"buff_rangers_defense_hud","baseClassName":null,"id":9,"alpha":"symbols/9a.png"},{"path":"symbols/64.png","type":0,"className":"icon8.png","baseClassName":null,"id":64},{"path":"symbols/8.jpg","type":0,"className":"buff_rangers_offense_hud","baseClassName":null,"id":8,"alpha":"symbols/8a.png"},{"path":"symbols/63.png","type":0,"className":"icon7.png","baseClassName":null,"id":63},{"path":"symbols/7.jpg","type":0,"className":"buff_rangers_utility_hud","baseClassName":null,"id":7,"alpha":"symbols/7a.png"},{"path":"symbols/62.png","type":0,"className":"icon6.png","baseClassName":null,"id":62},{"path":"symbols/6.jpg","type":0,"className":"buff_sentinel_defense_hud","baseClassName":null,"id":6,"alpha":"symbols/6a.png"},{"path":"symbols/61.png","type":0,"className":"icon5.png","baseClassName":null,"id":61},{"path":"symbols/5.jpg","type":0,"className":"buff_sentinel_offense_hud","baseClassName":null,"id":5,"alpha":"symbols/5a.png"},{"path":"symbols/60.png","type":0,"className":"icon4.png","baseClassName":null,"id":60},{"path":"symbols/4.jpg","type":0,"className":"buff_sentinel_utility_hud","baseClassName":null,"id":4,"alpha":"symbols/4a.png"},{"path":"symbols/59.png","type":0,"className":"icon3.png","baseClassName":null,"id":59},{"path":"symbols/3.jpg","type":0,"className":"buff_unique_defense_hud","baseClassName":null,"id":3,"alpha":"symbols/3a.png"},{"path":"symbols/58.png","type":0,"className":"icon2.png","baseClassName":null,"id":58},{"path":"symbols/2.jpg","type":0,"className":"buff_unique_offense_hud","baseClassName":null,"id":2,"alpha":"symbols/2a.png"},{"path":"symbols/57.png","type":0,"className":"icon1.png","baseClassName":null,"id":57},{"path":"symbols/1.jpg","type":0,"className":"buff_unique_utility_hud","baseClassName":null,"id":1,"alpha":"symbols/1a.png"},{"path":"symbols/56.png","type":0,"className":"special_glow.png","baseClassName":null,"id":56}],"frameRate":24}