{"name":null,"assets":[{"path":"symbols/54.png","type":"IMAGE"},{"path":"symbols/55.png","type":"IMAGE"},{"path":"symbols/56.png","type":"IMAGE"},{"path":"symbols/57.png","type":"IMAGE"},{"path":"symbols/58.png","type":"IMAGE"},{"path":"symbols/59.png","type":"IMAGE"},{"path":"symbols/60.png","type":"IMAGE"},{"path":"symbols/61.png","type":"IMAGE"},{"path":"symbols/62.png","type":"IMAGE"},{"path":"symbols/63.png","type":"IMAGE"},{"path":"symbols/64.png","type":"IMAGE"},{"path":"symbols/65.png","type":"IMAGE"},{"path":"symbols/66.png","type":"IMAGE"},{"path":"symbols/67.png","type":"IMAGE"},{"path":"symbols/68.png","type":"IMAGE"},{"path":"symbols/69.png","type":"IMAGE"},{"path":"symbols/70.png","type":"IMAGE"},{"path":"symbols/71.png","type":"IMAGE"},{"path":"symbols/72.png","type":"IMAGE"},{"path":"symbols/73.png","type":"IMAGE"},{"path":"symbols/74.png","type":"IMAGE"},{"path":"symbols/75.png","type":"IMAGE"},{"path":"symbols/76.png","type":"IMAGE"},{"path":"symbols/77.png","type":"IMAGE"},{"path":"symbols/78.png","type":"IMAGE"},{"path":"symbols/79.png","type":"IMAGE"},{"path":"symbols/80.png","type":"IMAGE"},{"path":"symbols/81.png","type":"IMAGE"},{"path":"symbols/82.png","type":"IMAGE"},{"path":"symbols/83.png","type":"IMAGE"},{"path":"symbols/84.png","type":"IMAGE"},{"path":"symbols/85.png","type":"IMAGE"},{"path":"symbols/86.png","type":"IMAGE"},{"path":"symbols/87.png","type":"IMAGE"},{"path":"symbols/88.png","type":"IMAGE"},{"path":"symbols/89.png","type":"IMAGE"},{"path":"symbols/90.png","type":"IMAGE"},{"path":"symbols/91.png","type":"IMAGE"},{"path":"symbols/92.png","type":"IMAGE"},{"path":"symbols/93.png","type":"IMAGE"},{"path":"symbols/94.png","type":"IMAGE"},{"path":"symbols/95.png","type":"IMAGE"},{"path":"symbols/96.png","type":"IMAGE"},{"path":"symbols/97.png","type":"IMAGE"},{"path":"symbols/98.png","type":"IMAGE"},{"path":"symbols/99.png","type":"IMAGE"},{"path":"symbols/100.png","type":"IMAGE"},{"path":"symbols/101.png","type":"IMAGE"},{"path":"symbols/102.png","type":"IMAGE"},{"path":"symbols/103.png","type":"IMAGE"},{"path":"symbols/104.png","type":"IMAGE"},{"path":"symbols/105.png","type":"IMAGE"},{"path":"symbols/106.png","type":"IMAGE"},{"path":"symbols/107.png","type":"IMAGE"},{"path":"symbols/108.png","type":"IMAGE"},{"path":"symbols/53.png","type":"IMAGE"},{"path":"symbols/52.png","type":"IMAGE"},{"path":"symbols/51.png","type":"IMAGE"},{"path":"symbols/50.png","type":"IMAGE"},{"path":"symbols/49.png","type":"IMAGE"},{"path":"symbols/48.png","type":"IMAGE"},{"path":"symbols/47.png","type":"IMAGE"},{"path":"symbols/46.png","type":"IMAGE"},{"path":"symbols/45.png","type":"IMAGE"},{"path":"symbols/44.png","type":"IMAGE"},{"path":"symbols/43.png","type":"IMAGE"},{"path":"symbols/42.png","type":"IMAGE"},{"path":"symbols/41.png","type":"IMAGE"},{"path":"symbols/40.png","type":"IMAGE"},{"path":"symbols/39.png","type":"IMAGE"},{"path":"symbols/38.png","type":"IMAGE"},{"path":"symbols/37.png","type":"IMAGE"},{"path":"symbols/36.jpg","type":"IMAGE"},{"path":"symbols/36a.png","type":"IMAGE"},{"path":"symbols/35.png","type":"IMAGE"},{"path":"symbols/34.png","type":"IMAGE"},{"path":"symbols/33.png","type":"IMAGE"},{"path":"symbols/32.png","type":"IMAGE"},{"path":"symbols/31.png","type":"IMAGE"},{"path":"symbols/30.png","type":"IMAGE"},{"path":"symbols/29.png","type":"IMAGE"},{"path":"symbols/28.png","type":"IMAGE"},{"path":"symbols/27.png","type":"IMAGE"},{"path":"symbols/26.png","type":"IMAGE"},{"path":"symbols/25.png","type":"IMAGE"},{"path":"symbols/24.png","type":"IMAGE"},{"path":"symbols/23.png","type":"IMAGE"},{"path":"symbols/22.png","type":"IMAGE"},{"path":"symbols/21.png","type":"IMAGE"},{"path":"symbols/20.jpg","type":"IMAGE"},{"path":"symbols/20a.png","type":"IMAGE"},{"path":"symbols/19.jpg","type":"IMAGE"},{"path":"symbols/19a.png","type":"IMAGE"},{"path":"symbols/18.jpg","type":"IMAGE"},{"path":"symbols/18a.png","type":"IMAGE"},{"path":"symbols/17.jpg","type":"IMAGE"},{"path":"symbols/17a.png","type":"IMAGE"},{"path":"symbols/16.jpg","type":"IMAGE"},{"path":"symbols/16a.png","type":"IMAGE"},{"path":"symbols/15.jpg","type":"IMAGE"},{"path":"symbols/15a.png","type":"IMAGE"},{"path":"symbols/14.jpg","type":"IMAGE"},{"path":"symbols/14a.png","type":"IMAGE"},{"path":"symbols/13.jpg","type":"IMAGE"},{"path":"symbols/13a.png","type":"IMAGE"},{"path":"symbols/12.jpg","type":"IMAGE"},{"path":"symbols/12a.png","type":"IMAGE"},{"path":"symbols/11.jpg","type":"IMAGE"},{"path":"symbols/11a.png","type":"IMAGE"},{"path":"symbols/10.jpg","type":"IMAGE"},{"path":"symbols/10a.png","type":"IMAGE"},{"path":"symbols/9.jpg","type":"IMAGE"},{"path":"symbols/9a.png","type":"IMAGE"},{"path":"symbols/8.jpg","type":"IMAGE"},{"path":"symbols/8a.png","type":"IMAGE"},{"path":"symbols/7.jpg","type":"IMAGE"},{"path":"symbols/7a.png","type":"IMAGE"},{"path":"symbols/6.jpg","type":"IMAGE"},{"path":"symbols/6a.png","type":"IMAGE"},{"path":"symbols/5.jpg","type":"IMAGE"},{"path":"symbols/5a.png","type":"IMAGE"},{"path":"symbols/4.jpg","type":"IMAGE"},{"path":"symbols/4a.png","type":"IMAGE"},{"path":"symbols/3.jpg","type":"IMAGE"},{"path":"symbols/3a.png","type":"IMAGE"},{"path":"symbols/2.jpg","type":"IMAGE"},{"path":"symbols/2a.png","type":"IMAGE"},{"path":"symbols/1.jpg","type":"IMAGE"},{"path":"symbols/1a.png","type":"IMAGE"},{"path":"data.json","type":"TEXT"}],"rootPath":null,"version":3,"libraryArgs":["data.json","tYTqucyRBJJyaGVetDGS"],"libraryType":"openfl._internal.formats.animate.AnimateLibrary"}