{"root":0,"uuid":"c2nQj7Axx13p8rhXGZTz","version":0.1,"symbols":[{"type":5,"frames":[{"objects":[{"name":null,"type":0,"depth":1,"symbol":26,"clipDepth":0,"id":29,"matrix":[1,0,0,1,-80,-480]}]}]},{"path":"symbols/13.png","type":0,"id":13,"smooth":false},{"path":"symbols/12.png","type":0,"id":12,"smooth":false},{"type":5,"className":"Event33.Whatsnew","baseClassName":null,"id":26,"frames":[{"objects":[{"name":null,"type":0,"depth":1,"symbol":2,"clipDepth":0,"id":0,"matrix":[1,0,0,1,0,0]},{"name":"contentContainer","type":0,"depth":2,"symbol":3,"clipDepth":0,"id":1,"matrix":[1,0,0,1,940,490]},{"name":null,"type":0,"depth":4,"symbol":6,"clipDepth":0,"id":2,"colorTransform":[20,20,20,8,0,0,0,0],"matrix":[0.59649658203125,0,0,1,540,480]},{"name":null,"type":0,"depth":6,"symbol":6,"clipDepth":0,"id":3,"colorTransform":[20,20,20,8,0,0,0,0],"matrix":[-0.59649658203125,0,0,1,14140,480]},{"name":null,"type":0,"depth":17,"symbol":16,"clipDepth":0,"id":4,"matrix":[1,0,0,1,0,0]},{"name":"arrowright","type":0,"depth":18,"symbol":21,"clipDepth":0,"id":5,"filters":[[2,2,89.9993809572637,0,1,2,2,1,1,false,false,false]],"matrix":[0.75,0,0,0.75,13428,3241]},{"name":"arrowleft","type":0,"depth":29,"symbol":21,"clipDepth":0,"id":6,"filters":[[2,2,89.9993809572637,0,1,2,2,1,1,false,false,false]],"matrix":[-0.75,0,0,-0.75,1176,4351]},{"name":"close","type":0,"depth":40,"symbol":25,"clipDepth":0,"id":7,"matrix":[1,0,0,1,13470,140]}]}]},{"path":"symbols/11.png","type":0,"id":11,"smooth":false},{"type":5,"id":25,"frames":[{"objects":[{"name":"disabled","type":0,"depth":1,"symbol":24,"clipDepth":0,"id":0,"colorTransform":[20,20,20,0,0,0,0,0],"matrix":[1,0,0,1,0,0]},{"name":"active","type":0,"depth":3,"symbol":24,"clipDepth":0,"id":1,"matrix":[1,0,0,1,0,0]},{"name":"over","type":0,"depth":5,"symbol":24,"clipDepth":0,"id":2,"matrix":[1,0,0,1,0,0]},{"name":"up","type":0,"depth":7,"symbol":24,"clipDepth":0,"id":3,"matrix":[1,0,0,1,0,0]}]}]},{"path":"symbols/10.png","type":0,"id":10,"smooth":false},{"type":5,"id":24,"frames":[{"objects":[{"name":null,"type":0,"depth":1,"symbol":23,"clipDepth":0,"id":0,"matrix":[1,0,0,1,0,0]}]}]},{"path":"symbols/9.png","type":0,"id":9,"smooth":false},{"type":5,"id":23,"frames":[{"objects":[{"type":0,"depth":0,"symbol":22,"clipDepth":0,"id":0,"visible":true,"matrix":[1,0,0,1,0,0]}]}]},{"path":"symbols/8.png","type":0,"id":8,"smooth":false},{"path":"symbols/22.png","type":0,"id":22,"smooth":false},{"path":"symbols/7.png","type":0,"id":7,"smooth":false},{"type":5,"id":21,"frames":[{"objects":[{"name":null,"type":0,"depth":1,"symbol":17,"clipDepth":0,"id":0,"matrix":[1,0,0,1,0,0]},{"name":"disabled","type":0,"depth":2,"symbol":19,"clipDepth":0,"id":1,"filters":[[3,0,1,5,5,1,2,true,false]],"colorTransform":[0,0,0,20,1580,1580,1580,-1820],"matrix":[1,0,0,1,187,649]},{"name":"selected","type":0,"depth":4,"symbol":20,"clipDepth":0,"id":2,"matrix":[1,0,0,1,0,0]},{"name":"down","type":0,"depth":6,"symbol":19,"clipDepth":0,"id":3,"filters":[[3,778146,1,15,15,2,2,false,false]],"colorTransform":[14,14,14,20,1540,1540,1540,0],"matrix":[0.79998779296875,0,0,0.79998779296875,224,740]},{"name":"over","type":0,"depth":8,"symbol":19,"clipDepth":0,"id":4,"filters":[[3,778146,1,15,15,2,2,false,false]],"colorTransform":[14,14,14,20,1540,1540,1540,0],"matrix":[1,0,0,1,187,649]},{"name":"up","type":0,"depth":10,"symbol":19,"clipDepth":0,"id":5,"filters":[[3,778146,1,5,5,1,2,false,false]],"matrix":[1,0,0,1,187,649]}]}]},{"type":5,"id":6,"frames":[{"objects":[{"name":null,"type":0,"depth":1,"symbol":5,"clipDepth":0,"id":0,"matrix":[1,0,0,1,0,0]}]}]},{"type":5,"id":20,"frames":[{"objects":[{"name":"up","type":0,"depth":1,"symbol":19,"clipDepth":0,"id":0,"filters":[[3,778146,1,5,5,1,2,false,false]],"matrix":[1,0,0,1,187,649]}]},{"objects":[{"name":null,"type":1,"depth":1,"symbol":19,"clipDepth":0,"id":0,"filters":[[3,778146,1,5.41671752929688,5.41671752929688,1.0390625,2,false,false]],"colorTransform":[20,20,20,20,60,60,60,0]}]},{"objects":[{"name":null,"type":1,"depth":1,"symbol":19,"clipDepth":0,"id":0,"filters":[[3,778146,1,5.83328247070312,5.83328247070312,1.078125,2,false,false]],"colorTransform":[20,20,20,20,120,120,120,0]}]},{"objects":[{"name":null,"type":1,"depth":1,"symbol":19,"clipDepth":0,"id":0,"filters":[[3,778146,1,6.25,6.25,1.1171875,2,false,false]],"colorTransform":[19,19,19,20,200,200,200,0]}]},{"objects":[{"name":null,"type":1,"depth":1,"symbol":19,"clipDepth":0,"id":0,"filters":[[3,778146,1,6.66671752929688,6.66671752929688,1.15625,2,false,false]],"colorTransform":[19,19,19,20,260,260,260,0]}]},{"objects":[{"name":null,"type":1,"depth":1,"symbol":19,"clipDepth":0,"id":0,"filters":[[3,778146,1,7.08328247070312,7.08328247070312,1.19921875,2,false,false]],"colorTransform":[19,19,19,20,320,320,320,0]}]},{"objects":[{"name":null,"type":1,"depth":1,"symbol":19,"clipDepth":0,"id":0,"filters":[[3,778146,1,7.5,7.5,1.25,2,false,false]],"colorTransform":[19,19,19,20,380,380,380,0]}]},{"objects":[{"name":null,"type":1,"depth":1,"symbol":19,"clipDepth":0,"id":0,"filters":[[3,778146,1,7.91671752929688,7.91671752929688,1.2890625,2,false,false]],"colorTransform":[18,18,18,20,440,440,440,0]}]},{"objects":[{"name":null,"type":1,"depth":1,"symbol":19,"clipDepth":0,"id":0,"filters":[[3,778146,1,8.33328247070312,8.33328247070312,1.328125,2,false,false]],"colorTransform":[18,18,18,20,520,520,520,0]}]},{"objects":[{"name":null,"type":1,"depth":1,"symbol":19,"clipDepth":0,"id":0,"filters":[[3,778146,1,8.75,8.75,1.3671875,2,false,false]],"colorTransform":[18,18,18,20,580,580,580,0]}]},{"objects":[{"name":null,"type":1,"depth":1,"symbol":19,"clipDepth":0,"id":0,"filters":[[3,778146,1,9.16671752929688,9.16671752929688,1.40625,2,false,false]],"colorTransform":[18,18,18,20,640,640,640,0]}]},{"objects":[{"name":null,"type":1,"depth":1,"symbol":19,"clipDepth":0,"id":0,"filters":[[3,778146,1,9.58328247070312,9.58328247070312,1.44921875,2,false,false]],"colorTransform":[17,17,17,20,700,700,700,0]}]},{"objects":[{"name":null,"type":1,"depth":1,"symbol":19,"clipDepth":0,"id":0,"filters":[[3,778146,1,10,10,1.5,2,false,false]],"colorTransform":[17,17,17,20,780,780,780,0]}]},{"objects":[{"name":null,"type":1,"depth":1,"symbol":19,"clipDepth":0,"id":0,"filters":[[3,778146,1,10.4167175292969,10.4167175292969,1.5390625,2,false,false]],"colorTransform":[17,17,17,20,840,840,840,0]}]},{"objects":[{"name":null,"type":1,"depth":1,"symbol":19,"clipDepth":0,"id":0,"filters":[[3,778146,1,10.8332824707031,10.8332824707031,1.578125,2,false,false]],"colorTransform":[17,17,17,20,900,900,900,0]}]},{"objects":[{"name":null,"type":1,"depth":1,"symbol":19,"clipDepth":0,"id":0,"filters":[[3,778146,1,11.25,11.25,1.6171875,2,false,false]],"colorTransform":[16,16,16,20,960,960,960,0]}]},{"objects":[{"name":null,"type":1,"depth":1,"symbol":19,"clipDepth":0,"id":0,"filters":[[3,778146,1,11.6667175292969,11.6667175292969,1.65625,2,false,false]],"colorTransform":[16,16,16,20,1020,1020,1020,0]}]},{"objects":[{"name":null,"type":1,"depth":1,"symbol":19,"clipDepth":0,"id":0,"filters":[[3,778146,1,12.0832824707031,12.0832824707031,1.69921875,2,false,false]],"colorTransform":[16,16,16,20,1100,1100,1100,0]}]},{"objects":[{"name":null,"type":1,"depth":1,"symbol":19,"clipDepth":0,"id":0,"filters":[[3,778146,1,12.5,12.5,1.75,2,false,false]],"colorTransform":[16,16,16,20,1160,1160,1160,0]}]},{"objects":[{"name":null,"type":1,"depth":1,"symbol":19,"clipDepth":0,"id":0,"filters":[[3,778146,1,12.9167175292969,12.9167175292969,1.7890625,2,false,false]],"colorTransform":[15,15,15,20,1220,1220,1220,0]}]},{"objects":[{"name":null,"type":1,"depth":1,"symbol":19,"clipDepth":0,"id":0,"filters":[[3,778146,1,13.3332824707031,13.3332824707031,1.828125,2,false,false]],"colorTransform":[15,15,15,20,1280,1280,1280,0]}]},{"objects":[{"name":null,"type":1,"depth":1,"symbol":19,"clipDepth":0,"id":0,"filters":[[3,778146,1,13.75,13.75,1.8671875,2,false,false]],"colorTransform":[15,15,15,20,1340,1340,1340,0]}]},{"objects":[{"name":null,"type":1,"depth":1,"symbol":19,"clipDepth":0,"id":0,"filters":[[3,778146,1,14.1667175292969,14.1667175292969,1.90625,2,false,false]],"colorTransform":[15,15,15,20,1420,1420,1420,0]}]},{"objects":[{"name":null,"type":1,"depth":1,"symbol":19,"clipDepth":0,"id":0,"filters":[[3,778146,1,14.5832824707031,14.5832824707031,1.94921875,2,false,false]],"colorTransform":[14,14,14,20,1480,1480,1480,0]}]},{"objects":[{"name":null,"type":1,"depth":1,"symbol":19,"clipDepth":0,"id":0,"filters":[[3,778146,1,15,15,2,2,false,false]],"colorTransform":[14,14,14,20,1540,1540,1540,0]}]},{"objects":[{"name":null,"type":1,"depth":1,"symbol":19,"clipDepth":0,"id":0,"filters":[[3,778146,1,14.6000671386719,14.6000671386719,1.95703125,2,false,false]],"colorTransform":[14,14,14,20,1480,1480,1480,0]}]},{"objects":[{"name":null,"type":1,"depth":1,"symbol":19,"clipDepth":0,"id":0,"filters":[[3,778146,1,14.1999816894531,14.1999816894531,1.90625,2,false,false]],"colorTransform":[15,15,15,20,1420,1420,1420,0]}]},{"objects":[{"name":null,"type":1,"depth":1,"symbol":19,"clipDepth":0,"id":0,"filters":[[3,778146,1,13.800048828125,13.800048828125,1.87890625,2,false,false]],"colorTransform":[15,15,15,20,1360,1360,1360,0]}]},{"objects":[{"name":null,"type":1,"depth":1,"symbol":19,"clipDepth":0,"id":0,"filters":[[3,778146,1,13.3999633789062,13.3999633789062,1.828125,2,false,false]],"colorTransform":[15,15,15,20,1300,1300,1300,0]}]},{"objects":[{"name":null,"type":1,"depth":1,"symbol":19,"clipDepth":0,"id":0,"filters":[[3,778146,1,13.0000305175781,13.0000305175781,1.796875,2,false,false]],"colorTransform":[15,15,15,20,1240,1240,1240,0]}]},{"objects":[{"name":null,"type":1,"depth":1,"symbol":19,"clipDepth":0,"id":0,"filters":[[3,778146,1,12.5999450683594,12.5999450683594,1.75,2,false,false]],"colorTransform":[15,15,15,20,1180,1180,1180,0]}]},{"objects":[{"name":null,"type":1,"depth":1,"symbol":19,"clipDepth":0,"id":0,"filters":[[3,778146,1,12.2000122070312,12.2000122070312,1.71875,2,false,false]],"colorTransform":[16,16,16,20,1100,1100,1100,0]}]},{"objects":[{"name":null,"type":1,"depth":1,"symbol":19,"clipDepth":0,"id":0,"filters":[[3,778146,1,11.7999267578125,11.7999267578125,1.66796875,2,false,false]],"colorTransform":[16,16,16,20,1040,1040,1040,0]}]},{"objects":[{"name":null,"type":1,"depth":1,"symbol":19,"clipDepth":0,"id":0,"filters":[[3,778146,1,11.3999938964844,11.3999938964844,1.62890625,2,false,false]],"colorTransform":[16,16,16,20,980,980,980,0]}]},{"objects":[{"name":null,"type":1,"depth":1,"symbol":19,"clipDepth":0,"id":0,"filters":[[3,778146,1,11.0000610351562,11.0000610351562,1.59765625,2,false,false]],"colorTransform":[16,16,16,20,920,920,920,0]}]},{"objects":[{"name":null,"type":1,"depth":1,"symbol":19,"clipDepth":0,"id":0,"filters":[[3,778146,1,10.5999755859375,10.5999755859375,1.546875,2,false,false]],"colorTransform":[17,17,17,20,860,860,860,0]}]},{"objects":[{"name":null,"type":1,"depth":1,"symbol":19,"clipDepth":0,"id":0,"filters":[[3,778146,1,10.2000427246094,10.2000427246094,1.51953125,2,false,false]],"colorTransform":[17,17,17,20,800,800,800,0]}]},{"objects":[{"name":null,"type":1,"depth":1,"symbol":19,"clipDepth":0,"id":0,"filters":[[3,778146,1,9.79995727539062,9.79995727539062,1.46875,2,false,false]],"colorTransform":[17,17,17,20,740,740,740,0]}]},{"objects":[{"name":null,"type":1,"depth":1,"symbol":19,"clipDepth":0,"id":0,"filters":[[3,778146,1,9.4000244140625,9.4000244140625,1.4375,2,false,false]],"colorTransform":[17,17,17,20,680,680,680,0]}]},{"objects":[{"name":null,"type":1,"depth":1,"symbol":19,"clipDepth":0,"id":0,"filters":[[3,778146,1,8.99993896484375,8.99993896484375,1.38671875,2,false,false]],"colorTransform":[18,18,18,20,620,620,620,0]}]},{"objects":[{"name":null,"type":1,"depth":1,"symbol":19,"clipDepth":0,"id":0,"filters":[[3,778146,1,8.60000610351562,8.60000610351562,1.359375,2,false,false]],"colorTransform":[18,18,18,20,560,560,560,0]}]},{"objects":[{"name":null,"type":1,"depth":1,"symbol":19,"clipDepth":0,"id":0,"filters":[[3,778146,1,8.2000732421875,8.2000732421875,1.31640625,2,false,false]],"colorTransform":[18,18,18,20,500,500,500,0]}]},{"objects":[{"name":null,"type":1,"depth":1,"symbol":19,"clipDepth":0,"id":0,"filters":[[3,778146,1,7.79998779296875,7.79998779296875,1.26953125,2,false,false]],"colorTransform":[18,18,18,20,440,440,440,0]}]},{"objects":[{"name":null,"type":1,"depth":1,"symbol":19,"clipDepth":0,"id":0,"filters":[[3,778146,1,7.40005493164062,7.40005493164062,1.23828125,2,false,false]],"colorTransform":[19,19,19,20,360,360,360,0]}]},{"objects":[{"name":null,"type":1,"depth":1,"symbol":19,"clipDepth":0,"id":0,"filters":[[3,778146,1,6.99996948242188,6.99996948242188,1.1875,2,false,false]],"colorTransform":[19,19,19,20,300,300,300,0]}]},{"objects":[{"name":null,"type":1,"depth":1,"symbol":19,"clipDepth":0,"id":0,"filters":[[3,778146,1,6.60003662109375,6.60003662109375,1.15625,2,false,false]],"colorTransform":[19,19,19,20,240,240,240,0]}]},{"objects":[{"name":null,"type":1,"depth":1,"symbol":19,"clipDepth":0,"id":0,"filters":[[3,778146,1,6.199951171875,6.199951171875,1.109375,2,false,false]],"colorTransform":[19,19,19,20,180,180,180,0]}]},{"objects":[{"name":null,"type":1,"depth":1,"symbol":19,"clipDepth":0,"id":0,"filters":[[3,778146,1,5.80001831054688,5.80001831054688,1.078125,2,false,false]],"colorTransform":[20,20,20,20,120,120,120,0]}]},{"objects":[{"name":null,"type":1,"depth":1,"symbol":19,"clipDepth":0,"id":0,"filters":[[3,778146,1,5.39993286132812,5.39993286132812,1.02734375,2,false,false]],"colorTransform":[20,20,20,20,60,60,60,0]}]},{"objects":[{"name":null,"type":1,"depth":1,"symbol":19,"clipDepth":0,"id":0,"filters":[[3,778146,1,5,5,1,2,false,false]],"colorTransform":[20,20,20,20,0,0,0,0]}]}]},{"type":5,"id":5,"frames":[{"objects":[{"type":0,"depth":0,"symbol":4,"clipDepth":0,"id":0,"visible":true,"matrix":[0,1.22064208984375,-0.539306640625,0,1834,0]}]}]},{"type":5,"id":19,"frames":[{"objects":[{"name":null,"type":0,"depth":1,"symbol":18,"clipDepth":0,"id":0,"matrix":[1,0,0,1,0,0]}]}]},{"path":"symbols/4.png","type":0,"id":4},{"type":4,"id":18,"commands":[3,5,2,0,[15990779,15400183,6029263],[1,1,1],[0,43,255],[-0.0287933349609375,0,0,-0.044677734375,189,7],0,1,0,8,189,87,7,-187,-281,7,-187,-649,7,553,91,7,-187,831,7,-187,471,7,189,87,5]},{"type":5,"id":3,"frames":[{}]},{"type":4,"id":17,"commands":[3,5,1,0,0.349019607843137,8,894,1673,7,-181,1673,4,-481,1673,-481,1373,7,-481,91,4,-481,-209,-181,-209,7,894,-209,7,894,1673,5,6,1,3355443,0.349019607843137,false,2,1,2,3,8,894,1673,7,-181,1673,4,-481,1673,-481,1373,7,-481,91,4,-481,-209,-181,-209,7,894,-209]},{"type":5,"id":2,"frames":[{"objects":[{"type":0,"depth":0,"symbol":1,"clipDepth":0,"id":0,"visible":true,"matrix":[1.00582885742188,0,0,1.00823974609375,400,200]}]}]},{"type":5,"id":16,"frames":[{"objects":[{"type":0,"depth":0,"symbol":15,"clipDepth":0,"id":0,"visible":true,"matrix":[0,-0.990478515625,1,0,14080,14620]},{"type":0,"depth":1,"symbol":15,"clipDepth":0,"id":1,"visible":true,"matrix":[0,0.986618041992188,-1,0,560,4200]},{"type":0,"depth":2,"symbol":14,"clipDepth":0,"id":2,"visible":true,"matrix":[1,0,0,1,240,820]},{"type":0,"depth":3,"symbol":13,"clipDepth":0,"id":3,"visible":true,"matrix":[1,0,0,1,-120,-140]},{"type":0,"depth":4,"symbol":12,"clipDepth":0,"id":4,"visible":true,"matrix":[1,0,0,1,-120,13880]},{"type":0,"depth":5,"symbol":11,"clipDepth":0,"id":5,"visible":true,"matrix":[1,0,0,1,14020,820]},{"type":0,"depth":6,"symbol":10,"clipDepth":0,"id":6,"visible":true,"matrix":[1,0,0,1,12980,-140]},{"type":0,"depth":7,"symbol":9,"clipDepth":0,"id":7,"visible":true,"matrix":[1,0,0,1,12980,13880]},{"type":0,"depth":8,"symbol":8,"clipDepth":0,"id":8,"visible":true,"matrix":[1.113037109375,0,0,1,1660,-140]},{"type":0,"depth":9,"symbol":7,"clipDepth":0,"id":9,"visible":true,"matrix":[1.22509765625,0,0,1,1660,14640]}]}]},{"path":"symbols/1.png","type":0,"id":1,"smooth":false},{"path":"symbols/15.png","type":0,"id":15,"smooth":false},{"path":"symbols/14.png","type":0,"id":14,"smooth":false}],"frameRate":40}