{"name":null,"assets":[{"path":"symbols/1.png","type":"IMAGE"},{"path":"symbols/4.png","type":"IMAGE"},{"path":"symbols/15.png","type":"IMAGE"},{"path":"symbols/14.png","type":"IMAGE"},{"path":"symbols/13.png","type":"IMAGE"},{"path":"symbols/12.png","type":"IMAGE"},{"path":"symbols/11.png","type":"IMAGE"},{"path":"symbols/10.png","type":"IMAGE"},{"path":"symbols/9.png","type":"IMAGE"},{"path":"symbols/8.png","type":"IMAGE"},{"path":"symbols/7.png","type":"IMAGE"},{"path":"symbols/22.png","type":"IMAGE"},{"path":"data.json","type":"TEXT"}],"rootPath":null,"version":3,"libraryArgs":["data.json","c2nQj7Axx13p8rhXGZTz"],"libraryType":"openfl._internal.formats.animate.AnimateLibrary"}