{"root":0,"uuid":"KgB2KwEl3FV1RXBcgEaA","version":0.1,"symbols":[{"type":5,"frames":[{"objects":[{"name":null,"type":0,"depth":1,"symbol":66,"clipDepth":0,"id":69,"matrix":[1,0,0,1,6779,269]},{"name":null,"type":0,"depth":2,"symbol":65,"clipDepth":0,"id":70,"matrix":[1,0,0,1,9519,1119]},{"name":null,"type":0,"depth":3,"symbol":64,"clipDepth":0,"id":71,"matrix":[1,0,0,1,8299,269]},{"name":null,"type":0,"depth":4,"symbol":63,"clipDepth":0,"id":72,"matrix":[1,0,0,1,7579,269]},{"name":null,"type":0,"depth":5,"symbol":62,"clipDepth":0,"id":73,"matrix":[1,0,0,1,6799,1119]},{"name":null,"type":0,"depth":6,"symbol":61,"clipDepth":0,"id":74,"matrix":[1,0,0,1,11019,1119]},{"name":null,"type":0,"depth":7,"symbol":60,"clipDepth":0,"id":75,"matrix":[1,0,0,1,8359,1119]},{"name":null,"type":0,"depth":8,"symbol":59,"clipDepth":0,"id":76,"matrix":[1,0,0,1,7599,1119]},{"name":null,"type":0,"depth":9,"symbol":58,"clipDepth":0,"id":77,"matrix":[1,0,0,1,10919,269]},{"name":null,"type":0,"depth":10,"symbol":57,"clipDepth":0,"id":78,"matrix":[1,0,0,1,10259,1119]},{"name":null,"type":0,"depth":11,"symbol":56,"clipDepth":0,"id":79,"matrix":[1,0,0,1,9479,269]},{"name":null,"type":0,"depth":12,"symbol":55,"clipDepth":0,"id":80,"matrix":[1,0,0,1,10219,269]},{"name":null,"type":0,"depth":13,"symbol":54,"clipDepth":0,"id":81,"matrix":[1,0,0,1,4279,139]},{"name":null,"type":0,"depth":14,"symbol":53,"clipDepth":0,"id":82,"matrix":[1,0,0,1,2320,370]},{"name":null,"type":0,"depth":24,"symbol":52,"clipDepth":0,"id":83,"matrix":[1,0,0,1,800,390]},{"name":null,"type":0,"depth":34,"symbol":48,"clipDepth":0,"id":84,"matrix":[1,0,0,1,230,1459]},{"name":null,"type":0,"depth":35,"symbol":47,"clipDepth":0,"id":85,"matrix":[1,0,0,1,7610,2179]},{"name":null,"type":0,"depth":36,"symbol":46,"clipDepth":0,"id":86,"matrix":[1,0,0,1,8370,2179]},{"name":null,"type":0,"depth":37,"symbol":45,"clipDepth":0,"id":87,"matrix":[1,0,0,1,6810,2159]},{"name":null,"type":0,"depth":38,"symbol":44,"clipDepth":0,"id":88,"matrix":[1,0,0,1,10504,4329]},{"name":null,"type":0,"depth":39,"symbol":43,"clipDepth":0,"id":89,"matrix":[1,0,0,1,9191,4299]},{"name":null,"type":0,"depth":40,"symbol":42,"clipDepth":0,"id":90,"matrix":[1,0,0,1,7878,4329]},{"name":null,"type":0,"depth":41,"symbol":41,"clipDepth":0,"id":91,"matrix":[1,0,0,1,6565,4329]},{"name":null,"type":0,"depth":42,"symbol":40,"clipDepth":0,"id":92,"matrix":[1,0,0,1,5252,4329]},{"name":null,"type":0,"depth":43,"symbol":39,"clipDepth":0,"id":93,"matrix":[1,0,0,1,3939,4329]},{"name":null,"type":0,"depth":44,"symbol":38,"clipDepth":0,"id":94,"matrix":[1,0,0,1,10504,3030]},{"name":null,"type":0,"depth":45,"symbol":37,"clipDepth":0,"id":95,"matrix":[1,0,0,1,9191,3030]},{"name":null,"type":0,"depth":46,"symbol":36,"clipDepth":0,"id":96,"matrix":[1,0,0,1,7878,3030]},{"name":null,"type":0,"depth":47,"symbol":35,"clipDepth":0,"id":97,"matrix":[1,0,0,1,2496,4339]},{"name":null,"type":0,"depth":48,"symbol":34,"clipDepth":0,"id":98,"matrix":[1,0,0,1,1293,4349]},{"name":null,"type":0,"depth":49,"symbol":33,"clipDepth":0,"id":99,"matrix":[1,0,0,1,0,4329]},{"name":null,"type":0,"depth":50,"symbol":32,"clipDepth":0,"id":100,"matrix":[1,0,0,1,6565,3030]},{"name":null,"type":0,"depth":51,"symbol":31,"clipDepth":0,"id":101,"matrix":[1,0,0,1,5252,3030]},{"name":null,"type":0,"depth":52,"symbol":30,"clipDepth":0,"id":102,"matrix":[1,0,0,1,3939,3030]},{"name":null,"type":0,"depth":53,"symbol":29,"clipDepth":0,"id":103,"matrix":[1,0,0,1,40,3030]},{"name":null,"type":0,"depth":54,"symbol":28,"clipDepth":0,"id":104,"matrix":[1,0,0,1,10070,2150]},{"name":null,"type":0,"depth":55,"symbol":27,"clipDepth":0,"id":105,"matrix":[1,0,0,1,9490,2150]},{"name":null,"type":0,"depth":56,"symbol":26,"clipDepth":0,"id":106,"matrix":[1,0,0,1,2569,3014]},{"name":null,"type":0,"depth":57,"symbol":25,"clipDepth":0,"id":107,"matrix":[1,0,0,1,1299,3024]},{"name":null,"type":0,"depth":58,"symbol":24,"clipDepth":0,"id":108,"matrix":[1,0,0,1,-50,5810]},{"name":null,"type":0,"depth":59,"symbol":23,"clipDepth":0,"id":109,"matrix":[1,0,0,1,3849,5809]},{"name":null,"type":0,"depth":60,"symbol":22,"clipDepth":0,"id":110,"matrix":[1,0,0,1,2549,5809]},{"name":null,"type":0,"depth":61,"symbol":21,"clipDepth":0,"id":111,"matrix":[1,0,0,1,1289,5809]},{"name":null,"type":0,"depth":62,"symbol":20,"clipDepth":0,"id":112,"matrix":[1,0,0,1,1249,7089]},{"name":null,"type":0,"depth":63,"symbol":19,"clipDepth":0,"id":113,"matrix":[1,0,0,1,2529,7089]},{"name":null,"type":0,"depth":64,"symbol":18,"clipDepth":0,"id":114,"matrix":[1,0,0,1,3829,7089]},{"name":null,"type":0,"depth":65,"symbol":17,"clipDepth":0,"id":115,"matrix":[1,0,0,1,1229,8429]},{"name":null,"type":0,"depth":66,"symbol":16,"clipDepth":0,"id":116,"matrix":[1,0,0,1,2509,8429]},{"name":null,"type":0,"depth":67,"symbol":15,"clipDepth":0,"id":117,"matrix":[1,0,0,1,3809,8429]},{"name":null,"type":0,"depth":68,"symbol":14,"clipDepth":0,"id":118,"matrix":[1,0,0,1,7880,6940]},{"name":null,"type":0,"depth":69,"symbol":13,"clipDepth":0,"id":119,"matrix":[1,0,0,1,7880,5660]},{"name":null,"type":0,"depth":70,"symbol":12,"clipDepth":0,"id":120,"matrix":[1,0,0,1,10540,5660]},{"name":null,"type":0,"depth":71,"symbol":11,"clipDepth":0,"id":121,"matrix":[1,0,0,1,9220,5660]},{"name":null,"type":0,"depth":72,"symbol":10,"clipDepth":0,"id":122,"matrix":[1,0,0,1,10540,6940]},{"name":null,"type":0,"depth":73,"symbol":9,"clipDepth":0,"id":123,"matrix":[1,0,0,1,9220,6940]},{"name":null,"type":0,"depth":74,"symbol":8,"clipDepth":0,"id":124,"matrix":[1,0,0,1,10540,8200]},{"name":null,"type":0,"depth":75,"symbol":7,"clipDepth":0,"id":125,"matrix":[1,0,0,1,9240,8200]}]}]},{"path":"symbols/55.png","type":0,"className":"HUD_special_uncommon","baseClassName":null,"id":55},{"path":"symbols/54.png","type":0,"className":"spec_ops_frame","baseClassName":null,"id":54},{"type":5,"className":"arrowup","baseClassName":null,"id":53,"frames":[{"objects":[{"name":"disabled","type":0,"depth":1,"symbol":50,"clipDepth":0,"id":0,"filters":[[3,0,1,5,5,1,2,true,false]],"colorTransform":[0,0,0,20,1580,1580,1580,-1820],"matrix":[0,-0.5625,0.5625,0,689,152]},{"name":"selected","type":0,"depth":3,"symbol":51,"clipDepth":0,"id":1,"matrix":[0,-0.5625,0.5625,0,324,257]},{"name":"down","type":0,"depth":5,"symbol":50,"clipDepth":0,"id":2,"filters":[[3,778146,1,15,15,2,2,false,false]],"colorTransform":[14,14,14,20,1540,1540,1540,0],"matrix":[0,-0.449996948242188,0.449996948242188,0,683,90]},{"name":"over","type":0,"depth":7,"symbol":50,"clipDepth":0,"id":3,"filters":[[3,778146,1,15,15,2,2,false,false]],"colorTransform":[14,14,14,20,1540,1540,1540,0],"matrix":[0,-0.5625,0.5625,0,689,152]},{"name":"up","type":0,"depth":9,"symbol":50,"clipDepth":0,"id":4,"filters":[[3,778146,1,5,5,1,2,false,false]],"matrix":[0,-0.5625,0.5625,0,689,152]}]}]},{"type":5,"className":"arrowdown","baseClassName":null,"id":52,"frames":[{"objects":[{"name":"disabled","type":0,"depth":1,"symbol":50,"clipDepth":0,"id":0,"filters":[[3,0,1,5,5,1,2,true,false]],"colorTransform":[0,0,0,20,1580,1580,1580,-1820],"matrix":[0,0.5625,0.5625,0,689,586]},{"name":"selected","type":0,"depth":3,"symbol":51,"clipDepth":0,"id":1,"matrix":[0,0.5625,0.5625,0,324,481]},{"name":"down","type":0,"depth":5,"symbol":50,"clipDepth":0,"id":2,"filters":[[3,778146,1,15,15,2,2,false,false]],"colorTransform":[14,14,14,20,1540,1540,1540,0],"matrix":[0,0.449996948242188,0.449996948242188,0,683,649]},{"name":"over","type":0,"depth":7,"symbol":50,"clipDepth":0,"id":3,"filters":[[3,778146,1,15,15,2,2,false,false]],"colorTransform":[14,14,14,20,1540,1540,1540,0],"matrix":[0,0.5625,0.5625,0,689,586]},{"name":"up","type":0,"depth":9,"symbol":50,"clipDepth":0,"id":4,"filters":[[3,778146,1,5,5,1,2,false,false]],"matrix":[0,0.5625,0.5625,0,689,586]}]}]},{"type":5,"id":51,"frames":[{"objects":[{"name":"up","type":0,"depth":1,"symbol":50,"clipDepth":0,"id":0,"filters":[[3,778146,1,5,5,1,2,false,false]],"matrix":[1,0,0,1,187,649]}]},{"objects":[{"name":null,"type":1,"depth":1,"symbol":50,"clipDepth":0,"id":0,"filters":[[3,778146,1,5.41671752929688,5.41671752929688,1.0390625,2,false,false]],"colorTransform":[20,20,20,20,60,60,60,0]}]},{"objects":[{"name":null,"type":1,"depth":1,"symbol":50,"clipDepth":0,"id":0,"filters":[[3,778146,1,5.83328247070312,5.83328247070312,1.078125,2,false,false]],"colorTransform":[20,20,20,20,120,120,120,0]}]},{"objects":[{"name":null,"type":1,"depth":1,"symbol":50,"clipDepth":0,"id":0,"filters":[[3,778146,1,6.25,6.25,1.1171875,2,false,false]],"colorTransform":[19,19,19,20,200,200,200,0]}]},{"objects":[{"name":null,"type":1,"depth":1,"symbol":50,"clipDepth":0,"id":0,"filters":[[3,778146,1,6.66671752929688,6.66671752929688,1.15625,2,false,false]],"colorTransform":[19,19,19,20,260,260,260,0]}]},{"objects":[{"name":null,"type":1,"depth":1,"symbol":50,"clipDepth":0,"id":0,"filters":[[3,778146,1,7.08328247070312,7.08328247070312,1.19921875,2,false,false]],"colorTransform":[19,19,19,20,320,320,320,0]}]},{"objects":[{"name":null,"type":1,"depth":1,"symbol":50,"clipDepth":0,"id":0,"filters":[[3,778146,1,7.5,7.5,1.25,2,false,false]],"colorTransform":[19,19,19,20,380,380,380,0]}]},{"objects":[{"name":null,"type":1,"depth":1,"symbol":50,"clipDepth":0,"id":0,"filters":[[3,778146,1,7.91671752929688,7.91671752929688,1.2890625,2,false,false]],"colorTransform":[18,18,18,20,440,440,440,0]}]},{"objects":[{"name":null,"type":1,"depth":1,"symbol":50,"clipDepth":0,"id":0,"filters":[[3,778146,1,8.33328247070312,8.33328247070312,1.328125,2,false,false]],"colorTransform":[18,18,18,20,520,520,520,0]}]},{"objects":[{"name":null,"type":1,"depth":1,"symbol":50,"clipDepth":0,"id":0,"filters":[[3,778146,1,8.75,8.75,1.3671875,2,false,false]],"colorTransform":[18,18,18,20,580,580,580,0]}]},{"objects":[{"name":null,"type":1,"depth":1,"symbol":50,"clipDepth":0,"id":0,"filters":[[3,778146,1,9.16671752929688,9.16671752929688,1.40625,2,false,false]],"colorTransform":[18,18,18,20,640,640,640,0]}]},{"objects":[{"name":null,"type":1,"depth":1,"symbol":50,"clipDepth":0,"id":0,"filters":[[3,778146,1,9.58328247070312,9.58328247070312,1.44921875,2,false,false]],"colorTransform":[17,17,17,20,700,700,700,0]}]},{"objects":[{"name":null,"type":1,"depth":1,"symbol":50,"clipDepth":0,"id":0,"filters":[[3,778146,1,10,10,1.5,2,false,false]],"colorTransform":[17,17,17,20,780,780,780,0]}]},{"objects":[{"name":null,"type":1,"depth":1,"symbol":50,"clipDepth":0,"id":0,"filters":[[3,778146,1,10.4167175292969,10.4167175292969,1.5390625,2,false,false]],"colorTransform":[17,17,17,20,840,840,840,0]}]},{"objects":[{"name":null,"type":1,"depth":1,"symbol":50,"clipDepth":0,"id":0,"filters":[[3,778146,1,10.8332824707031,10.8332824707031,1.578125,2,false,false]],"colorTransform":[17,17,17,20,900,900,900,0]}]},{"objects":[{"name":null,"type":1,"depth":1,"symbol":50,"clipDepth":0,"id":0,"filters":[[3,778146,1,11.25,11.25,1.6171875,2,false,false]],"colorTransform":[16,16,16,20,960,960,960,0]}]},{"objects":[{"name":null,"type":1,"depth":1,"symbol":50,"clipDepth":0,"id":0,"filters":[[3,778146,1,11.6667175292969,11.6667175292969,1.65625,2,false,false]],"colorTransform":[16,16,16,20,1020,1020,1020,0]}]},{"objects":[{"name":null,"type":1,"depth":1,"symbol":50,"clipDepth":0,"id":0,"filters":[[3,778146,1,12.0832824707031,12.0832824707031,1.69921875,2,false,false]],"colorTransform":[16,16,16,20,1100,1100,1100,0]}]},{"objects":[{"name":null,"type":1,"depth":1,"symbol":50,"clipDepth":0,"id":0,"filters":[[3,778146,1,12.5,12.5,1.75,2,false,false]],"colorTransform":[16,16,16,20,1160,1160,1160,0]}]},{"objects":[{"name":null,"type":1,"depth":1,"symbol":50,"clipDepth":0,"id":0,"filters":[[3,778146,1,12.9167175292969,12.9167175292969,1.7890625,2,false,false]],"colorTransform":[15,15,15,20,1220,1220,1220,0]}]},{"objects":[{"name":null,"type":1,"depth":1,"symbol":50,"clipDepth":0,"id":0,"filters":[[3,778146,1,13.3332824707031,13.3332824707031,1.828125,2,false,false]],"colorTransform":[15,15,15,20,1280,1280,1280,0]}]},{"objects":[{"name":null,"type":1,"depth":1,"symbol":50,"clipDepth":0,"id":0,"filters":[[3,778146,1,13.75,13.75,1.8671875,2,false,false]],"colorTransform":[15,15,15,20,1340,1340,1340,0]}]},{"objects":[{"name":null,"type":1,"depth":1,"symbol":50,"clipDepth":0,"id":0,"filters":[[3,778146,1,14.1667175292969,14.1667175292969,1.90625,2,false,false]],"colorTransform":[15,15,15,20,1420,1420,1420,0]}]},{"objects":[{"name":null,"type":1,"depth":1,"symbol":50,"clipDepth":0,"id":0,"filters":[[3,778146,1,14.5832824707031,14.5832824707031,1.94921875,2,false,false]],"colorTransform":[14,14,14,20,1480,1480,1480,0]}]},{"objects":[{"name":null,"type":1,"depth":1,"symbol":50,"clipDepth":0,"id":0,"filters":[[3,778146,1,15,15,2,2,false,false]],"colorTransform":[14,14,14,20,1540,1540,1540,0]}]},{"objects":[{"name":null,"type":1,"depth":1,"symbol":50,"clipDepth":0,"id":0,"filters":[[3,778146,1,14.6000671386719,14.6000671386719,1.95703125,2,false,false]],"colorTransform":[14,14,14,20,1480,1480,1480,0]}]},{"objects":[{"name":null,"type":1,"depth":1,"symbol":50,"clipDepth":0,"id":0,"filters":[[3,778146,1,14.1999816894531,14.1999816894531,1.90625,2,false,false]],"colorTransform":[15,15,15,20,1420,1420,1420,0]}]},{"objects":[{"name":null,"type":1,"depth":1,"symbol":50,"clipDepth":0,"id":0,"filters":[[3,778146,1,13.800048828125,13.800048828125,1.87890625,2,false,false]],"colorTransform":[15,15,15,20,1360,1360,1360,0]}]},{"objects":[{"name":null,"type":1,"depth":1,"symbol":50,"clipDepth":0,"id":0,"filters":[[3,778146,1,13.3999633789062,13.3999633789062,1.828125,2,false,false]],"colorTransform":[15,15,15,20,1300,1300,1300,0]}]},{"objects":[{"name":null,"type":1,"depth":1,"symbol":50,"clipDepth":0,"id":0,"filters":[[3,778146,1,13.0000305175781,13.0000305175781,1.796875,2,false,false]],"colorTransform":[15,15,15,20,1240,1240,1240,0]}]},{"objects":[{"name":null,"type":1,"depth":1,"symbol":50,"clipDepth":0,"id":0,"filters":[[3,778146,1,12.5999450683594,12.5999450683594,1.75,2,false,false]],"colorTransform":[15,15,15,20,1180,1180,1180,0]}]},{"objects":[{"name":null,"type":1,"depth":1,"symbol":50,"clipDepth":0,"id":0,"filters":[[3,778146,1,12.2000122070312,12.2000122070312,1.71875,2,false,false]],"colorTransform":[16,16,16,20,1100,1100,1100,0]}]},{"objects":[{"name":null,"type":1,"depth":1,"symbol":50,"clipDepth":0,"id":0,"filters":[[3,778146,1,11.7999267578125,11.7999267578125,1.66796875,2,false,false]],"colorTransform":[16,16,16,20,1040,1040,1040,0]}]},{"objects":[{"name":null,"type":1,"depth":1,"symbol":50,"clipDepth":0,"id":0,"filters":[[3,778146,1,11.3999938964844,11.3999938964844,1.62890625,2,false,false]],"colorTransform":[16,16,16,20,980,980,980,0]}]},{"objects":[{"name":null,"type":1,"depth":1,"symbol":50,"clipDepth":0,"id":0,"filters":[[3,778146,1,11.0000610351562,11.0000610351562,1.59765625,2,false,false]],"colorTransform":[16,16,16,20,920,920,920,0]}]},{"objects":[{"name":null,"type":1,"depth":1,"symbol":50,"clipDepth":0,"id":0,"filters":[[3,778146,1,10.5999755859375,10.5999755859375,1.546875,2,false,false]],"colorTransform":[17,17,17,20,860,860,860,0]}]},{"objects":[{"name":null,"type":1,"depth":1,"symbol":50,"clipDepth":0,"id":0,"filters":[[3,778146,1,10.2000427246094,10.2000427246094,1.51953125,2,false,false]],"colorTransform":[17,17,17,20,800,800,800,0]}]},{"objects":[{"name":null,"type":1,"depth":1,"symbol":50,"clipDepth":0,"id":0,"filters":[[3,778146,1,9.79995727539062,9.79995727539062,1.46875,2,false,false]],"colorTransform":[17,17,17,20,740,740,740,0]}]},{"objects":[{"name":null,"type":1,"depth":1,"symbol":50,"clipDepth":0,"id":0,"filters":[[3,778146,1,9.4000244140625,9.4000244140625,1.4375,2,false,false]],"colorTransform":[17,17,17,20,680,680,680,0]}]},{"objects":[{"name":null,"type":1,"depth":1,"symbol":50,"clipDepth":0,"id":0,"filters":[[3,778146,1,8.99993896484375,8.99993896484375,1.38671875,2,false,false]],"colorTransform":[18,18,18,20,620,620,620,0]}]},{"objects":[{"name":null,"type":1,"depth":1,"symbol":50,"clipDepth":0,"id":0,"filters":[[3,778146,1,8.60000610351562,8.60000610351562,1.359375,2,false,false]],"colorTransform":[18,18,18,20,560,560,560,0]}]},{"objects":[{"name":null,"type":1,"depth":1,"symbol":50,"clipDepth":0,"id":0,"filters":[[3,778146,1,8.2000732421875,8.2000732421875,1.31640625,2,false,false]],"colorTransform":[18,18,18,20,500,500,500,0]}]},{"objects":[{"name":null,"type":1,"depth":1,"symbol":50,"clipDepth":0,"id":0,"filters":[[3,778146,1,7.79998779296875,7.79998779296875,1.26953125,2,false,false]],"colorTransform":[18,18,18,20,440,440,440,0]}]},{"objects":[{"name":null,"type":1,"depth":1,"symbol":50,"clipDepth":0,"id":0,"filters":[[3,778146,1,7.40005493164062,7.40005493164062,1.23828125,2,false,false]],"colorTransform":[19,19,19,20,360,360,360,0]}]},{"objects":[{"name":null,"type":1,"depth":1,"symbol":50,"clipDepth":0,"id":0,"filters":[[3,778146,1,6.99996948242188,6.99996948242188,1.1875,2,false,false]],"colorTransform":[19,19,19,20,300,300,300,0]}]},{"objects":[{"name":null,"type":1,"depth":1,"symbol":50,"clipDepth":0,"id":0,"filters":[[3,778146,1,6.60003662109375,6.60003662109375,1.15625,2,false,false]],"colorTransform":[19,19,19,20,240,240,240,0]}]},{"objects":[{"name":null,"type":1,"depth":1,"symbol":50,"clipDepth":0,"id":0,"filters":[[3,778146,1,6.199951171875,6.199951171875,1.109375,2,false,false]],"colorTransform":[19,19,19,20,180,180,180,0]}]},{"objects":[{"name":null,"type":1,"depth":1,"symbol":50,"clipDepth":0,"id":0,"filters":[[3,778146,1,5.80001831054688,5.80001831054688,1.078125,2,false,false]],"colorTransform":[20,20,20,20,120,120,120,0]}]},{"objects":[{"name":null,"type":1,"depth":1,"symbol":50,"clipDepth":0,"id":0,"filters":[[3,778146,1,5.39993286132812,5.39993286132812,1.02734375,2,false,false]],"colorTransform":[20,20,20,20,60,60,60,0]}]},{"objects":[{"name":null,"type":1,"depth":1,"symbol":50,"clipDepth":0,"id":0,"filters":[[3,778146,1,5,5,1,2,false,false]],"colorTransform":[20,20,20,20,0,0,0,0]}]}]},{"type":5,"id":50,"frames":[{"objects":[{"name":null,"type":0,"depth":1,"symbol":49,"clipDepth":0,"id":0,"matrix":[1,0,0,1,0,0]}]}]},{"type":4,"id":49,"commands":[3,5,2,0,[15990779,15400183,6029263],[1,1,1],[0,43,255],[-0.0287933349609375,0,0,-0.044677734375,189,7],0,1,0,8,189,87,7,-187,-281,7,-187,-649,7,553,91,7,-187,831,7,-187,471,7,189,87,5]},{"path":"symbols/48.png","type":0,"className":"noboostactive","baseClassName":null,"id":48},{"path":"symbols/47.png","type":0,"className":"HUD_boost_active","baseClassName":null,"id":47},{"path":"symbols/46.png","type":0,"className":"HUD_boost_empty","baseClassName":null,"id":46},{"path":"symbols/45.png","type":0,"className":"HUD_boost_inactive","baseClassName":null,"id":45},{"path":"symbols/44.png","type":0,"className":"increasedmg_bronze_sm","baseClassName":null,"id":44},{"path":"symbols/43.png","type":0,"className":"increasedmg_gold_sm","baseClassName":null,"id":43},{"path":"symbols/42.png","type":0,"className":"increasedmg_silver_sm","baseClassName":null,"id":42},{"path":"symbols/41.png","type":0,"className":"increasemedals_bronze_sm","baseClassName":null,"id":41},{"path":"symbols/40.png","type":0,"className":"increasemedals_gold_sm","baseClassName":null,"id":40},{"path":"symbols/39.png","type":0,"className":"increasemedals_silver_sm","baseClassName":null,"id":39},{"path":"symbols/38.png","type":0,"className":"increaseshops_bronze_sm","baseClassName":null,"id":38},{"path":"symbols/37.png","type":0,"className":"increaseshops_gold_sm","baseClassName":null,"id":37},{"path":"symbols/36.png","type":0,"className":"increaseshops_silver_sm","baseClassName":null,"id":36},{"path":"symbols/35.png","type":0,"className":"increasevxp_bronze_sm","baseClassName":null,"id":35},{"path":"symbols/34.png","type":0,"className":"increasevxp_gold_sm","baseClassName":null,"id":34},{"path":"symbols/33.png","type":0,"className":"increasevxp_silver_sm","baseClassName":null,"id":33},{"path":"symbols/32.png","type":0,"className":"increasexp_bronze_sm","baseClassName":null,"id":32},{"path":"symbols/31.png","type":0,"className":"increasexp_gold_sm","baseClassName":null,"id":31},{"path":"symbols/30.png","type":0,"className":"increasexp_silver_sm","baseClassName":null,"id":30},{"path":"symbols/29.png","type":0,"className":"reducedmg_silver_sm","baseClassName":null,"id":29},{"path":"symbols/28.png","type":0,"className":"icn_active_boost","baseClassName":null,"id":28},{"path":"symbols/27.png","type":0,"className":"icn_inactive_boost","baseClassName":null,"id":27},{"path":"symbols/26.png","type":0,"className":"reducedmg_bronze_sm","baseClassName":null,"id":26},{"path":"symbols/25.png","type":0,"className":"reducedmg_gold_sm","baseClassName":null,"id":25},{"path":"symbols/24.png","type":0,"className":"WarEfforts.InActive","baseClassName":null,"id":24},{"path":"symbols/23.png","type":0,"className":"WarEfforts.Base_Defense_Gold","baseClassName":null,"id":23},{"path":"symbols/22.png","type":0,"className":"WarEfforts.Base_Defense_Bronze","baseClassName":null,"id":22},{"path":"symbols/21.png","type":0,"className":"WarEfforts.Base_Defense","baseClassName":null,"id":21},{"path":"symbols/20.png","type":0,"className":"WarEfforts.Resource_Gain","baseClassName":null,"id":20},{"path":"symbols/19.png","type":0,"className":"WarEfforts.Resource_Gain_Bronze","baseClassName":null,"id":19},{"path":"symbols/18.png","type":0,"className":"WarEfforts.Resource_Gain_Gold","baseClassName":null,"id":18},{"path":"symbols/17.png","type":0,"className":"WarEfforts.Unit_Damage","baseClassName":null,"id":17},{"path":"symbols/16.png","type":0,"className":"WarEfforts.Unit_Damage_Bronze","baseClassName":null,"id":16},{"path":"symbols/15.png","type":0,"className":"WarEfforts.Unit_Damage_Gold","baseClassName":null,"id":15},{"path":"symbols/14.png","type":0,"className":"increase_def_gold","baseClassName":null,"id":14},{"path":"symbols/13.png","type":0,"className":"increase_off_gold","baseClassName":null,"id":13},{"path":"symbols/12.png","type":0,"className":"increaseair_def_bronze","baseClassName":null,"id":12},{"path":"symbols/11.png","type":0,"className":"increaseair_off_bronze","baseClassName":null,"id":11},{"path":"symbols/66.png","type":0,"className":"HUD_defense_common","baseClassName":null,"id":66},{"path":"symbols/10.png","type":0,"className":"increaseinfantry_def_bronze","baseClassName":null,"id":10},{"path":"symbols/65.png","type":0,"className":"HUD_defense_empty","baseClassName":null,"id":65},{"path":"symbols/9.png","type":0,"className":"increaseinfantry_off_bronze","baseClassName":null,"id":9},{"path":"symbols/64.png","type":0,"className":"HUD_defense_rare","baseClassName":null,"id":64},{"path":"symbols/8.png","type":0,"className":"increasevehicle_def_bronze","baseClassName":null,"id":8},{"path":"symbols/63.png","type":0,"className":"HUD_defense_uncommon","baseClassName":null,"id":63},{"path":"symbols/7.png","type":0,"className":"increasevehicle_off_bronze","baseClassName":null,"id":7},{"path":"symbols/62.png","type":0,"className":"HUD_offense_common","baseClassName":null,"id":62},{"path":"symbols/6.png","type":0,"className":"boost_01","baseClassName":null,"id":6},{"path":"symbols/61.png","type":0,"className":"HUD_offense_empty","baseClassName":null,"id":61},{"path":"symbols/5.png","type":0,"className":"boost_02","baseClassName":null,"id":5},{"path":"symbols/60.png","type":0,"className":"HUD_offense_rare","baseClassName":null,"id":60},{"path":"symbols/4.png","type":0,"className":"boost_03","baseClassName":null,"id":4},{"path":"symbols/59.png","type":0,"className":"HUD_offense_uncommon","baseClassName":null,"id":59},{"path":"symbols/3.png","type":0,"className":"boost_04","baseClassName":null,"id":3},{"path":"symbols/58.png","type":0,"className":"HUD_special_common","baseClassName":null,"id":58},{"path":"symbols/2.png","type":0,"className":"boost_05","baseClassName":null,"id":2},{"path":"symbols/57.png","type":0,"className":"HUD_special_empty","baseClassName":null,"id":57},{"path":"symbols/1.png","type":0,"className":"boost_06","baseClassName":null,"id":1},{"path":"symbols/56.png","type":0,"className":"HUD_special_rare","baseClassName":null,"id":56}],"frameRate":40}