{"name":null,"assets":[{"path":"symbols/66.png","type":"IMAGE"},{"path":"symbols/65.png","type":"IMAGE"},{"path":"symbols/64.png","type":"IMAGE"},{"path":"symbols/63.png","type":"IMAGE"},{"path":"symbols/62.png","type":"IMAGE"},{"path":"symbols/61.png","type":"IMAGE"},{"path":"symbols/60.png","type":"IMAGE"},{"path":"symbols/59.png","type":"IMAGE"},{"path":"symbols/58.png","type":"IMAGE"},{"path":"symbols/57.png","type":"IMAGE"},{"path":"symbols/56.png","type":"IMAGE"},{"path":"symbols/55.png","type":"IMAGE"},{"path":"symbols/54.png","type":"IMAGE"},{"path":"symbols/48.png","type":"IMAGE"},{"path":"symbols/47.png","type":"IMAGE"},{"path":"symbols/46.png","type":"IMAGE"},{"path":"symbols/45.png","type":"IMAGE"},{"path":"symbols/44.png","type":"IMAGE"},{"path":"symbols/43.png","type":"IMAGE"},{"path":"symbols/42.png","type":"IMAGE"},{"path":"symbols/41.png","type":"IMAGE"},{"path":"symbols/40.png","type":"IMAGE"},{"path":"symbols/39.png","type":"IMAGE"},{"path":"symbols/38.png","type":"IMAGE"},{"path":"symbols/37.png","type":"IMAGE"},{"path":"symbols/36.png","type":"IMAGE"},{"path":"symbols/35.png","type":"IMAGE"},{"path":"symbols/34.png","type":"IMAGE"},{"path":"symbols/33.png","type":"IMAGE"},{"path":"symbols/32.png","type":"IMAGE"},{"path":"symbols/31.png","type":"IMAGE"},{"path":"symbols/30.png","type":"IMAGE"},{"path":"symbols/29.png","type":"IMAGE"},{"path":"symbols/28.png","type":"IMAGE"},{"path":"symbols/27.png","type":"IMAGE"},{"path":"symbols/26.png","type":"IMAGE"},{"path":"symbols/25.png","type":"IMAGE"},{"path":"symbols/24.png","type":"IMAGE"},{"path":"symbols/23.png","type":"IMAGE"},{"path":"symbols/22.png","type":"IMAGE"},{"path":"symbols/21.png","type":"IMAGE"},{"path":"symbols/20.png","type":"IMAGE"},{"path":"symbols/19.png","type":"IMAGE"},{"path":"symbols/18.png","type":"IMAGE"},{"path":"symbols/17.png","type":"IMAGE"},{"path":"symbols/16.png","type":"IMAGE"},{"path":"symbols/15.png","type":"IMAGE"},{"path":"symbols/14.png","type":"IMAGE"},{"path":"symbols/13.png","type":"IMAGE"},{"path":"symbols/12.png","type":"IMAGE"},{"path":"symbols/11.png","type":"IMAGE"},{"path":"symbols/10.png","type":"IMAGE"},{"path":"symbols/9.png","type":"IMAGE"},{"path":"symbols/8.png","type":"IMAGE"},{"path":"symbols/7.png","type":"IMAGE"},{"path":"symbols/6.png","type":"IMAGE"},{"path":"symbols/5.png","type":"IMAGE"},{"path":"symbols/4.png","type":"IMAGE"},{"path":"symbols/3.png","type":"IMAGE"},{"path":"symbols/2.png","type":"IMAGE"},{"path":"symbols/1.png","type":"IMAGE"},{"path":"data.json","type":"TEXT"}],"rootPath":null,"version":3,"libraryArgs":["data.json","KgB2KwEl3FV1RXBcgEaA"],"libraryType":"openfl._internal.formats.animate.AnimateLibrary"}