{"name":null,"assets":[{"path":"symbols/4.png","type":"IMAGE"},{"path":"symbols/238.png","type":"IMAGE"},{"path":"symbols/103.png","type":"IMAGE"},{"path":"symbols/29.png","type":"IMAGE"},{"path":"symbols/28.png","type":"IMAGE"},{"path":"symbols/27.png","type":"IMAGE"},{"path":"symbols/26.png","type":"IMAGE"},{"path":"symbols/25.png","type":"IMAGE"},{"path":"symbols/24.png","type":"IMAGE"},{"path":"symbols/23.png","type":"IMAGE"},{"path":"symbols/22.png","type":"IMAGE"},{"path":"symbols/21.png","type":"IMAGE"},{"path":"symbols/20.png","type":"IMAGE"},{"path":"symbols/19.png","type":"IMAGE"},{"path":"symbols/18.png","type":"IMAGE"},{"path":"symbols/49.png","type":"IMAGE"},{"path":"symbols/48.png","type":"IMAGE"},{"path":"symbols/95.png","type":"IMAGE"},{"path":"symbols/112.png","type":"IMAGE"},{"path":"data.json","type":"TEXT"}],"rootPath":null,"version":3,"libraryArgs":["data.json","pozS2mjRIq74gicmG8cM"],"libraryType":"openfl._internal.formats.animate.AnimateLibrary"}