{"root":0,"uuid":"azLdZWrq3FdIchBOjRry","version":0.1,"symbols":[{"type":5,"frames":[{"objects":[{"name":"attackLog","type":0,"depth":1,"symbol":4,"clipDepth":0,"id":7,"matrix":[1,0,0,1,1379,2037]}]}]},{"type":5,"className":"attacklogCTA","baseClassName":null,"id":4,"frames":[{"objects":[{"name":null,"type":0,"depth":1,"symbol":3,"clipDepth":0,"id":0,"filters":[[3,16777164,1,0,0,0,1,false,false]],"matrix":[1,0,0,1,0,0]}]},{"objects":[{"name":null,"type":1,"depth":1,"symbol":3,"clipDepth":0,"id":0,"filters":[[3,16777164,1,0.12664794921875,0.12664794921875,0.0078125,1,false,false]],"colorTransform":[20,20,20,20,40,40,40,0]}]},{"objects":[{"name":null,"type":1,"depth":1,"symbol":3,"clipDepth":0,"id":0,"filters":[[3,16777164,1,0.253143310546875,0.253143310546875,0.01953125,1,false,false]],"colorTransform":[20,20,20,20,80,80,60,0]}]},{"objects":[{"name":null,"type":1,"depth":1,"symbol":3,"clipDepth":0,"id":0,"filters":[[3,16777164,1,0.379791259765625,0.379791259765625,0.02734375,1,false,false]],"colorTransform":[20,20,20,20,120,120,100,0]}]},{"objects":[{"name":null,"type":1,"depth":1,"symbol":3,"clipDepth":0,"id":0,"filters":[[3,16777164,1,0.50628662109375,0.50628662109375,0.0390625,1,false,false]],"colorTransform":[20,20,20,20,160,160,120,0]}]},{"objects":[{"name":null,"type":1,"depth":1,"symbol":3,"clipDepth":0,"id":0,"filters":[[3,16777164,1,0.6329345703125,0.6329345703125,0.046875,1,false,false]],"colorTransform":[20,20,20,20,180,180,160,0]}]},{"objects":[{"name":null,"type":1,"depth":1,"symbol":3,"clipDepth":0,"id":0,"filters":[[3,16777164,1,0.759429931640625,0.759429931640625,0.05859375,1,false,false]],"colorTransform":[20,20,20,20,220,220,180,0]}]},{"objects":[{"name":null,"type":1,"depth":1,"symbol":3,"clipDepth":0,"id":0,"filters":[[3,16777164,1,0.886077880859375,0.886077880859375,0.06640625,1,false,false]],"colorTransform":[20,20,20,20,260,260,220,0]}]},{"objects":[{"name":null,"type":1,"depth":1,"symbol":3,"clipDepth":0,"id":0,"filters":[[3,16777164,1,1.01272583007813,1.01272583007813,0.08984375,1,false,false]],"colorTransform":[20,20,20,20,300,300,260,0]}]},{"objects":[{"name":null,"type":1,"depth":1,"symbol":3,"clipDepth":0,"id":0,"filters":[[3,16777164,1,1.13922119140625,1.13922119140625,0.09765625,1,false,false]],"colorTransform":[20,20,20,20,340,340,280,0]}]},{"objects":[{"name":null,"type":1,"depth":1,"symbol":3,"clipDepth":0,"id":0,"filters":[[3,16777164,1,1.265869140625,1.265869140625,0.109375,1,false,false]],"colorTransform":[20,20,20,20,380,380,320,0]}]},{"objects":[{"name":null,"type":1,"depth":1,"symbol":3,"clipDepth":0,"id":0,"filters":[[3,16777164,1,1.39236450195313,1.39236450195313,0.1171875,1,false,false]],"colorTransform":[20,20,20,20,420,420,340,0]}]},{"objects":[{"name":null,"type":1,"depth":1,"symbol":3,"clipDepth":0,"id":0,"filters":[[3,16777164,1,1.51901245117188,1.51901245117188,0.12890625,1,false,false]],"colorTransform":[20,20,20,20,460,460,380,0]}]},{"objects":[{"name":null,"type":1,"depth":1,"symbol":3,"clipDepth":0,"id":0,"filters":[[3,16777164,1,1.6455078125,1.6455078125,0.13671875,1,false,false]],"colorTransform":[20,20,20,20,500,500,420,0]}]},{"objects":[{"name":null,"type":1,"depth":1,"symbol":3,"clipDepth":0,"id":0,"filters":[[3,16777164,1,1.77215576171875,1.77215576171875,0.1484375,1,false,false]],"colorTransform":[20,20,20,20,540,540,440,0]}]},{"objects":[{"name":null,"type":1,"depth":1,"symbol":3,"clipDepth":0,"id":0,"filters":[[3,16777164,1,1.8988037109375,1.8988037109375,0.16796875,1,false,false]],"colorTransform":[20,20,20,20,560,560,480,0]}]},{"objects":[{"name":null,"type":1,"depth":1,"symbol":3,"clipDepth":0,"id":0,"filters":[[3,16777164,1,2.02529907226563,2.02529907226563,0.1796875,1,false,false]],"colorTransform":[20,20,20,20,600,600,500,0]}]},{"objects":[{"name":null,"type":1,"depth":1,"symbol":3,"clipDepth":0,"id":0,"filters":[[3,16777164,1,2.15194702148438,2.15194702148438,0.1875,1,false,false]],"colorTransform":[20,20,20,20,640,640,540,0]}]},{"objects":[{"name":null,"type":1,"depth":1,"symbol":3,"clipDepth":0,"id":0,"filters":[[3,16777164,1,2.2784423828125,2.2784423828125,0.19921875,1,false,false]],"colorTransform":[20,20,20,20,680,680,560,0]}]},{"objects":[{"name":null,"type":1,"depth":1,"symbol":3,"clipDepth":0,"id":0,"filters":[[3,16777164,1,2.40509033203125,2.40509033203125,0.20703125,1,false,false]],"colorTransform":[20,20,20,20,720,720,600,0]}]},{"objects":[{"name":null,"type":1,"depth":1,"symbol":3,"clipDepth":0,"id":0,"filters":[[3,16777164,1,2.53158569335938,2.53158569335938,0.21875,1,false,false]],"colorTransform":[20,20,20,20,760,760,640,0]}]},{"objects":[{"name":null,"type":1,"depth":1,"symbol":3,"clipDepth":0,"id":0,"filters":[[3,16777164,1,2.65823364257813,2.65823364257813,0.2265625,1,false,false]],"colorTransform":[20,20,20,20,800,800,660,0]}]},{"objects":[{"name":null,"type":1,"depth":1,"symbol":3,"clipDepth":0,"id":0,"filters":[[3,16777164,1,2.78488159179688,2.78488159179688,0.25,1,false,false]],"colorTransform":[20,20,20,20,840,840,700,0]}]},{"objects":[{"name":null,"type":1,"depth":1,"symbol":3,"clipDepth":0,"id":0,"filters":[[3,16777164,1,2.911376953125,2.911376953125,0.2578125,1,false,false]],"colorTransform":[20,20,20,20,880,880,720,0]}]},{"objects":[{"name":null,"type":1,"depth":1,"symbol":3,"clipDepth":0,"id":0,"filters":[[3,16777164,1,3.03802490234375,3.03802490234375,0.26953125,1,false,false]],"colorTransform":[20,20,20,20,920,920,760,0]}]},{"objects":[{"name":null,"type":1,"depth":1,"symbol":3,"clipDepth":0,"id":0,"filters":[[3,16777164,1,3.16452026367188,3.16452026367188,0.27734375,1,false,false]],"colorTransform":[20,20,20,20,940,940,800,0]}]},{"objects":[{"name":null,"type":1,"depth":1,"symbol":3,"clipDepth":0,"id":0,"filters":[[3,16777164,1,3.29116821289063,3.29116821289063,0.2890625,1,false,false]],"colorTransform":[20,20,20,20,980,980,820,0]}]},{"objects":[{"name":null,"type":1,"depth":1,"symbol":3,"clipDepth":0,"id":0,"filters":[[3,16777164,1,3.41766357421875,3.41766357421875,0.296875,1,false,false]],"colorTransform":[20,20,20,20,1020,1020,860,0]}]},{"objects":[{"name":null,"type":1,"depth":1,"symbol":3,"clipDepth":0,"id":0,"filters":[[3,16777164,1,3.5443115234375,3.5443115234375,0.30859375,1,false,false]],"colorTransform":[20,20,20,20,1060,1060,880,0]}]},{"objects":[{"name":null,"type":1,"depth":1,"symbol":3,"clipDepth":0,"id":0,"filters":[[3,16777164,1,3.67095947265625,3.67095947265625,0.328125,1,false,false]],"colorTransform":[20,20,20,20,1100,1100,920,0]}]},{"objects":[{"name":null,"type":1,"depth":1,"symbol":3,"clipDepth":0,"id":0,"filters":[[3,16777164,1,3.79745483398438,3.79745483398438,0.33984375,1,false,false]],"colorTransform":[20,20,20,20,1140,1140,940,0]}]},{"objects":[{"name":null,"type":1,"depth":1,"symbol":3,"clipDepth":0,"id":0,"filters":[[3,16777164,1,3.92410278320313,3.92410278320313,0.34765625,1,false,false]],"colorTransform":[20,20,20,20,1180,1180,980,0]}]},{"objects":[{"name":null,"type":1,"depth":1,"symbol":3,"clipDepth":0,"id":0,"filters":[[3,16777164,1,4.05059814453125,4.05059814453125,0.359375,1,false,false]],"colorTransform":[20,20,20,20,1220,1220,1020,0]}]},{"objects":[{"name":null,"type":1,"depth":1,"symbol":3,"clipDepth":0,"id":0,"filters":[[3,16777164,1,4.17724609375,4.17724609375,0.3671875,1,false,false]],"colorTransform":[20,20,20,20,1260,1260,1040,0]}]},{"objects":[{"name":null,"type":1,"depth":1,"symbol":3,"clipDepth":0,"id":0,"filters":[[3,16777164,1,4.30374145507813,4.30374145507813,0.37890625,1,false,false]],"colorTransform":[20,20,20,20,1300,1300,1080,0]}]},{"objects":[{"name":null,"type":1,"depth":1,"symbol":3,"clipDepth":0,"id":0,"filters":[[3,16777164,1,4.43038940429688,4.43038940429688,0.38671875,1,false,false]],"colorTransform":[20,20,20,20,1320,1320,1100,0]}]},{"objects":[{"name":null,"type":1,"depth":1,"symbol":3,"clipDepth":0,"id":0,"filters":[[3,16777164,1,4.55703735351563,4.55703735351563,0.40625,1,false,false]],"colorTransform":[20,20,20,20,1360,1360,1140,0]}]},{"objects":[{"name":null,"type":1,"depth":1,"symbol":3,"clipDepth":0,"id":0,"filters":[[3,16777164,1,4.68353271484375,4.68353271484375,0.41796875,1,false,false]],"colorTransform":[20,20,20,20,1400,1400,1180,0]}]},{"objects":[{"name":null,"type":1,"depth":1,"symbol":3,"clipDepth":0,"id":0,"filters":[[3,16777164,1,4.8101806640625,4.8101806640625,0.4296875,1,false,false]],"colorTransform":[20,20,20,20,1440,1440,1200,0]}]},{"objects":[{"name":null,"type":1,"depth":1,"symbol":3,"clipDepth":0,"id":0,"filters":[[3,16777164,1,4.93667602539063,4.93667602539063,0.4375,1,false,false]],"colorTransform":[20,20,20,20,1480,1480,1240,0]}]},{"objects":[{"name":null,"type":1,"depth":1,"symbol":3,"clipDepth":0,"id":0,"filters":[[3,16777164,1,5.06332397460938,5.06332397460938,0.44921875,1,false,false]],"colorTransform":[20,20,20,20,1520,1520,1260,0]}]},{"objects":[{"name":null,"type":1,"depth":1,"symbol":3,"clipDepth":0,"id":0,"filters":[[3,16777164,1,5.1898193359375,5.1898193359375,0.45703125,1,false,false]],"colorTransform":[20,20,20,20,1560,1560,1300,0]}]},{"objects":[{"name":null,"type":1,"depth":1,"symbol":3,"clipDepth":0,"id":0,"filters":[[3,16777164,1,5.31646728515625,5.31646728515625,0.46875,1,false,false]],"colorTransform":[20,20,20,20,1600,1600,1320,0]}]},{"objects":[{"name":null,"type":1,"depth":1,"symbol":3,"clipDepth":0,"id":0,"filters":[[3,16777164,1,5.44296264648438,5.44296264648438,0.4765625,1,false,false]],"colorTransform":[20,20,20,20,1640,1640,1360,0]}]},{"objects":[{"name":null,"type":1,"depth":1,"symbol":3,"clipDepth":0,"id":0,"filters":[[3,16777164,1,5.56961059570313,5.56961059570313,0.5,1,false,false]],"colorTransform":[20,20,20,20,1680,1680,1400,0]}]},{"objects":[{"name":null,"type":1,"depth":1,"symbol":3,"clipDepth":0,"id":0,"filters":[[3,16777164,1,5.69625854492188,5.69625854492188,0.5078125,1,false,false]],"colorTransform":[20,20,20,20,1700,1700,1420,0]}]},{"objects":[{"name":null,"type":1,"depth":1,"symbol":3,"clipDepth":0,"id":0,"filters":[[3,16777164,1,5.82275390625,5.82275390625,0.51953125,1,false,false]],"colorTransform":[20,20,20,20,1740,1740,1460,0]}]},{"objects":[{"name":null,"type":1,"depth":1,"symbol":3,"clipDepth":0,"id":0,"filters":[[3,16777164,1,5.94940185546875,5.94940185546875,0.52734375,1,false,false]],"colorTransform":[20,20,20,20,1780,1780,1480,0]}]},{"objects":[{"name":null,"type":1,"depth":1,"symbol":3,"clipDepth":0,"id":0,"filters":[[3,16777164,1,6.07589721679688,6.07589721679688,0.5390625,1,false,false]],"colorTransform":[20,20,20,20,1820,1820,1520,0]}]},{"objects":[{"name":null,"type":1,"depth":1,"symbol":3,"clipDepth":0,"id":0,"filters":[[3,16777164,1,6.20254516601563,6.20254516601563,0.546875,1,false,false]],"colorTransform":[20,20,20,20,1860,1860,1560,0]}]},{"objects":[{"name":null,"type":1,"depth":1,"symbol":3,"clipDepth":0,"id":0,"filters":[[3,16777164,1,6.32904052734375,6.32904052734375,0.55859375,1,false,false]],"colorTransform":[20,20,20,20,1900,1900,1580,0]}]},{"objects":[{"name":null,"type":1,"depth":1,"symbol":3,"clipDepth":0,"id":0,"filters":[[3,16777164,1,6.4556884765625,6.4556884765625,0.578125,1,false,false]],"colorTransform":[20,20,20,20,1940,1940,1620,0]}]},{"objects":[{"name":null,"type":1,"depth":1,"symbol":3,"clipDepth":0,"id":0,"filters":[[3,16777164,1,6.58233642578125,6.58233642578125,0.58984375,1,false,false]],"colorTransform":[20,20,20,20,1980,1980,1640,0]}]},{"objects":[{"name":null,"type":1,"depth":1,"symbol":3,"clipDepth":0,"id":0,"filters":[[3,16777164,1,6.70883178710938,6.70883178710938,0.59765625,1,false,false]],"colorTransform":[20,20,20,20,2020,2020,1680,0]}]},{"objects":[{"name":null,"type":1,"depth":1,"symbol":3,"clipDepth":0,"id":0,"filters":[[3,16777164,1,6.83547973632813,6.83547973632813,0.609375,1,false,false]],"colorTransform":[20,20,20,20,2060,2060,1700,0]}]},{"objects":[{"name":null,"type":1,"depth":1,"symbol":3,"clipDepth":0,"id":0,"filters":[[3,16777164,1,6.96197509765625,6.96197509765625,0.6171875,1,false,false]],"colorTransform":[20,20,20,20,2080,2080,1740,0]}]},{"objects":[{"name":null,"type":1,"depth":1,"symbol":3,"clipDepth":0,"id":0,"filters":[[3,16777164,1,7.088623046875,7.088623046875,0.62890625,1,false,false]],"colorTransform":[20,20,20,20,2120,2120,1780,0]}]},{"objects":[{"name":null,"type":1,"depth":1,"symbol":3,"clipDepth":0,"id":0,"filters":[[3,16777164,1,7.21511840820313,7.21511840820313,0.63671875,1,false,false]],"colorTransform":[20,20,20,20,2160,2160,1800,0]}]},{"objects":[{"name":null,"type":1,"depth":1,"symbol":3,"clipDepth":0,"id":0,"filters":[[3,16777164,1,7.34176635742188,7.34176635742188,0.65625,1,false,false]],"colorTransform":[20,20,20,20,2200,2200,1840,0]}]},{"objects":[{"name":null,"type":1,"depth":1,"symbol":3,"clipDepth":0,"id":0,"filters":[[3,16777164,1,7.46841430664063,7.46841430664063,0.66796875,1,false,false]],"colorTransform":[20,20,20,20,2240,2240,1860,0]}]},{"objects":[{"name":null,"type":1,"depth":1,"symbol":3,"clipDepth":0,"id":0,"filters":[[3,16777164,1,7.59490966796875,7.59490966796875,0.6796875,1,false,false]],"colorTransform":[20,20,20,20,2280,2280,1900,0]}]},{"objects":[{"name":null,"type":1,"depth":1,"symbol":3,"clipDepth":0,"id":0,"filters":[[3,16777164,1,7.7215576171875,7.7215576171875,0.6875,1,false,false]],"colorTransform":[20,20,20,20,2320,2320,1940,0]}]},{"objects":[{"name":null,"type":1,"depth":1,"symbol":3,"clipDepth":0,"id":0,"filters":[[3,16777164,1,7.84805297851563,7.84805297851563,0.69921875,1,false,false]],"colorTransform":[20,20,20,20,2360,2360,1960,0]}]},{"objects":[{"name":null,"type":1,"depth":1,"symbol":3,"clipDepth":0,"id":0,"filters":[[3,16777164,1,7.97470092773438,7.97470092773438,0.70703125,1,false,false]],"colorTransform":[20,20,20,20,2400,2400,2000,0]}]},{"objects":[{"name":null,"type":1,"depth":1,"symbol":3,"clipDepth":0,"id":0,"filters":[[3,16777164,1,8.1011962890625,8.1011962890625,0.71875,1,false,false]],"colorTransform":[20,20,20,20,2440,2440,2020,0]}]},{"objects":[{"name":null,"type":1,"depth":1,"symbol":3,"clipDepth":0,"id":0,"filters":[[3,16777164,1,8.22784423828125,8.22784423828125,0.73828125,1,false,false]],"colorTransform":[20,20,20,20,2460,2460,2060,0]}]},{"objects":[{"name":null,"type":1,"depth":1,"symbol":3,"clipDepth":0,"id":0,"filters":[[3,16777164,1,8.3544921875,8.3544921875,0.75,1,false,false]],"colorTransform":[20,20,20,20,2500,2500,2080,0]}]},{"objects":[{"name":null,"type":1,"depth":1,"symbol":3,"clipDepth":0,"id":0,"filters":[[3,16777164,1,8.48098754882813,8.48098754882813,0.7578125,1,false,false]],"colorTransform":[20,20,20,20,2540,2540,2120,0]}]},{"objects":[{"name":null,"type":1,"depth":1,"symbol":3,"clipDepth":0,"id":0,"filters":[[3,16777164,1,8.60763549804688,8.60763549804688,0.76953125,1,false,false]],"colorTransform":[20,20,20,20,2580,2580,2160,0]}]},{"objects":[{"name":null,"type":1,"depth":1,"symbol":3,"clipDepth":0,"id":0,"filters":[[3,16777164,1,8.734130859375,8.734130859375,0.77734375,1,false,false]],"colorTransform":[20,20,20,20,2620,2620,2180,0]}]},{"objects":[{"name":null,"type":1,"depth":1,"symbol":3,"clipDepth":0,"id":0,"filters":[[3,16777164,1,8.86077880859375,8.86077880859375,0.7890625,1,false,false]],"colorTransform":[20,20,20,20,2660,2660,2220,0]}]},{"objects":[{"name":null,"type":1,"depth":1,"symbol":3,"clipDepth":0,"id":0,"filters":[[3,16777164,1,8.98727416992188,8.98727416992188,0.796875,1,false,false]],"colorTransform":[20,20,20,20,2700,2700,2240,0]}]},{"objects":[{"name":null,"type":1,"depth":1,"symbol":3,"clipDepth":0,"id":0,"filters":[[3,16777164,1,9.11392211914063,9.11392211914063,0.81640625,1,false,false]],"colorTransform":[20,20,20,20,2740,2740,2280,0]}]},{"objects":[{"name":null,"type":1,"depth":1,"symbol":3,"clipDepth":0,"id":0,"filters":[[3,16777164,1,9.24057006835938,9.24057006835938,0.828125,1,false,false]],"colorTransform":[20,20,20,20,2780,2780,2320,0]}]},{"objects":[{"name":null,"type":1,"depth":1,"symbol":3,"clipDepth":0,"id":0,"filters":[[3,16777164,1,9.3670654296875,9.3670654296875,0.83984375,1,false,false]],"colorTransform":[20,20,20,20,2820,2820,2340,0]}]},{"objects":[{"name":null,"type":1,"depth":1,"symbol":3,"clipDepth":0,"id":0,"filters":[[3,16777164,1,9.49371337890625,9.49371337890625,0.84765625,1,false,false]],"colorTransform":[20,20,20,20,2840,2840,2380,0]}]},{"objects":[{"name":null,"type":1,"depth":1,"symbol":3,"clipDepth":0,"id":0,"filters":[[3,16777164,1,9.62020874023438,9.62020874023438,0.859375,1,false,false]],"colorTransform":[20,20,20,20,2880,2880,2400,0]}]},{"objects":[{"name":null,"type":1,"depth":1,"symbol":3,"clipDepth":0,"id":0,"filters":[[3,16777164,1,9.74685668945313,9.74685668945313,0.8671875,1,false,false]],"colorTransform":[20,20,20,20,2920,2920,2440,0]}]},{"objects":[{"name":null,"type":1,"depth":1,"symbol":3,"clipDepth":0,"id":0,"filters":[[3,16777164,1,9.87335205078125,9.87335205078125,0.87890625,1,false,false]],"colorTransform":[20,20,20,20,2960,2960,2460,0]}]},{"objects":[{"name":null,"type":1,"depth":1,"symbol":3,"clipDepth":0,"id":0,"filters":[[3,16777164,1,10,10,0.8984375,1,false,false]],"colorTransform":[20,20,20,20,3000,3000,2500,0]}]},{"objects":[{"name":null,"type":1,"depth":1,"symbol":3,"clipDepth":0,"id":0,"filters":[[3,16777164,1,9.87503051757813,9.87503051757813,0.87890625,1,false,false]],"colorTransform":[20,20,20,20,2960,2960,2460,0]}]},{"objects":[{"name":null,"type":1,"depth":1,"symbol":3,"clipDepth":0,"id":0,"filters":[[3,16777164,1,9.75006103515625,9.75006103515625,0.8671875,1,false,false]],"colorTransform":[20,20,20,20,2920,2920,2440,0]}]},{"objects":[{"name":null,"type":1,"depth":1,"symbol":3,"clipDepth":0,"id":0,"filters":[[3,16777164,1,9.62493896484375,9.62493896484375,0.859375,1,false,false]],"colorTransform":[20,20,20,20,2880,2880,2400,0]}]},{"objects":[{"name":null,"type":1,"depth":1,"symbol":3,"clipDepth":0,"id":0,"filters":[[3,16777164,1,9.49996948242188,9.49996948242188,0.84765625,1,false,false]],"colorTransform":[20,20,20,20,2840,2840,2380,0]}]},{"objects":[{"name":null,"type":1,"depth":1,"symbol":3,"clipDepth":0,"id":0,"filters":[[3,16777164,1,9.375,9.375,0.83984375,1,false,false]],"colorTransform":[20,20,20,20,2820,2820,2340,0]}]},{"objects":[{"name":null,"type":1,"depth":1,"symbol":3,"clipDepth":0,"id":0,"filters":[[3,16777164,1,9.25003051757813,9.25003051757813,0.828125,1,false,false]],"colorTransform":[20,20,20,20,2780,2780,2320,0]}]},{"objects":[{"name":null,"type":1,"depth":1,"symbol":3,"clipDepth":0,"id":0,"filters":[[3,16777164,1,9.12506103515625,9.12506103515625,0.81640625,1,false,false]],"colorTransform":[20,20,20,20,2740,2740,2280,0]}]},{"objects":[{"name":null,"type":1,"depth":1,"symbol":3,"clipDepth":0,"id":0,"filters":[[3,16777164,1,8.99993896484375,8.99993896484375,0.796875,1,false,false]],"colorTransform":[20,20,20,20,2700,2700,2240,0]}]},{"objects":[{"name":null,"type":1,"depth":1,"symbol":3,"clipDepth":0,"id":0,"filters":[[3,16777164,1,8.87496948242188,8.87496948242188,0.7890625,1,false,false]],"colorTransform":[20,20,20,20,2660,2660,2220,0]}]},{"objects":[{"name":null,"type":1,"depth":1,"symbol":3,"clipDepth":0,"id":0,"filters":[[3,16777164,1,8.75,8.75,0.77734375,1,false,false]],"colorTransform":[20,20,20,20,2620,2620,2180,0]}]},{"objects":[{"name":null,"type":1,"depth":1,"symbol":3,"clipDepth":0,"id":0,"filters":[[3,16777164,1,8.62503051757813,8.62503051757813,0.76953125,1,false,false]],"colorTransform":[20,20,20,20,2580,2580,2160,0]}]},{"objects":[{"name":null,"type":1,"depth":1,"symbol":3,"clipDepth":0,"id":0,"filters":[[3,16777164,1,8.50006103515625,8.50006103515625,0.7578125,1,false,false]],"colorTransform":[20,20,20,20,2560,2560,2120,0]}]},{"objects":[{"name":null,"type":1,"depth":1,"symbol":3,"clipDepth":0,"id":0,"filters":[[3,16777164,1,8.37493896484375,8.37493896484375,0.75,1,false,false]],"colorTransform":[20,20,20,20,2520,2520,2100,0]}]},{"objects":[{"name":null,"type":1,"depth":1,"symbol":3,"clipDepth":0,"id":0,"filters":[[3,16777164,1,8.24996948242188,8.24996948242188,0.73828125,1,false,false]],"colorTransform":[20,20,20,20,2480,2480,2060,0]}]},{"objects":[{"name":null,"type":1,"depth":1,"symbol":3,"clipDepth":0,"id":0,"filters":[[3,16777164,1,8.125,8.125,0.7265625,1,false,false]],"colorTransform":[20,20,20,20,2440,2440,2040,0]}]},{"objects":[{"name":null,"type":1,"depth":1,"symbol":3,"clipDepth":0,"id":0,"filters":[[3,16777164,1,8.00003051757813,8.00003051757813,0.71875,1,false,false]],"colorTransform":[20,20,20,20,2400,2400,2000,0]}]},{"objects":[{"name":null,"type":1,"depth":1,"symbol":3,"clipDepth":0,"id":0,"filters":[[3,16777164,1,7.87506103515625,7.87506103515625,0.69921875,1,false,false]],"colorTransform":[20,20,20,20,2360,2360,1960,0]}]},{"objects":[{"name":null,"type":1,"depth":1,"symbol":3,"clipDepth":0,"id":0,"filters":[[3,16777164,1,7.74993896484375,7.74993896484375,0.6875,1,false,false]],"colorTransform":[20,20,20,20,2320,2320,1940,0]}]},{"objects":[{"name":null,"type":1,"depth":1,"symbol":3,"clipDepth":0,"id":0,"filters":[[3,16777164,1,7.62496948242188,7.62496948242188,0.6796875,1,false,false]],"colorTransform":[20,20,20,20,2280,2280,1900,0]}]},{"objects":[{"name":null,"type":1,"depth":1,"symbol":3,"clipDepth":0,"id":0,"filters":[[3,16777164,1,7.5,7.5,0.66796875,1,false,false]],"colorTransform":[20,20,20,20,2260,2260,1880,0]}]},{"objects":[{"name":null,"type":1,"depth":1,"symbol":3,"clipDepth":0,"id":0,"filters":[[3,16777164,1,7.37503051757813,7.37503051757813,0.65625,1,false,false]],"colorTransform":[20,20,20,20,2220,2220,1840,0]}]},{"objects":[{"name":null,"type":1,"depth":1,"symbol":3,"clipDepth":0,"id":0,"filters":[[3,16777164,1,7.25006103515625,7.25006103515625,0.6484375,1,false,false]],"colorTransform":[20,20,20,20,2180,2180,1820,0]}]},{"objects":[{"name":null,"type":1,"depth":1,"symbol":3,"clipDepth":0,"id":0,"filters":[[3,16777164,1,7.12493896484375,7.12493896484375,0.63671875,1,false,false]],"colorTransform":[20,20,20,20,2140,2140,1780,0]}]},{"objects":[{"name":null,"type":1,"depth":1,"symbol":3,"clipDepth":0,"id":0,"filters":[[3,16777164,1,6.99996948242188,6.99996948242188,0.6171875,1,false,false]],"colorTransform":[20,20,20,20,2100,2100,1740,0]}]},{"objects":[{"name":null,"type":1,"depth":1,"symbol":3,"clipDepth":0,"id":0,"filters":[[3,16777164,1,6.875,6.875,0.609375,1,false,false]],"colorTransform":[20,20,20,20,2060,2060,1720,0]}]},{"objects":[{"name":null,"type":1,"depth":1,"symbol":3,"clipDepth":0,"id":0,"filters":[[3,16777164,1,6.75003051757813,6.75003051757813,0.59765625,1,false,false]],"colorTransform":[20,20,20,20,2020,2020,1680,0]}]},{"objects":[{"name":null,"type":1,"depth":1,"symbol":3,"clipDepth":0,"id":0,"filters":[[3,16777164,1,6.62506103515625,6.62506103515625,0.58984375,1,false,false]],"colorTransform":[20,20,20,20,1980,1980,1660,0]}]},{"objects":[{"name":null,"type":1,"depth":1,"symbol":3,"clipDepth":0,"id":0,"filters":[[3,16777164,1,6.49993896484375,6.49993896484375,0.578125,1,false,false]],"colorTransform":[20,20,20,20,1940,1940,1620,0]}]},{"objects":[{"name":null,"type":1,"depth":1,"symbol":3,"clipDepth":0,"id":0,"filters":[[3,16777164,1,6.37496948242188,6.37496948242188,0.56640625,1,false,false]],"colorTransform":[20,20,20,20,1920,1920,1600,0]}]},{"objects":[{"name":null,"type":1,"depth":1,"symbol":3,"clipDepth":0,"id":0,"filters":[[3,16777164,1,6.25,6.25,0.55859375,1,false,false]],"colorTransform":[20,20,20,20,1880,1880,1560,0]}]},{"objects":[{"name":null,"type":1,"depth":1,"symbol":3,"clipDepth":0,"id":0,"filters":[[3,16777164,1,6.12503051757813,6.12503051757813,0.546875,1,false,false]],"colorTransform":[20,20,20,20,1840,1840,1540,0]}]},{"objects":[{"name":null,"type":1,"depth":1,"symbol":3,"clipDepth":0,"id":0,"filters":[[3,16777164,1,6.00006103515625,6.00006103515625,0.5390625,1,false,false]],"colorTransform":[20,20,20,20,1800,1800,1500,0]}]},{"objects":[{"name":null,"type":1,"depth":1,"symbol":3,"clipDepth":0,"id":0,"filters":[[3,16777164,1,5.87493896484375,5.87493896484375,0.51953125,1,false,false]],"colorTransform":[20,20,20,20,1760,1760,1460,0]}]},{"objects":[{"name":null,"type":1,"depth":1,"symbol":3,"clipDepth":0,"id":0,"filters":[[3,16777164,1,5.74996948242188,5.74996948242188,0.5078125,1,false,false]],"colorTransform":[20,20,20,20,1720,1720,1440,0]}]},{"objects":[{"name":null,"type":1,"depth":1,"symbol":3,"clipDepth":0,"id":0,"filters":[[3,16777164,1,5.625,5.625,0.5,1,false,false]],"colorTransform":[20,20,20,20,1680,1680,1400,0]}]},{"objects":[{"name":null,"type":1,"depth":1,"symbol":3,"clipDepth":0,"id":0,"filters":[[3,16777164,1,5.50003051757813,5.50003051757813,0.48828125,1,false,false]],"colorTransform":[20,20,20,20,1660,1660,1380,0]}]},{"objects":[{"name":null,"type":1,"depth":1,"symbol":3,"clipDepth":0,"id":0,"filters":[[3,16777164,1,5.37506103515625,5.37506103515625,0.4765625,1,false,false]],"colorTransform":[20,20,20,20,1620,1620,1340,0]}]},{"objects":[{"name":null,"type":1,"depth":1,"symbol":3,"clipDepth":0,"id":0,"filters":[[3,16777164,1,5.24993896484375,5.24993896484375,0.46875,1,false,false]],"colorTransform":[20,20,20,20,1580,1580,1320,0]}]},{"objects":[{"name":null,"type":1,"depth":1,"symbol":3,"clipDepth":0,"id":0,"filters":[[3,16777164,1,5.12496948242188,5.12496948242188,0.45703125,1,false,false]],"colorTransform":[20,20,20,20,1540,1540,1280,0]}]},{"objects":[{"name":null,"type":1,"depth":1,"symbol":3,"clipDepth":0,"id":0,"filters":[[3,16777164,1,5,5,0.44921875,1,false,false]],"colorTransform":[20,20,20,20,1500,1500,1260,0]}]},{"objects":[{"name":null,"type":1,"depth":1,"symbol":3,"clipDepth":0,"id":0,"filters":[[3,16777164,1,4.87503051757813,4.87503051757813,0.4296875,1,false,false]],"colorTransform":[20,20,20,20,1460,1460,1220,0]}]},{"objects":[{"name":null,"type":1,"depth":1,"symbol":3,"clipDepth":0,"id":0,"filters":[[3,16777164,1,4.75006103515625,4.75006103515625,0.41796875,1,false,false]],"colorTransform":[20,20,20,20,1420,1420,1180,0]}]},{"objects":[{"name":null,"type":1,"depth":1,"symbol":3,"clipDepth":0,"id":0,"filters":[[3,16777164,1,4.62493896484375,4.62493896484375,0.40625,1,false,false]],"colorTransform":[20,20,20,20,1380,1380,1160,0]}]},{"objects":[{"name":null,"type":1,"depth":1,"symbol":3,"clipDepth":0,"id":0,"filters":[[3,16777164,1,4.49996948242188,4.49996948242188,0.3984375,1,false,false]],"colorTransform":[20,20,20,20,1340,1340,1120,0]}]},{"objects":[{"name":null,"type":1,"depth":1,"symbol":3,"clipDepth":0,"id":0,"filters":[[3,16777164,1,4.375,4.375,0.38671875,1,false,false]],"colorTransform":[20,20,20,20,1320,1320,1100,0]}]},{"objects":[{"name":null,"type":1,"depth":1,"symbol":3,"clipDepth":0,"id":0,"filters":[[3,16777164,1,4.25003051757813,4.25003051757813,0.37890625,1,false,false]],"colorTransform":[20,20,20,20,1280,1280,1060,0]}]},{"objects":[{"name":null,"type":1,"depth":1,"symbol":3,"clipDepth":0,"id":0,"filters":[[3,16777164,1,4.12506103515625,4.12506103515625,0.3671875,1,false,false]],"colorTransform":[20,20,20,20,1240,1240,1040,0]}]},{"objects":[{"name":null,"type":1,"depth":1,"symbol":3,"clipDepth":0,"id":0,"filters":[[3,16777164,1,3.99993896484375,3.99993896484375,0.34765625,1,false,false]],"colorTransform":[20,20,20,20,1200,1200,1000,0]}]},{"objects":[{"name":null,"type":1,"depth":1,"symbol":3,"clipDepth":0,"id":0,"filters":[[3,16777164,1,3.87496948242188,3.87496948242188,0.33984375,1,false,false]],"colorTransform":[20,20,20,20,1160,1160,960,0]}]},{"objects":[{"name":null,"type":1,"depth":1,"symbol":3,"clipDepth":0,"id":0,"filters":[[3,16777164,1,3.75,3.75,0.328125,1,false,false]],"colorTransform":[20,20,20,20,1120,1120,940,0]}]},{"objects":[{"name":null,"type":1,"depth":1,"symbol":3,"clipDepth":0,"id":0,"filters":[[3,16777164,1,3.62503051757813,3.62503051757813,0.31640625,1,false,false]],"colorTransform":[20,20,20,20,1080,1080,900,0]}]},{"objects":[{"name":null,"type":1,"depth":1,"symbol":3,"clipDepth":0,"id":0,"filters":[[3,16777164,1,3.50006103515625,3.50006103515625,0.30859375,1,false,false]],"colorTransform":[20,20,20,20,1060,1060,880,0]}]},{"objects":[{"name":null,"type":1,"depth":1,"symbol":3,"clipDepth":0,"id":0,"filters":[[3,16777164,1,3.37493896484375,3.37493896484375,0.296875,1,false,false]],"colorTransform":[20,20,20,20,1020,1020,840,0]}]},{"objects":[{"name":null,"type":1,"depth":1,"symbol":3,"clipDepth":0,"id":0,"filters":[[3,16777164,1,3.24996948242188,3.24996948242188,0.2890625,1,false,false]],"colorTransform":[20,20,20,20,980,980,820,0]}]},{"objects":[{"name":null,"type":1,"depth":1,"symbol":3,"clipDepth":0,"id":0,"filters":[[3,16777164,1,3.125,3.125,0.27734375,1,false,false]],"colorTransform":[20,20,20,20,940,940,780,0]}]},{"objects":[{"name":null,"type":1,"depth":1,"symbol":3,"clipDepth":0,"id":0,"filters":[[3,16777164,1,3.00003051757813,3.00003051757813,0.26953125,1,false,false]],"colorTransform":[20,20,20,20,900,900,760,0]}]},{"objects":[{"name":null,"type":1,"depth":1,"symbol":3,"clipDepth":0,"id":0,"filters":[[3,16777164,1,2.87506103515625,2.87506103515625,0.25,1,false,false]],"colorTransform":[20,20,20,20,860,860,720,0]}]},{"objects":[{"name":null,"type":1,"depth":1,"symbol":3,"clipDepth":0,"id":0,"filters":[[3,16777164,1,2.74993896484375,2.74993896484375,0.23828125,1,false,false]],"colorTransform":[20,20,20,20,820,820,680,0]}]},{"objects":[{"name":null,"type":1,"depth":1,"symbol":3,"clipDepth":0,"id":0,"filters":[[3,16777164,1,2.62496948242188,2.62496948242188,0.2265625,1,false,false]],"colorTransform":[20,20,20,20,780,780,660,0]}]},{"objects":[{"name":null,"type":1,"depth":1,"symbol":3,"clipDepth":0,"id":0,"filters":[[3,16777164,1,2.5,2.5,0.21875,1,false,false]],"colorTransform":[20,20,20,20,760,760,620,0]}]},{"objects":[{"name":null,"type":1,"depth":1,"symbol":3,"clipDepth":0,"id":0,"filters":[[3,16777164,1,2.37503051757813,2.37503051757813,0.20703125,1,false,false]],"colorTransform":[20,20,20,20,720,720,600,0]}]},{"objects":[{"name":null,"type":1,"depth":1,"symbol":3,"clipDepth":0,"id":0,"filters":[[3,16777164,1,2.25006103515625,2.25006103515625,0.19921875,1,false,false]],"colorTransform":[20,20,20,20,680,680,560,0]}]},{"objects":[{"name":null,"type":1,"depth":1,"symbol":3,"clipDepth":0,"id":0,"filters":[[3,16777164,1,2.12493896484375,2.12493896484375,0.1875,1,false,false]],"colorTransform":[20,20,20,20,640,640,540,0]}]},{"objects":[{"name":null,"type":1,"depth":1,"symbol":3,"clipDepth":0,"id":0,"filters":[[3,16777164,1,1.99996948242188,1.99996948242188,0.16796875,1,false,false]],"colorTransform":[20,20,20,20,600,600,500,0]}]},{"objects":[{"name":null,"type":1,"depth":1,"symbol":3,"clipDepth":0,"id":0,"filters":[[3,16777164,1,1.875,1.875,0.15625,1,false,false]],"colorTransform":[20,20,20,20,560,560,460,0]}]},{"objects":[{"name":null,"type":1,"depth":1,"symbol":3,"clipDepth":0,"id":0,"filters":[[3,16777164,1,1.75003051757813,1.75003051757813,0.1484375,1,false,false]],"colorTransform":[20,20,20,20,520,520,440,0]}]},{"objects":[{"name":null,"type":1,"depth":1,"symbol":3,"clipDepth":0,"id":0,"filters":[[3,16777164,1,1.62506103515625,1.62506103515625,0.13671875,1,false,false]],"colorTransform":[20,20,20,20,480,480,400,0]}]},{"objects":[{"name":null,"type":1,"depth":1,"symbol":3,"clipDepth":0,"id":0,"filters":[[3,16777164,1,1.49993896484375,1.49993896484375,0.12890625,1,false,false]],"colorTransform":[20,20,20,20,440,440,380,0]}]},{"objects":[{"name":null,"type":1,"depth":1,"symbol":3,"clipDepth":0,"id":0,"filters":[[3,16777164,1,1.37496948242188,1.37496948242188,0.1171875,1,false,false]],"colorTransform":[20,20,20,20,420,420,340,0]}]},{"objects":[{"name":null,"type":1,"depth":1,"symbol":3,"clipDepth":0,"id":0,"filters":[[3,16777164,1,1.25,1.25,0.109375,1,false,false]],"colorTransform":[20,20,20,20,380,380,320,0]}]},{"objects":[{"name":null,"type":1,"depth":1,"symbol":3,"clipDepth":0,"id":0,"filters":[[3,16777164,1,1.12503051757813,1.12503051757813,0.09765625,1,false,false]],"colorTransform":[20,20,20,20,340,340,280,0]}]},{"objects":[{"name":null,"type":1,"depth":1,"symbol":3,"clipDepth":0,"id":0,"filters":[[3,16777164,1,1.00006103515625,1.00006103515625,0.08984375,1,false,false]],"colorTransform":[20,20,20,20,300,300,260,0]}]},{"objects":[{"name":null,"type":1,"depth":1,"symbol":3,"clipDepth":0,"id":0,"filters":[[3,16777164,1,0.87493896484375,0.87493896484375,0.06640625,1,false,false]],"colorTransform":[20,20,20,20,260,260,220,0]}]},{"objects":[{"name":null,"type":1,"depth":1,"symbol":3,"clipDepth":0,"id":0,"filters":[[3,16777164,1,0.749969482421875,0.749969482421875,0.05859375,1,false,false]],"colorTransform":[20,20,20,20,220,220,180,0]}]},{"objects":[{"name":null,"type":1,"depth":1,"symbol":3,"clipDepth":0,"id":0,"filters":[[3,16777164,1,0.625,0.625,0.046875,1,false,false]],"colorTransform":[20,20,20,20,180,180,160,0]}]},{"objects":[{"name":null,"type":1,"depth":1,"symbol":3,"clipDepth":0,"id":0,"filters":[[3,16777164,1,0.500030517578125,0.500030517578125,0.0390625,1,false,false]],"colorTransform":[20,20,20,20,160,160,120,0]}]},{"objects":[{"name":null,"type":1,"depth":1,"symbol":3,"clipDepth":0,"id":0,"filters":[[3,16777164,1,0.37506103515625,0.37506103515625,0.02734375,1,false,false]],"colorTransform":[20,20,20,20,120,120,100,0]}]},{"objects":[{"name":null,"type":1,"depth":1,"symbol":3,"clipDepth":0,"id":0,"filters":[[3,16777164,1,0.24993896484375,0.24993896484375,0.01953125,1,false,false]],"colorTransform":[20,20,20,20,80,80,60,0]}]},{"objects":[{"name":null,"type":1,"depth":1,"symbol":3,"clipDepth":0,"id":0,"filters":[[3,16777164,1,0.124969482421875,0.124969482421875,0.0078125,1,false,false]],"colorTransform":[20,20,20,20,40,40,40,0]}]},{"objects":[{"name":null,"type":1,"depth":1,"symbol":3,"clipDepth":0,"id":0,"filters":[[3,16777164,1,0,0,0,1,false,false]],"colorTransform":[20,20,20,20,0,0,0,0]}]}]},{"type":5,"id":3,"frames":[{"objects":[{"name":null,"type":0,"depth":1,"symbol":2,"clipDepth":0,"id":0,"matrix":[1,0,0,1,0,0]}]}]},{"type":5,"id":2,"frames":[{"objects":[{"type":0,"depth":0,"symbol":1,"clipDepth":0,"id":0,"visible":true,"matrix":[1,0,0,1,0,0]}]}]},{"path":"symbols/1.png","type":0,"id":1,"smooth":false}],"frameRate":44}