{"root":0,"uuid":"ImCHw410f3XBV41U3D1U","version":0.1,"symbols":[{"type":5,"frames":[{"objects":[{"name":null,"type":0,"depth":1,"symbol":55,"clipDepth":0,"id":75,"matrix":[1,0,0,1,0,0]}]}]},{"path":"symbols/27.png","type":0,"id":27,"smooth":false},{"type":5,"className":"BlackOps.Missions","baseClassName":null,"id":55,"frames":[{"objects":[{"name":null,"type":0,"depth":3,"symbol":2,"clipDepth":0,"id":0,"matrix":[1,0,0,1,0,0]},{"name":"timetxt","type":0,"depth":4,"symbol":4,"clipDepth":0,"id":1,"filters":[[3,0,1,5,5,1.5,1,false,false]],"matrix":[0.726150512695313,0,0,0.726150512695313,4158,79]},{"name":"timerstatustxt","type":0,"depth":5,"symbol":6,"clipDepth":0,"id":2,"filters":[[3,0,1,3,3,3,1,false,false]],"matrix":[1,0,0,1,4764,418]},{"name":"phasetxt","type":0,"depth":6,"symbol":8,"clipDepth":0,"id":3,"filters":[[3,0,1,3,3,1.5,1,false,false]],"matrix":[1,0,0,1,878,469]},{"name":"pointstxt","type":0,"depth":7,"symbol":9,"clipDepth":0,"id":4,"filters":[[3,0,1,3,3,1.5,1,false,false]],"matrix":[1,0,0,1,2952,803]},{"name":"infotxt","type":0,"depth":8,"symbol":10,"clipDepth":0,"id":5,"matrix":[1,0,0,1,884,800]},{"name":"bufftxt","type":0,"depth":9,"symbol":11,"clipDepth":0,"id":6,"filters":[[3,0,1,5,5,2,1,false,false]],"matrix":[1,0,0,1,888,414]},{"name":"progressbar","type":0,"depth":10,"symbol":26,"clipDepth":0,"id":7,"matrix":[1.13005065917969,0,0,1.13005065917969,905,808]},{"name":null,"type":0,"depth":62,"symbol":30,"clipDepth":0,"id":8,"matrix":[1,0,0,1,120,240]},{"name":"titletxt","type":0,"depth":64,"symbol":32,"clipDepth":0,"id":9,"filters":[[3,16711680,1,4,4,0.45703125,1,false,false]],"matrix":[1,0,0,1,881,69]},{"name":"glow","type":0,"depth":65,"symbol":38,"clipDepth":0,"id":10,"matrix":[1,0,0,1,15,7]},{"name":"replayglow","type":0,"depth":67,"symbol":38,"clipDepth":0,"id":11,"colorTransform":[3,3,3,20,0,3960,2780,0],"matrix":[1,0,0,1,15,7]},{"name":"hitTest","type":0,"depth":69,"symbol":40,"clipDepth":0,"id":12,"colorTransform":[20,20,20,0,0,0,0,0],"matrix":[1,0,0,1,0,10]},{"name":"ctaButton","type":0,"depth":71,"symbol":54,"clipDepth":0,"id":13,"matrix":[0.79998779296875,0,0,0.79998779296875,4910,646]}]}]},{"type":5,"id":26,"frames":[{"objects":[{"name":"background","type":0,"depth":1,"symbol":13,"clipDepth":0,"id":0,"colorTransform":[20,20,20,13,0,0,0,0],"matrix":[1,0,0,1.16494750976563,0,48]},{"name":"infamyRankBar01","type":0,"depth":3,"symbol":18,"clipDepth":0,"id":1,"matrix":[1,0,0,1,11,-356]},{"name":"infamyRankBar02","type":0,"depth":7,"symbol":19,"clipDepth":0,"id":2,"matrix":[1,0,0,1,409,-356]},{"name":"infamyRankBar03","type":0,"depth":11,"symbol":19,"clipDepth":0,"id":3,"matrix":[1,0,0,1,1094,-356]},{"name":"infamyReplayRankBar01","type":0,"depth":15,"symbol":18,"clipDepth":0,"id":4,"colorTransform":[3,3,3,20,0,3960,2780,0],"matrix":[1,0,0,1,11,-356]},{"name":"infamyReplayRankBar02","type":0,"depth":19,"symbol":19,"clipDepth":0,"id":5,"colorTransform":[3,3,3,20,0,3960,2780,0],"matrix":[1,0,0,1,409,-356]},{"name":"infamyReplayRankBar03","type":0,"depth":23,"symbol":19,"clipDepth":0,"id":6,"colorTransform":[3,3,3,20,0,3960,2780,0],"matrix":[1,0,0,1,1094,-356]},{"name":null,"type":0,"depth":27,"symbol":21,"clipDepth":0,"id":7,"filters":[[3,0,1,2,2,2,1,false,false]],"matrix":[1,0,0,1,2,52]},{"name":null,"type":0,"depth":29,"symbol":23,"clipDepth":0,"id":8,"colorTransform":[7,7,7,20,0,0,0,0],"matrix":[1,0,0,1,250,41]},{"name":null,"type":0,"depth":31,"symbol":23,"clipDepth":0,"id":9,"colorTransform":[7,7,7,20,0,0,0,0],"matrix":[1,0,0,1,930,41]},{"name":null,"type":0,"depth":33,"symbol":23,"clipDepth":0,"id":10,"colorTransform":[7,7,7,20,0,0,0,0],"matrix":[1,0,0,1,1610,41]},{"name":"fill01","type":0,"depth":35,"symbol":23,"clipDepth":0,"id":11,"matrix":[1,0,0,1,250,41]},{"name":"fill02","type":0,"depth":37,"symbol":23,"clipDepth":0,"id":12,"matrix":[1,0,0,1,930,41]},{"name":"fill03","type":0,"depth":39,"symbol":23,"clipDepth":0,"id":13,"matrix":[1,0,0,1,1610,41]},{"name":"replayfill01","type":0,"depth":41,"symbol":23,"clipDepth":0,"id":14,"colorTransform":[3,3,3,20,0,3960,2780,0],"matrix":[1,0,0,1,250,41]},{"name":"replayfill02","type":0,"depth":43,"symbol":23,"clipDepth":0,"id":15,"colorTransform":[3,3,3,20,0,3960,2780,0],"matrix":[1,0,0,1,930,41]},{"name":"replayfill03","type":0,"depth":45,"symbol":23,"clipDepth":0,"id":16,"colorTransform":[3,3,3,20,0,3960,2780,0],"matrix":[1,0,0,1,1610,41]},{"name":"slot01","type":0,"depth":47,"symbol":25,"clipDepth":0,"id":17,"filters":[[3,0,1,2,2,1.5,1,false,false]],"matrix":[1,0,0,1,215,-4]},{"name":"slot02","type":0,"depth":49,"symbol":25,"clipDepth":0,"id":18,"filters":[[3,0,1,2,2,1.5,1,false,false]],"matrix":[1,0,0,1,895,-4]},{"name":"slot03","type":0,"depth":51,"symbol":25,"clipDepth":0,"id":19,"filters":[[3,0,1,2,2,1.5,1,false,false]],"matrix":[1,0,0,1,1575,-4]}]}]},{"type":5,"id":54,"frames":[{"objects":[{"name":"disabled","type":0,"depth":1,"symbol":43,"clipDepth":0,"id":0,"matrix":[1,0,0,1,0,0]},{"name":"selected","type":0,"depth":3,"symbol":46,"clipDepth":0,"id":1,"matrix":[1,0,0,1,0,0]},{"name":"over","type":0,"depth":5,"symbol":49,"clipDepth":0,"id":2,"matrix":[1,0,0,1,0,0]},{"name":"up","type":0,"depth":7,"symbol":52,"clipDepth":0,"id":3,"matrix":[1,0,0,1,0,0]},{"name":"label","type":0,"depth":9,"symbol":53,"clipDepth":0,"id":4,"matrix":[1,0,0,1,191,83]}]}]},{"type":5,"id":25,"frames":[{"objects":[{"name":null,"type":0,"depth":1,"symbol":24,"clipDepth":0,"id":0,"matrix":[1,0,0,1,0,0]}]}]},{"selectable":false,"html":true,"password":false,"color":-16777216,"fontName":"KoratakiRg-Regular","rect":[-40,-40,1952,392],"text":"<p align=\"center\"><font face=\"KoratakiRg-Regular\" size=\"13\" color=\"#000000\" letterSpacing=\"0.00\" kerning=\"1\">Start!</font></p>","type":2,"border":false,"leftMargin":0,"fontID":3,"id":53,"wordWrap":false,"leading":40,"indent":0,"multiline":false,"align":"center","rightMargin":0,"fontHeight":260,"input":false},{"type":4,"id":24,"commands":[3,5,2,0,[4539972,6976623],[1,1],[0,255],[0,-0.00604248046875,0.00604248046875,0,110,110],0,1,0,8,180,40,4,209,69,209,110,4,209,151,180,180,4,151,209,110,209,4,69,209,40,180,4,11,151,11,110,4,11,69,40,40,4,69,11,110,11,4,151,11,180,40,8,175,110,4,175,83,156,65,4,138,46,112,46,4,85,46,67,65,4,48,83,48,110,4,48,136,67,154,4,85,173,112,173,4,138,173,156,154,4,175,136,175,110,5,6,0.05,3355443,1,false,2,1,2,3,8,180,40,4,209,69,209,110,4,209,151,180,180,4,151,209,110,209,4,69,209,40,180,4,11,151,11,110,4,11,69,40,40,4,69,11,110,11,4,151,11,180,40,8,175,110,4,175,136,156,154,4,138,173,112,173,4,85,173,67,154,4,48,136,48,110,4,48,83,67,65,4,85,46,112,46,4,138,46,156,65,4,175,83,175,110]},{"type":5,"id":52,"frames":[{"objects":[{"name":null,"type":0,"depth":1,"symbol":51,"clipDepth":0,"id":0,"matrix":[1,0,0,1,0,0]}]}]},{"type":5,"id":23,"frames":[{"objects":[{"name":null,"type":0,"depth":1,"symbol":22,"clipDepth":0,"id":0,"matrix":[1,0,0,1,0,0]}]}]},{"type":5,"id":51,"frames":[{"objects":[{"type":0,"depth":0,"symbol":50,"clipDepth":0,"id":0,"visible":true,"matrix":[1,0,0,1,0,0]}]}]},{"type":4,"id":22,"commands":[3,5,1,14909440,1,8,75,0,4,106,0,128,22,4,150,44,150,75,4,150,106,128,128,4,106,150,75,150,4,44,150,22,128,4,0,106,0,75,4,0,44,22,22,4,44,0,75,0,5]},{"path":"symbols/50.png","type":0,"id":50},{"type":5,"id":21,"frames":[{"objects":[{"name":null,"type":0,"depth":1,"symbol":20,"clipDepth":0,"id":0,"matrix":[1,0,0,1,0,0]}]}]},{"type":5,"id":49,"frames":[{"objects":[{"name":null,"type":0,"depth":1,"symbol":48,"clipDepth":0,"id":0,"matrix":[1,0,0,1,0,0]}]}]},{"type":4,"id":20,"commands":[6,1.5,6710886,1,false,2,1,1,3,8,0,111,7,0,0,7,1751,0,7,1751,111,7,0,111]},{"type":5,"id":48,"frames":[{"objects":[{"type":0,"depth":0,"symbol":47,"clipDepth":0,"id":0,"visible":true,"matrix":[1,0,0,1,0,0]}]}]},{"type":5,"id":19,"frames":[{"objects":[{"name":null,"type":0,"depth":1,"symbol":15,"clipDepth":0,"id":0,"filters":[[3,0,1,17,17,2.578125,1,true,false]],"matrix":[0.0586090087890625,0,0,0.0904998779296875,0,417]},{"name":"progressbar","type":0,"depth":3,"symbol":17,"clipDepth":0,"id":1,"matrix":[0.325210571289063,0,0,0.094818115234375,0,420]}]}]},{"path":"symbols/47.png","type":0,"id":47},{"type":5,"id":18,"frames":[{"objects":[{"name":null,"type":0,"depth":1,"symbol":15,"clipDepth":0,"id":0,"filters":[[3,0,1,17,17,2.578125,1,true,false]],"matrix":[0.0264739990234375,0,0,0.0904998779296875,0,417]},{"name":"progressbar","type":0,"depth":3,"symbol":17,"clipDepth":0,"id":1,"matrix":[0.14691162109375,0,0,0.094818115234375,0,420]}]}]},{"type":5,"id":46,"frames":[{"objects":[{"name":null,"type":0,"depth":1,"symbol":45,"clipDepth":0,"id":0,"matrix":[1,0,0,1,0,0]}]}]},{"type":5,"id":17,"scale9Grid":[125,145,1355,665],"frames":[{"objects":[{"name":null,"type":0,"depth":1,"symbol":16,"clipDepth":0,"id":0,"matrix":[1,0,0,1,0,0]}]}]},{"type":5,"id":45,"frames":[{"objects":[{"type":0,"depth":0,"symbol":44,"clipDepth":0,"id":0,"visible":true,"matrix":[1,0,0,1,0,0]}]}]},{"type":4,"id":16,"commands":[3,5,2,0,[14918656,14055168,0],[1,1,1],[0,255,255],[-1.52587890625e-05,0.0265045166015625,-0.0265045166015625,-1.52587890625e-05,3039,475],0,1,0,8,1591,920,7,1481,920,7,124,920,7,0,920,7,0,811,7,0,144,7,0,0,7,124,0,7,1481,0,7,1591,0,7,1591,144,7,1591,811,7,1591,920,5]},{"path":"symbols/44.png","type":0,"id":44},{"type":5,"id":15,"frames":[{"objects":[{"name":null,"type":0,"depth":1,"symbol":14,"clipDepth":0,"id":0,"matrix":[1,0,0,1,0,0]}]}]},{"type":5,"id":43,"frames":[{"objects":[{"name":null,"type":0,"depth":1,"symbol":42,"clipDepth":0,"id":0,"matrix":[1,0,0,1,0,0]}]}]},{"type":4,"id":14,"commands":[3,5,1,1317918,1,8,8841,1030,7,0,1030,7,0,0,7,8841,0,7,8841,1030,5]},{"type":5,"id":42,"frames":[{"objects":[{"type":0,"depth":0,"symbol":41,"clipDepth":0,"id":0,"visible":true,"matrix":[1,0,0,1,0,0]}]}]},{"type":5,"id":13,"frames":[{"objects":[{"name":null,"type":0,"depth":1,"symbol":12,"clipDepth":0,"id":0,"matrix":[1,0,0,1,0,0]}]}]},{"path":"symbols/41.png","type":0,"id":41},{"type":4,"id":12,"commands":[3,5,2,0,[8886419,1844001,1975587,8886419],[1,1,1,1],[0,88,170,255],[0,-0.00360107421875,0.003204345703125,0,847,52],0,1,0,8,0,19,7,0,0,7,1695,0,7,1695,19,7,1695,94,7,1695,105,7,0,105,7,0,94,7,0,19,5]},{"type":5,"id":40,"frames":[{"objects":[{"name":null,"type":0,"depth":1,"symbol":39,"clipDepth":0,"id":0,"matrix":[1,0,0,1,0,0]}]}]},{"selectable":false,"html":true,"password":false,"color":-1,"fontName":"Verdana Bold","rect":[-40,-40,5809,396],"text":"<p align=\"left\"><font face=\"Verdana Bold\" size=\"13\" color=\"#ffffff\" letterSpacing=\"0.30\" kerning=\"1\"><b>+10% Damage Buff during Event</b></font></p>","type":2,"border":false,"leftMargin":0,"fontID":7,"id":11,"wordWrap":true,"leading":40,"indent":0,"multiline":true,"align":"left","rightMargin":0,"fontHeight":260,"input":false},{"type":4,"id":39,"commands":[3,5,1,6710886,1,8,0,0,7,6795,0,7,6810,0,7,6810,1105,7,6795,1105,7,0,1105,7,0,0,5,6,1,6710886,1,false,2,1,2,3,8,0,0,7,6795,0,7,6810,0,7,6810,1105,7,6795,1105,7,0,1105,7,0,0]},{"selectable":false,"html":true,"password":false,"color":-1,"fontName":"Verdana","rect":[-40,-40,4850,323],"text":"<p align=\"left\"><font face=\"Verdana\" size=\"10\" color=\"#ffffff\" letterSpacing=\"0.50\" kerning=\"1\">Destroy RF for a chance at awesome prizes</font></p>","type":2,"border":false,"leftMargin":0,"fontID":5,"id":10,"wordWrap":false,"leading":60,"indent":0,"multiline":false,"align":"left","rightMargin":0,"fontHeight":200,"input":false},{"type":5,"id":38,"frames":[{"objects":[{"name":null,"type":0,"depth":1,"symbol":37,"clipDepth":0,"id":0,"colorTransform":[20,20,20,0,0,0,0,0],"matrix":[1,0,0,1,0,0]}]},{"objects":[{"name":null,"type":1,"depth":1,"symbol":37,"clipDepth":0,"id":0,"colorTransform":[20,20,20,0,0,0,0,0]}]},{"objects":[{"name":null,"type":1,"depth":1,"symbol":37,"clipDepth":0,"id":0,"colorTransform":[20,20,20,0,0,0,0,0]}]},{"objects":[{"name":null,"type":1,"depth":1,"symbol":37,"clipDepth":0,"id":0,"colorTransform":[20,20,20,1,0,0,0,0]}]},{"objects":[{"name":null,"type":1,"depth":1,"symbol":37,"clipDepth":0,"id":0,"colorTransform":[20,20,20,1,0,0,0,0]}]},{"objects":[{"name":null,"type":1,"depth":1,"symbol":37,"clipDepth":0,"id":0,"colorTransform":[20,20,20,1,0,0,0,0]}]},{"objects":[{"name":null,"type":1,"depth":1,"symbol":37,"clipDepth":0,"id":0,"colorTransform":[20,20,20,1,0,0,0,0]}]},{"objects":[{"name":null,"type":1,"depth":1,"symbol":37,"clipDepth":0,"id":0,"colorTransform":[20,20,20,2,0,0,0,0]}]},{"objects":[{"name":null,"type":1,"depth":1,"symbol":37,"clipDepth":0,"id":0,"colorTransform":[20,20,20,2,0,0,0,0]}]},{"objects":[{"name":null,"type":1,"depth":1,"symbol":37,"clipDepth":0,"id":0,"colorTransform":[20,20,20,2,0,0,0,0]}]},{"objects":[{"name":null,"type":1,"depth":1,"symbol":37,"clipDepth":0,"id":0,"colorTransform":[20,20,20,3,0,0,0,0]}]},{"objects":[{"name":null,"type":1,"depth":1,"symbol":37,"clipDepth":0,"id":0,"colorTransform":[20,20,20,3,0,0,0,0]}]},{"objects":[{"name":null,"type":1,"depth":1,"symbol":37,"clipDepth":0,"id":0,"colorTransform":[20,20,20,3,0,0,0,0]}]},{"objects":[{"name":null,"type":1,"depth":1,"symbol":37,"clipDepth":0,"id":0,"colorTransform":[20,20,20,3,0,0,0,0]}]},{"objects":[{"name":null,"type":1,"depth":1,"symbol":37,"clipDepth":0,"id":0,"colorTransform":[20,20,20,4,0,0,0,0]}]},{"objects":[{"name":null,"type":1,"depth":1,"symbol":37,"clipDepth":0,"id":0,"colorTransform":[20,20,20,4,0,0,0,0]}]},{"objects":[{"name":null,"type":1,"depth":1,"symbol":37,"clipDepth":0,"id":0,"colorTransform":[20,20,20,4,0,0,0,0]}]},{"objects":[{"name":null,"type":1,"depth":1,"symbol":37,"clipDepth":0,"id":0,"colorTransform":[20,20,20,4,0,0,0,0]}]},{"objects":[{"name":null,"type":1,"depth":1,"symbol":37,"clipDepth":0,"id":0,"colorTransform":[20,20,20,5,0,0,0,0]}]},{"objects":[{"name":null,"type":1,"depth":1,"symbol":37,"clipDepth":0,"id":0,"colorTransform":[20,20,20,5,0,0,0,0]}]},{"objects":[{"name":null,"type":1,"depth":1,"symbol":37,"clipDepth":0,"id":0,"colorTransform":[20,20,20,5,0,0,0,0]}]},{"objects":[{"name":null,"type":1,"depth":1,"symbol":37,"clipDepth":0,"id":0,"colorTransform":[20,20,20,5,0,0,0,0]}]},{"objects":[{"name":null,"type":1,"depth":1,"symbol":37,"clipDepth":0,"id":0,"colorTransform":[20,20,20,6,0,0,0,0]}]},{"objects":[{"name":null,"type":1,"depth":1,"symbol":37,"clipDepth":0,"id":0,"colorTransform":[20,20,20,6,0,0,0,0]}]},{"objects":[{"name":null,"type":1,"depth":1,"symbol":37,"clipDepth":0,"id":0,"colorTransform":[20,20,20,6,0,0,0,0]}]},{"objects":[{"name":null,"type":1,"depth":1,"symbol":37,"clipDepth":0,"id":0,"colorTransform":[20,20,20,6,0,0,0,0]}]},{"objects":[{"name":null,"type":1,"depth":1,"symbol":37,"clipDepth":0,"id":0,"colorTransform":[20,20,20,7,0,0,0,0]}]},{"objects":[{"name":null,"type":1,"depth":1,"symbol":37,"clipDepth":0,"id":0,"colorTransform":[20,20,20,7,0,0,0,0]}]},{"objects":[{"name":null,"type":1,"depth":1,"symbol":37,"clipDepth":0,"id":0,"colorTransform":[20,20,20,7,0,0,0,0]}]},{"objects":[{"name":null,"type":1,"depth":1,"symbol":37,"clipDepth":0,"id":0,"colorTransform":[20,20,20,7,0,0,0,0]}]},{"objects":[{"name":null,"type":1,"depth":1,"symbol":37,"clipDepth":0,"id":0,"colorTransform":[20,20,20,8,0,0,0,0]}]},{"objects":[{"name":null,"type":1,"depth":1,"symbol":37,"clipDepth":0,"id":0,"colorTransform":[20,20,20,8,0,0,0,0]}]},{"objects":[{"name":null,"type":1,"depth":1,"symbol":37,"clipDepth":0,"id":0,"colorTransform":[20,20,20,8,0,0,0,0]}]},{"objects":[{"name":null,"type":1,"depth":1,"symbol":37,"clipDepth":0,"id":0,"colorTransform":[20,20,20,8,0,0,0,0]}]},{"objects":[{"name":null,"type":1,"depth":1,"symbol":37,"clipDepth":0,"id":0,"colorTransform":[20,20,20,9,0,0,0,0]}]},{"objects":[{"name":null,"type":1,"depth":1,"symbol":37,"clipDepth":0,"id":0,"colorTransform":[20,20,20,9,0,0,0,0]}]},{"objects":[{"name":null,"type":1,"depth":1,"symbol":37,"clipDepth":0,"id":0,"colorTransform":[20,20,20,9,0,0,0,0]}]},{"objects":[{"name":null,"type":1,"depth":1,"symbol":37,"clipDepth":0,"id":0,"colorTransform":[20,20,20,9,0,0,0,0]}]},{"objects":[{"name":null,"type":1,"depth":1,"symbol":37,"clipDepth":0,"id":0,"colorTransform":[20,20,20,10,0,0,0,0]}]},{"objects":[{"name":null,"type":1,"depth":1,"symbol":37,"clipDepth":0,"id":0,"colorTransform":[20,20,20,10,0,0,0,0]}]},{"objects":[{"name":null,"type":1,"depth":1,"symbol":37,"clipDepth":0,"id":0,"colorTransform":[20,20,20,10,0,0,0,0]}]},{"objects":[{"name":null,"type":1,"depth":1,"symbol":37,"clipDepth":0,"id":0,"colorTransform":[20,20,20,10,0,0,0,0]}]},{"objects":[{"name":null,"type":1,"depth":1,"symbol":37,"clipDepth":0,"id":0,"colorTransform":[20,20,20,11,0,0,0,0]}]},{"objects":[{"name":null,"type":1,"depth":1,"symbol":37,"clipDepth":0,"id":0,"colorTransform":[20,20,20,11,0,0,0,0]}]},{"objects":[{"name":null,"type":1,"depth":1,"symbol":37,"clipDepth":0,"id":0,"colorTransform":[20,20,20,11,0,0,0,0]}]},{"objects":[{"name":null,"type":1,"depth":1,"symbol":37,"clipDepth":0,"id":0,"colorTransform":[20,20,20,11,0,0,0,0]}]},{"objects":[{"name":null,"type":1,"depth":1,"symbol":37,"clipDepth":0,"id":0,"colorTransform":[20,20,20,12,0,0,0,0]}]},{"objects":[{"name":null,"type":1,"depth":1,"symbol":37,"clipDepth":0,"id":0,"colorTransform":[20,20,20,12,0,0,0,0]}]},{"objects":[{"name":null,"type":1,"depth":1,"symbol":37,"clipDepth":0,"id":0,"colorTransform":[20,20,20,12,0,0,0,0]}]},{"objects":[{"name":null,"type":1,"depth":1,"symbol":37,"clipDepth":0,"id":0,"colorTransform":[20,20,20,12,0,0,0,0]}]},{"objects":[{"name":null,"type":1,"depth":1,"symbol":37,"clipDepth":0,"id":0,"colorTransform":[20,20,20,13,0,0,0,0]}]},{"objects":[{"name":null,"type":1,"depth":1,"symbol":37,"clipDepth":0,"id":0,"colorTransform":[20,20,20,13,0,0,0,0]}]},{"objects":[{"name":null,"type":1,"depth":1,"symbol":37,"clipDepth":0,"id":0,"colorTransform":[20,20,20,13,0,0,0,0]}]},{"objects":[{"name":null,"type":1,"depth":1,"symbol":37,"clipDepth":0,"id":0,"colorTransform":[20,20,20,13,0,0,0,0]}]},{"objects":[{"name":null,"type":1,"depth":1,"symbol":37,"clipDepth":0,"id":0,"colorTransform":[20,20,20,14,0,0,0,0]}]},{"objects":[{"name":null,"type":1,"depth":1,"symbol":37,"clipDepth":0,"id":0,"colorTransform":[20,20,20,14,0,0,0,0]}]},{"objects":[{"name":null,"type":1,"depth":1,"symbol":37,"clipDepth":0,"id":0,"colorTransform":[20,20,20,14,0,0,0,0]}]},{"objects":[{"name":null,"type":1,"depth":1,"symbol":37,"clipDepth":0,"id":0,"colorTransform":[20,20,20,15,0,0,0,0]}]},{"objects":[{"name":null,"type":1,"depth":1,"symbol":37,"clipDepth":0,"id":0,"colorTransform":[20,20,20,15,0,0,0,0]}]},{"objects":[{"name":null,"type":1,"depth":1,"symbol":37,"clipDepth":0,"id":0,"colorTransform":[20,20,20,15,0,0,0,0]}]},{"objects":[{"name":null,"type":1,"depth":1,"symbol":37,"clipDepth":0,"id":0,"colorTransform":[20,20,20,15,0,0,0,0]}]},{"objects":[{"name":null,"type":1,"depth":1,"symbol":37,"clipDepth":0,"id":0,"colorTransform":[20,20,20,16,0,0,0,0]}]},{"objects":[{"name":null,"type":1,"depth":1,"symbol":37,"clipDepth":0,"id":0,"colorTransform":[20,20,20,16,0,0,0,0]}]},{"objects":[{"name":null,"type":1,"depth":1,"symbol":37,"clipDepth":0,"id":0,"colorTransform":[20,20,20,16,0,0,0,0]}]},{"objects":[{"name":null,"type":1,"depth":1,"symbol":37,"clipDepth":0,"id":0,"colorTransform":[20,20,20,16,0,0,0,0]}]},{"objects":[{"name":null,"type":1,"depth":1,"symbol":37,"clipDepth":0,"id":0,"colorTransform":[20,20,20,17,0,0,0,0]}]},{"objects":[{"name":null,"type":1,"depth":1,"symbol":37,"clipDepth":0,"id":0,"colorTransform":[20,20,20,17,0,0,0,0]}]},{"objects":[{"name":null,"type":1,"depth":1,"symbol":37,"clipDepth":0,"id":0,"colorTransform":[20,20,20,17,0,0,0,0]}]},{"objects":[{"name":null,"type":1,"depth":1,"symbol":37,"clipDepth":0,"id":0,"colorTransform":[20,20,20,17,0,0,0,0]}]},{"objects":[{"name":null,"type":1,"depth":1,"symbol":37,"clipDepth":0,"id":0,"colorTransform":[20,20,20,18,0,0,0,0]}]},{"objects":[{"name":null,"type":1,"depth":1,"symbol":37,"clipDepth":0,"id":0,"colorTransform":[20,20,20,18,0,0,0,0]}]},{"objects":[{"name":null,"type":1,"depth":1,"symbol":37,"clipDepth":0,"id":0,"colorTransform":[20,20,20,18,0,0,0,0]}]},{"objects":[{"name":null,"type":1,"depth":1,"symbol":37,"clipDepth":0,"id":0,"colorTransform":[20,20,20,18,0,0,0,0]}]},{"objects":[{"name":null,"type":1,"depth":1,"symbol":37,"clipDepth":0,"id":0,"colorTransform":[20,20,20,19,0,0,0,0]}]},{"objects":[{"name":null,"type":1,"depth":1,"symbol":37,"clipDepth":0,"id":0,"colorTransform":[20,20,20,19,0,0,0,0]}]},{"objects":[{"name":null,"type":1,"depth":1,"symbol":37,"clipDepth":0,"id":0,"colorTransform":[20,20,20,19,0,0,0,0]}]},{"objects":[{"name":null,"type":1,"depth":1,"symbol":37,"clipDepth":0,"id":0,"colorTransform":[20,20,20,19,0,0,0,0]}]},{"objects":[{"name":null,"type":1,"depth":1,"symbol":37,"clipDepth":0,"id":0,"colorTransform":[20,20,20,20,0,0,0,0]}]},{"objects":[{"name":null,"type":1,"depth":1,"symbol":37,"clipDepth":0,"id":0,"colorTransform":[20,20,20,20,0,0,0,0]}]},{"objects":[{"name":null,"type":1,"depth":1,"symbol":37,"clipDepth":0,"id":0,"colorTransform":[20,20,20,20,0,0,0,0]}]},{"objects":[{"name":null,"type":1,"depth":1,"symbol":37,"clipDepth":0,"id":0,"colorTransform":[20,20,20,20,0,0,0,0]}]},{"objects":[{"name":null,"type":1,"depth":1,"symbol":37,"clipDepth":0,"id":0,"colorTransform":[20,20,20,20,0,0,0,0]}]},{"objects":[{"name":null,"type":1,"depth":1,"symbol":37,"clipDepth":0,"id":0,"colorTransform":[20,20,20,19,0,0,0,0]}]},{"objects":[{"name":null,"type":1,"depth":1,"symbol":37,"clipDepth":0,"id":0,"colorTransform":[20,20,20,19,0,0,0,0]}]},{"objects":[{"name":null,"type":1,"depth":1,"symbol":37,"clipDepth":0,"id":0,"colorTransform":[20,20,20,19,0,0,0,0]}]},{"objects":[{"name":null,"type":1,"depth":1,"symbol":37,"clipDepth":0,"id":0,"colorTransform":[20,20,20,19,0,0,0,0]}]},{"objects":[{"name":null,"type":1,"depth":1,"symbol":37,"clipDepth":0,"id":0,"colorTransform":[20,20,20,18,0,0,0,0]}]},{"objects":[{"name":null,"type":1,"depth":1,"symbol":37,"clipDepth":0,"id":0,"colorTransform":[20,20,20,18,0,0,0,0]}]},{"objects":[{"name":null,"type":1,"depth":1,"symbol":37,"clipDepth":0,"id":0,"colorTransform":[20,20,20,18,0,0,0,0]}]},{"objects":[{"name":null,"type":1,"depth":1,"symbol":37,"clipDepth":0,"id":0,"colorTransform":[20,20,20,18,0,0,0,0]}]},{"objects":[{"name":null,"type":1,"depth":1,"symbol":37,"clipDepth":0,"id":0,"colorTransform":[20,20,20,17,0,0,0,0]}]},{"objects":[{"name":null,"type":1,"depth":1,"symbol":37,"clipDepth":0,"id":0,"colorTransform":[20,20,20,17,0,0,0,0]}]},{"objects":[{"name":null,"type":1,"depth":1,"symbol":37,"clipDepth":0,"id":0,"colorTransform":[20,20,20,17,0,0,0,0]}]},{"objects":[{"name":null,"type":1,"depth":1,"symbol":37,"clipDepth":0,"id":0,"colorTransform":[20,20,20,17,0,0,0,0]}]},{"objects":[{"name":null,"type":1,"depth":1,"symbol":37,"clipDepth":0,"id":0,"colorTransform":[20,20,20,16,0,0,0,0]}]},{"objects":[{"name":null,"type":1,"depth":1,"symbol":37,"clipDepth":0,"id":0,"colorTransform":[20,20,20,16,0,0,0,0]}]},{"objects":[{"name":null,"type":1,"depth":1,"symbol":37,"clipDepth":0,"id":0,"colorTransform":[20,20,20,16,0,0,0,0]}]},{"objects":[{"name":null,"type":1,"depth":1,"symbol":37,"clipDepth":0,"id":0,"colorTransform":[20,20,20,16,0,0,0,0]}]},{"objects":[{"name":null,"type":1,"depth":1,"symbol":37,"clipDepth":0,"id":0,"colorTransform":[20,20,20,15,0,0,0,0]}]},{"objects":[{"name":null,"type":1,"depth":1,"symbol":37,"clipDepth":0,"id":0,"colorTransform":[20,20,20,15,0,0,0,0]}]},{"objects":[{"name":null,"type":1,"depth":1,"symbol":37,"clipDepth":0,"id":0,"colorTransform":[20,20,20,15,0,0,0,0]}]},{"objects":[{"name":null,"type":1,"depth":1,"symbol":37,"clipDepth":0,"id":0,"colorTransform":[20,20,20,15,0,0,0,0]}]},{"objects":[{"name":null,"type":1,"depth":1,"symbol":37,"clipDepth":0,"id":0,"colorTransform":[20,20,20,14,0,0,0,0]}]},{"objects":[{"name":null,"type":1,"depth":1,"symbol":37,"clipDepth":0,"id":0,"colorTransform":[20,20,20,14,0,0,0,0]}]},{"objects":[{"name":null,"type":1,"depth":1,"symbol":37,"clipDepth":0,"id":0,"colorTransform":[20,20,20,14,0,0,0,0]}]},{"objects":[{"name":null,"type":1,"depth":1,"symbol":37,"clipDepth":0,"id":0,"colorTransform":[20,20,20,14,0,0,0,0]}]},{"objects":[{"name":null,"type":1,"depth":1,"symbol":37,"clipDepth":0,"id":0,"colorTransform":[20,20,20,13,0,0,0,0]}]},{"objects":[{"name":null,"type":1,"depth":1,"symbol":37,"clipDepth":0,"id":0,"colorTransform":[20,20,20,13,0,0,0,0]}]},{"objects":[{"name":null,"type":1,"depth":1,"symbol":37,"clipDepth":0,"id":0,"colorTransform":[20,20,20,13,0,0,0,0]}]},{"objects":[{"name":null,"type":1,"depth":1,"symbol":37,"clipDepth":0,"id":0,"colorTransform":[20,20,20,13,0,0,0,0]}]},{"objects":[{"name":null,"type":1,"depth":1,"symbol":37,"clipDepth":0,"id":0,"colorTransform":[20,20,20,12,0,0,0,0]}]},{"objects":[{"name":null,"type":1,"depth":1,"symbol":37,"clipDepth":0,"id":0,"colorTransform":[20,20,20,12,0,0,0,0]}]},{"objects":[{"name":null,"type":1,"depth":1,"symbol":37,"clipDepth":0,"id":0,"colorTransform":[20,20,20,12,0,0,0,0]}]},{"objects":[{"name":null,"type":1,"depth":1,"symbol":37,"clipDepth":0,"id":0,"colorTransform":[20,20,20,12,0,0,0,0]}]},{"objects":[{"name":null,"type":1,"depth":1,"symbol":37,"clipDepth":0,"id":0,"colorTransform":[20,20,20,11,0,0,0,0]}]},{"objects":[{"name":null,"type":1,"depth":1,"symbol":37,"clipDepth":0,"id":0,"colorTransform":[20,20,20,11,0,0,0,0]}]},{"objects":[{"name":null,"type":1,"depth":1,"symbol":37,"clipDepth":0,"id":0,"colorTransform":[20,20,20,11,0,0,0,0]}]},{"objects":[{"name":null,"type":1,"depth":1,"symbol":37,"clipDepth":0,"id":0,"colorTransform":[20,20,20,11,0,0,0,0]}]},{"objects":[{"name":null,"type":1,"depth":1,"symbol":37,"clipDepth":0,"id":0,"colorTransform":[20,20,20,10,0,0,0,0]}]},{"objects":[{"name":null,"type":1,"depth":1,"symbol":37,"clipDepth":0,"id":0,"colorTransform":[20,20,20,10,0,0,0,0]}]},{"objects":[{"name":null,"type":1,"depth":1,"symbol":37,"clipDepth":0,"id":0,"colorTransform":[20,20,20,10,0,0,0,0]}]},{"objects":[{"name":null,"type":1,"depth":1,"symbol":37,"clipDepth":0,"id":0,"colorTransform":[20,20,20,10,0,0,0,0]}]},{"objects":[{"name":null,"type":1,"depth":1,"symbol":37,"clipDepth":0,"id":0,"colorTransform":[20,20,20,9,0,0,0,0]}]},{"objects":[{"name":null,"type":1,"depth":1,"symbol":37,"clipDepth":0,"id":0,"colorTransform":[20,20,20,9,0,0,0,0]}]},{"objects":[{"name":null,"type":1,"depth":1,"symbol":37,"clipDepth":0,"id":0,"colorTransform":[20,20,20,9,0,0,0,0]}]},{"objects":[{"name":null,"type":1,"depth":1,"symbol":37,"clipDepth":0,"id":0,"colorTransform":[20,20,20,9,0,0,0,0]}]},{"objects":[{"name":null,"type":1,"depth":1,"symbol":37,"clipDepth":0,"id":0,"colorTransform":[20,20,20,8,0,0,0,0]}]},{"objects":[{"name":null,"type":1,"depth":1,"symbol":37,"clipDepth":0,"id":0,"colorTransform":[20,20,20,8,0,0,0,0]}]},{"objects":[{"name":null,"type":1,"depth":1,"symbol":37,"clipDepth":0,"id":0,"colorTransform":[20,20,20,8,0,0,0,0]}]},{"objects":[{"name":null,"type":1,"depth":1,"symbol":37,"clipDepth":0,"id":0,"colorTransform":[20,20,20,8,0,0,0,0]}]},{"objects":[{"name":null,"type":1,"depth":1,"symbol":37,"clipDepth":0,"id":0,"colorTransform":[20,20,20,7,0,0,0,0]}]},{"objects":[{"name":null,"type":1,"depth":1,"symbol":37,"clipDepth":0,"id":0,"colorTransform":[20,20,20,7,0,0,0,0]}]},{"objects":[{"name":null,"type":1,"depth":1,"symbol":37,"clipDepth":0,"id":0,"colorTransform":[20,20,20,7,0,0,0,0]}]},{"objects":[{"name":null,"type":1,"depth":1,"symbol":37,"clipDepth":0,"id":0,"colorTransform":[20,20,20,7,0,0,0,0]}]},{"objects":[{"name":null,"type":1,"depth":1,"symbol":37,"clipDepth":0,"id":0,"colorTransform":[20,20,20,6,0,0,0,0]}]},{"objects":[{"name":null,"type":1,"depth":1,"symbol":37,"clipDepth":0,"id":0,"colorTransform":[20,20,20,6,0,0,0,0]}]},{"objects":[{"name":null,"type":1,"depth":1,"symbol":37,"clipDepth":0,"id":0,"colorTransform":[20,20,20,6,0,0,0,0]}]},{"objects":[{"name":null,"type":1,"depth":1,"symbol":37,"clipDepth":0,"id":0,"colorTransform":[20,20,20,5,0,0,0,0]}]},{"objects":[{"name":null,"type":1,"depth":1,"symbol":37,"clipDepth":0,"id":0,"colorTransform":[20,20,20,5,0,0,0,0]}]},{"objects":[{"name":null,"type":1,"depth":1,"symbol":37,"clipDepth":0,"id":0,"colorTransform":[20,20,20,5,0,0,0,0]}]},{"objects":[{"name":null,"type":1,"depth":1,"symbol":37,"clipDepth":0,"id":0,"colorTransform":[20,20,20,5,0,0,0,0]}]},{"objects":[{"name":null,"type":1,"depth":1,"symbol":37,"clipDepth":0,"id":0,"colorTransform":[20,20,20,5,0,0,0,0]}]},{"objects":[{"name":null,"type":1,"depth":1,"symbol":37,"clipDepth":0,"id":0,"colorTransform":[20,20,20,4,0,0,0,0]}]},{"objects":[{"name":null,"type":1,"depth":1,"symbol":37,"clipDepth":0,"id":0,"colorTransform":[20,20,20,4,0,0,0,0]}]},{"objects":[{"name":null,"type":1,"depth":1,"symbol":37,"clipDepth":0,"id":0,"colorTransform":[20,20,20,4,0,0,0,0]}]},{"objects":[{"name":null,"type":1,"depth":1,"symbol":37,"clipDepth":0,"id":0,"colorTransform":[20,20,20,4,0,0,0,0]}]},{"objects":[{"name":null,"type":1,"depth":1,"symbol":37,"clipDepth":0,"id":0,"colorTransform":[20,20,20,3,0,0,0,0]}]},{"objects":[{"name":null,"type":1,"depth":1,"symbol":37,"clipDepth":0,"id":0,"colorTransform":[20,20,20,3,0,0,0,0]}]},{"objects":[{"name":null,"type":1,"depth":1,"symbol":37,"clipDepth":0,"id":0,"colorTransform":[20,20,20,3,0,0,0,0]}]},{"objects":[{"name":null,"type":1,"depth":1,"symbol":37,"clipDepth":0,"id":0,"colorTransform":[20,20,20,3,0,0,0,0]}]},{"objects":[{"name":null,"type":1,"depth":1,"symbol":37,"clipDepth":0,"id":0,"colorTransform":[20,20,20,2,0,0,0,0]}]},{"objects":[{"name":null,"type":1,"depth":1,"symbol":37,"clipDepth":0,"id":0,"colorTransform":[20,20,20,2,0,0,0,0]}]},{"objects":[{"name":null,"type":1,"depth":1,"symbol":37,"clipDepth":0,"id":0,"colorTransform":[20,20,20,2,0,0,0,0]}]},{"objects":[{"name":null,"type":1,"depth":1,"symbol":37,"clipDepth":0,"id":0,"colorTransform":[20,20,20,1,0,0,0,0]}]},{"objects":[{"name":null,"type":1,"depth":1,"symbol":37,"clipDepth":0,"id":0,"colorTransform":[20,20,20,1,0,0,0,0]}]},{"objects":[{"name":null,"type":1,"depth":1,"symbol":37,"clipDepth":0,"id":0,"colorTransform":[20,20,20,1,0,0,0,0]}]},{"objects":[{"name":null,"type":1,"depth":1,"symbol":37,"clipDepth":0,"id":0,"colorTransform":[20,20,20,1,0,0,0,0]}]},{"objects":[{"name":null,"type":1,"depth":1,"symbol":37,"clipDepth":0,"id":0,"colorTransform":[20,20,20,0,0,0,0,0]}]},{"objects":[{"name":null,"type":1,"depth":1,"symbol":37,"clipDepth":0,"id":0,"colorTransform":[20,20,20,0,0,0,0,0]}]},{"objects":[{"name":null,"type":1,"depth":1,"symbol":37,"clipDepth":0,"id":0,"colorTransform":[20,20,20,0,0,0,0,0]}]}]},{"selectable":false,"html":true,"password":false,"color":-1072887,"fontName":"Verdana Bold","rect":[-40,-40,2430,323],"text":"<p align=\"left\"><font face=\"Verdana Bold\" size=\"10\" color=\"#efa109\" letterSpacing=\"0.00\" kerning=\"1\"><b>+250 Points</b></font></p>","type":2,"border":false,"leftMargin":0,"fontID":7,"id":9,"wordWrap":false,"leading":67,"indent":0,"multiline":false,"align":"left","rightMargin":0,"fontHeight":200,"input":false},{"type":5,"id":37,"frames":[{"objects":[{"name":null,"type":0,"depth":1,"symbol":33,"clipDepth":0,"id":0,"matrix":[1,0,0,1,0,0]},{"name":null,"type":0,"depth":2,"symbol":35,"clipDepth":0,"id":1,"filters":[[3,16705110,1,4,4,1,1,false,false]],"blendMode":"screen","colorTransform":[20,20,20,16,0,0,0,0],"matrix":[1,0,0,1,0,13]},{"name":null,"type":0,"depth":5,"symbol":36,"clipDepth":0,"id":2,"matrix":[1,0,0,1,0,0]}]}]},{"selectable":false,"html":true,"password":false,"color":-1,"fontName":"Verdana Bold","rect":[-40,-40,4842,370],"text":"<p align=\"left\"><font face=\"Verdana Bold\" size=\"10\" color=\"#ffffff\" letterSpacing=\"0.30\" kerning=\"1\"><b>Phase 1 Complete</b></font></p>","type":2,"border":false,"leftMargin":0,"fontID":7,"id":8,"wordWrap":false,"leading":40,"indent":0,"multiline":false,"align":"left","rightMargin":0,"fontHeight":200,"input":false},{"type":4,"id":36,"commands":[3,5,2,0,[16777215,16777215],[0,0.8],[0,255],[0,-0.00762939453125,0.180633544921875,0,2961,195],0,1,0,8,3,30,7,742,30,7,742,320,7,3,320,7,3,30,5,2,0,[16777215,9342606],[0,0.749019607843137],[0,255],[0,0.00701904296875,-0.00457763671875,0,2962,995],0,1,0,8,3,810,7,742,810,7,742,1090,7,3,1090,7,3,810,5]},{"type":5,"id":35,"frames":[{"objects":[{"name":null,"type":0,"depth":2,"symbol":34,"clipDepth":0,"id":0,"matrix":[1,0,0,1,0,0]}]}]},{"selectable":false,"html":true,"password":false,"color":-3355444,"fontName":"Verdana","rect":[-40,-40,2033,440],"text":"<p align=\"right\"><font face=\"Verdana\" size=\"7\" color=\"#cccccc\" letterSpacing=\"0.50\" kerning=\"1\">Time left till next Phase</font></p>","type":2,"border":false,"leftMargin":0,"fontID":5,"id":6,"wordWrap":false,"leading":20,"indent":0,"multiline":false,"align":"right","rightMargin":0,"fontHeight":140,"input":false},{"type":4,"id":34,"commands":[3,5,1,15112473,0.247058823529412,8,6753,41,7,6744,38,7,825,38,4,820,38,817,41,7,816,42,4,813,45,813,50,7,813,1050,7,816,1059,7,817,1059,7,825,1063,7,6744,1063,7,6753,1059,7,6757,1050,7,6757,50,7,6753,42,7,6753,41,8,6755,40,7,6759,50,7,6759,1050,7,6755,1061,7,6744,1065,7,825,1065,4,819,1065,815,1061,7,810,1050,7,810,50,7,815,40,4,819,35,825,35,7,6744,35,4,6750,35,6755,40,8,6732,1038,7,838,1038,7,838,63,7,6732,63,7,6732,1038,8,6729,1035,7,6729,65,7,840,65,7,840,1035,7,6729,1035,5,1,15112473,0.498039215686275,8,6753,41,7,6753,42,7,6757,50,7,6757,1050,7,6753,1059,7,6744,1063,7,825,1063,7,817,1059,7,816,1059,7,813,1050,7,813,50,4,813,45,816,42,7,817,41,4,820,38,825,38,7,6744,38,7,6753,41,8,6751,43,4,6748,40,6744,40,7,825,40,4,821,40,818,43,7,815,50,7,815,1050,7,818,1057,4,821,1060,825,1060,7,6744,1060,7,6751,1057,7,6754,1050,7,6754,50,7,6751,43,8,6734,1040,7,835,1040,7,835,60,7,6734,60,7,6734,1040,8,6732,1038,7,6732,63,7,838,63,7,838,1038,7,6732,1038,5,1,15112473,0.749019607843137,8,6749,45,7,6744,43,7,825,43,7,820,45,7,818,50,7,818,1050,7,820,1055,7,820,1056,7,825,1058,7,6744,1058,7,6750,1056,7,6752,1050,7,6752,50,7,6750,45,7,6749,45,8,6751,43,7,6754,50,7,6754,1050,7,6751,1057,7,6744,1060,7,825,1060,4,821,1060,818,1057,7,815,1050,7,815,50,7,818,43,4,821,40,825,40,7,6744,40,4,6748,40,6751,43,8,6737,1043,7,833,1043,7,833,58,7,6737,58,7,6737,1043,8,6734,1040,7,6734,60,7,835,60,7,835,1040,7,6734,1040,5,1,15112473,1,8,6749,45,7,6750,45,7,6752,50,7,6752,1050,7,6750,1056,7,6744,1058,7,825,1058,7,820,1056,7,820,1055,7,818,1050,7,818,50,7,820,45,7,825,43,7,6744,43,7,6749,45,8,6737,1043,7,6737,58,7,833,58,7,833,1043,7,6737,1043,5,1,13666837,0.247058823529412,8,15,0,7,734,0,7,745,5,7,749,15,7,749,1065,7,745,1076,7,734,1080,7,15,1080,4,9,1080,5,1076,7,0,1065,7,0,15,7,5,5,4,9,0,15,0,8,15,3,4,10,3,7,6,7,6,7,4,3,10,3,15,7,3,1065,7,6,1074,7,7,1074,7,15,1078,7,734,1078,7,743,1074,7,747,1065,7,747,15,7,743,7,7,743,6,7,734,3,7,15,3,8,722,28,7,722,1053,7,28,1053,7,28,28,7,722,28,8,719,30,7,30,30,7,30,1050,7,719,1050,7,719,30,5,1,13666837,0.498039215686275,8,15,5,4,11,5,8,8,4,5,11,5,15,7,5,1065,7,8,1072,7,15,1075,7,734,1075,7,741,1072,7,744,1065,7,744,15,7,741,8,7,734,5,7,15,5,8,15,3,7,734,3,7,743,6,7,743,7,7,747,15,7,747,1065,7,743,1074,7,734,1078,7,15,1078,7,7,1074,7,6,1074,7,3,1065,7,3,15,4,3,10,6,7,7,7,6,4,10,3,15,3,8,724,25,7,724,1055,7,25,1055,7,25,25,7,724,25,8,722,28,7,28,28,7,28,1053,7,722,1053,7,722,28,5,1,13666837,0.749019607843137,8,15,8,7,10,10,7,8,15,7,8,1065,7,10,1070,7,10,1071,7,15,1073,7,734,1073,7,740,1071,7,742,1065,7,742,15,7,740,10,7,739,10,7,734,8,7,15,8,8,15,5,7,734,5,7,741,8,7,744,15,7,744,1065,7,741,1072,7,734,1075,7,15,1075,7,8,1072,7,5,1065,7,5,15,4,5,11,8,8,4,11,5,15,5,8,727,23,7,727,1058,7,23,1058,7,23,23,7,727,23,8,724,25,7,25,25,7,25,1055,7,724,1055,7,724,25,5,1,13666837,1,8,15,8,7,734,8,7,739,10,7,740,10,7,742,15,7,742,1065,7,740,1071,7,734,1073,7,15,1073,7,10,1071,7,10,1070,7,8,1065,7,8,15,7,10,10,7,15,8,8,727,23,7,23,23,7,23,1058,7,727,1058,7,727,23,5,3,5,1,16173636,1,8,780,-10,7,780,-11,7,6036,-11,7,6386,-11,7,6744,-11,7,6790,-11,7,6753,41,7,6753,43,7,3780,44,4,1009,46,828,50,7,780,-10,5,2,0,[3484949,14925130,16173636],[0.0117647058823529,0.749019607843137,1],[0,79,255],[0.00146484375,0,0,0.033477783203125,804,538],0,1,0,8,828,50,7,826,51,7,824,1055,7,780,1087,7,780,-10,7,828,50,5,2,0,[3484949,7035171,10124841],[0.0117647058823529,0.749019607843137,1],[0,79,255],[-0.00146484375,0,0,-0.033477783203125,6776,552],0,1,0,8,6790,-11,7,6792,-13,7,6800,-10,7,6800,15,7,6800,1100,7,6754,1043,7,6753,43,7,6753,41,7,6790,-11,5]},{"type":4,"id":33,"commands":[3,5,2,0,[16777215,16777215],[0,0.8],[0,255],[0,-0.00762939453125,0.180633544921875,0,3783,188],0,1,0,8,825,63,7,6744,63,7,6744,313,7,825,313,7,825,63,5,2,0,[16777215,9342606],[0,0.749019607843137],[0,255],[0,0.00701904296875,-0.00457763671875,0,3784,988],0,1,0,8,825,803,7,6744,803,7,6744,1063,7,825,1063,7,825,803,5]},{"selectable":false,"html":true,"password":false,"color":-1,"fontName":"KoratakiRg-Regular","rect":[-40,-40,3632,608],"text":"<p align=\"right\"><font face=\"KoratakiRg-Regular\" size=\"19\" color=\"#ffffff\" letterSpacing=\"1.00\" kerning=\"1\">88d:88h</font></p>","type":2,"border":false,"leftMargin":0,"fontID":3,"id":4,"wordWrap":false,"leading":40,"indent":0,"multiline":false,"align":"right","rightMargin":0,"fontHeight":390,"input":false},{"selectable":true,"html":true,"password":false,"color":-2171170,"fontName":"AgencyFB-Bold","rect":[-40,-40,3679,439],"text":"<p align=\"left\"><font face=\"AgencyFB-Bold\" size=\"15\" color=\"#dedede\" letterSpacing=\"1.50\" kerning=\"1\"><b>SHADOW OPS</b></font></p>","type":2,"border":false,"leftMargin":0,"fontID":31,"id":32,"wordWrap":false,"leading":67,"indent":0,"multiline":false,"align":"left","rightMargin":0,"fontHeight":300,"input":false},{"type":4,"id":2,"commands":[3,5,1,6710886,1,8,0,10,7,3310,10,7,6795,10,7,6810,10,7,6810,1050,7,6810,1110,7,6795,1110,7,0,1110,7,0,10,5,6,1,6710886,1,false,2,1,1,3,8,0,10,7,3310,10,7,6795,10,7,6810,10,7,6810,1050,7,6810,1110,7,6795,1110,7,0,1110,7,0,10,3,5,0,1,[1,0,0,1,801,10],false,false,8,801,10,7,6801,10,7,6801,1110,7,801,1110,7,801,10,5,3,5,1,0,1,8,3,7,7,783,7,7,783,1107,7,3,1107,7,3,7,5]},{"type":5,"id":30,"frames":[{"objects":[{"name":null,"type":0,"depth":1,"symbol":29,"clipDepth":0,"id":0,"filters":[[3,11730944,1,0,0,0,1,false,false]],"matrix":[0.999984741210938,0,0,0.999984741210938,0,0]}]},{"objects":[{"name":null,"type":1,"depth":1,"symbol":29,"clipDepth":0,"id":0,"filters":[[3,11730944,1,0.189971923828125,0.189971923828125,0.01953125,1,false,false]]}]},{"objects":[{"name":null,"type":1,"depth":1,"symbol":29,"clipDepth":0,"id":0,"filters":[[3,11730944,1,0.379714965820313,0.379714965820313,0.046875,1,false,false]]}]},{"objects":[{"name":null,"type":1,"depth":1,"symbol":29,"clipDepth":0,"id":0,"filters":[[3,11731200,1,0.569686889648438,0.569686889648438,0.06640625,1,false,false]]}]},{"objects":[{"name":null,"type":1,"depth":1,"symbol":29,"clipDepth":0,"id":0,"filters":[[3,11731200,1,0.759429931640625,0.759429931640625,0.09765625,1,false,false]]}]},{"objects":[{"name":null,"type":1,"depth":1,"symbol":29,"clipDepth":0,"id":0,"filters":[[3,11731200,1,0.94940185546875,0.94940185546875,0.1171875,1,false,false]]}]},{"objects":[{"name":null,"type":1,"depth":1,"symbol":29,"clipDepth":0,"id":0,"filters":[[3,11665920,1,1.13914489746094,1.13914489746094,0.1484375,1,false,false]]}]},{"objects":[{"name":null,"type":1,"depth":1,"symbol":29,"clipDepth":0,"id":0,"filters":[[3,11665920,1,1.32911682128906,1.32911682128906,0.16796875,1,false,false]]}]},{"objects":[{"name":null,"type":1,"depth":1,"symbol":29,"clipDepth":0,"id":0,"filters":[[3,11666176,1,1.51908874511719,1.51908874511719,0.19921875,1,false,false]]}]},{"objects":[{"name":null,"type":1,"depth":1,"symbol":29,"clipDepth":0,"id":0,"filters":[[3,11666176,1,1.70883178710938,1.70883178710938,0.21875,1,false,false]]}]},{"objects":[{"name":null,"type":1,"depth":1,"symbol":29,"clipDepth":0,"id":0,"filters":[[3,11666176,1,1.8988037109375,1.8988037109375,0.25,1,false,false]]}]},{"objects":[{"name":null,"type":1,"depth":1,"symbol":29,"clipDepth":0,"id":0,"filters":[[3,11600896,1,2.08854675292969,2.08854675292969,0.26953125,1,false,false]]}]},{"objects":[{"name":null,"type":1,"depth":1,"symbol":29,"clipDepth":0,"id":0,"filters":[[3,11600896,1,2.27851867675781,2.27851867675781,0.296875,1,false,false]]}]},{"objects":[{"name":null,"type":1,"depth":1,"symbol":29,"clipDepth":0,"id":0,"filters":[[3,11601152,1,2.46826171875,2.46826171875,0.31640625,1,false,false]]}]},{"objects":[{"name":null,"type":1,"depth":1,"symbol":29,"clipDepth":0,"id":0,"filters":[[3,11601152,1,2.65823364257813,2.65823364257813,0.34765625,1,false,false]]}]},{"objects":[{"name":null,"type":1,"depth":1,"symbol":29,"clipDepth":0,"id":0,"filters":[[3,11601152,1,2.84820556640625,2.84820556640625,0.3671875,1,false,false]]}]},{"objects":[{"name":null,"type":1,"depth":1,"symbol":29,"clipDepth":0,"id":0,"filters":[[3,11535872,1,3.03794860839844,3.03794860839844,0.3984375,1,false,false]]}]},{"objects":[{"name":null,"type":1,"depth":1,"symbol":29,"clipDepth":0,"id":0,"filters":[[3,11535872,1,3.22792053222656,3.22792053222656,0.4296875,1,false,false]]}]},{"objects":[{"name":null,"type":1,"depth":1,"symbol":29,"clipDepth":0,"id":0,"filters":[[3,11536128,1,3.41766357421875,3.41766357421875,0.44921875,1,false,false]]}]},{"objects":[{"name":null,"type":1,"depth":1,"symbol":29,"clipDepth":0,"id":0,"filters":[[3,11536128,1,3.60763549804688,3.60763549804688,0.4765625,1,false,false]]}]},{"objects":[{"name":null,"type":1,"depth":1,"symbol":29,"clipDepth":0,"id":0,"filters":[[3,11536128,1,3.79737854003906,3.79737854003906,0.5,1,false,false]]}]},{"objects":[{"name":null,"type":1,"depth":1,"symbol":29,"clipDepth":0,"id":0,"filters":[[3,11536384,1,3.98735046386719,3.98735046386719,0.52734375,1,false,false]]}]},{"objects":[{"name":null,"type":1,"depth":1,"symbol":29,"clipDepth":0,"id":0,"filters":[[3,11470848,1,4.17732238769531,4.17732238769531,0.546875,1,false,false]]}]},{"objects":[{"name":null,"type":1,"depth":1,"symbol":29,"clipDepth":0,"id":0,"filters":[[3,11471104,1,4.3670654296875,4.3670654296875,0.578125,1,false,false]]}]},{"objects":[{"name":null,"type":1,"depth":1,"symbol":29,"clipDepth":0,"id":0,"filters":[[3,11471104,1,4.55703735351563,4.55703735351563,0.59765625,1,false,false]]}]},{"objects":[{"name":null,"type":1,"depth":1,"symbol":29,"clipDepth":0,"id":0,"filters":[[3,11471104,1,4.74678039550781,4.74678039550781,0.62890625,1,false,false]]}]},{"objects":[{"name":null,"type":1,"depth":1,"symbol":29,"clipDepth":0,"id":0,"filters":[[3,11471360,1,4.93675231933594,4.93675231933594,0.6484375,1,false,false]]}]},{"objects":[{"name":null,"type":1,"depth":1,"symbol":29,"clipDepth":0,"id":0,"filters":[[3,11405824,1,5.12649536132813,5.12649536132813,0.6796875,1,false,false]]}]},{"objects":[{"name":null,"type":1,"depth":1,"symbol":29,"clipDepth":0,"id":0,"filters":[[3,11405824,1,5.31646728515625,5.31646728515625,0.69921875,1,false,false]]}]},{"objects":[{"name":null,"type":1,"depth":1,"symbol":29,"clipDepth":0,"id":0,"filters":[[3,11406080,1,5.50643920898438,5.50643920898438,0.7265625,1,false,false]]}]},{"objects":[{"name":null,"type":1,"depth":1,"symbol":29,"clipDepth":0,"id":0,"filters":[[3,11406080,1,5.69618225097656,5.69618225097656,0.75,1,false,false]]}]},{"objects":[{"name":null,"type":1,"depth":1,"symbol":29,"clipDepth":0,"id":0,"filters":[[3,11406336,1,5.88615417480469,5.88615417480469,0.77734375,1,false,false]]}]},{"objects":[{"name":null,"type":1,"depth":1,"symbol":29,"clipDepth":0,"id":0,"filters":[[3,11340800,1,6.07589721679688,6.07589721679688,0.80859375,1,false,false]]}]},{"objects":[{"name":null,"type":1,"depth":1,"symbol":29,"clipDepth":0,"id":0,"filters":[[3,11340800,1,6.265869140625,6.265869140625,0.828125,1,false,false]]}]},{"objects":[{"name":null,"type":1,"depth":1,"symbol":29,"clipDepth":0,"id":0,"filters":[[3,11341056,1,6.45561218261719,6.45561218261719,0.859375,1,false,false]]}]},{"objects":[{"name":null,"type":1,"depth":1,"symbol":29,"clipDepth":0,"id":0,"filters":[[3,11341056,1,6.64558410644531,6.64558410644531,0.87890625,1,false,false]]}]},{"objects":[{"name":null,"type":1,"depth":1,"symbol":29,"clipDepth":0,"id":0,"filters":[[3,11341312,1,6.83555603027344,6.83555603027344,0.90625,1,false,false]]}]},{"objects":[{"name":null,"type":1,"depth":1,"symbol":29,"clipDepth":0,"id":0,"filters":[[3,11275776,1,7.02529907226563,7.02529907226563,0.9296875,1,false,false]]}]},{"objects":[{"name":null,"type":1,"depth":1,"symbol":29,"clipDepth":0,"id":0,"filters":[[3,11275776,1,7.21527099609375,7.21527099609375,0.95703125,1,false,false]]}]},{"objects":[{"name":null,"type":1,"depth":1,"symbol":29,"clipDepth":0,"id":0,"filters":[[3,11276032,1,7.40501403808594,7.40501403808594,0.9765625,1,false,false]]}]},{"objects":[{"name":null,"type":1,"depth":1,"symbol":29,"clipDepth":0,"id":0,"filters":[[3,11276032,1,7.59498596191406,7.59498596191406,1.0078125,1,false,false]]}]},{"objects":[{"name":null,"type":1,"depth":1,"symbol":29,"clipDepth":0,"id":0,"filters":[[3,11276288,1,7.78472900390625,7.78472900390625,1.02734375,1,false,false]]}]},{"objects":[{"name":null,"type":1,"depth":1,"symbol":29,"clipDepth":0,"id":0,"filters":[[3,11276288,1,7.97470092773438,7.97470092773438,1.05859375,1,false,false]]}]},{"objects":[{"name":null,"type":1,"depth":1,"symbol":29,"clipDepth":0,"id":0,"filters":[[3,11210752,1,8.16444396972656,8.16444396972656,1.078125,1,false,false]]}]},{"objects":[{"name":null,"type":1,"depth":1,"symbol":29,"clipDepth":0,"id":0,"filters":[[3,11211008,1,8.35441589355469,8.35441589355469,1.109375,1,false,false]]}]},{"objects":[{"name":null,"type":1,"depth":1,"symbol":29,"clipDepth":0,"id":0,"filters":[[3,11211008,1,8.54438781738281,8.54438781738281,1.12890625,1,false,false]]}]},{"objects":[{"name":null,"type":1,"depth":1,"symbol":29,"clipDepth":0,"id":0,"filters":[[3,11211264,1,8.734130859375,8.734130859375,1.15625,1,false,false]]}]},{"objects":[{"name":null,"type":1,"depth":1,"symbol":29,"clipDepth":0,"id":0,"filters":[[3,11211264,1,8.92410278320313,8.92410278320313,1.1796875,1,false,false]]}]},{"objects":[{"name":null,"type":1,"depth":1,"symbol":29,"clipDepth":0,"id":0,"filters":[[3,11145728,1,9.11384582519531,9.11384582519531,1.20703125,1,false,false]]}]},{"objects":[{"name":null,"type":1,"depth":1,"symbol":29,"clipDepth":0,"id":0,"filters":[[3,11145984,1,9.30381774902344,9.30381774902344,1.23828125,1,false,false]]}]},{"objects":[{"name":null,"type":1,"depth":1,"symbol":29,"clipDepth":0,"id":0,"filters":[[3,11145984,1,9.49356079101563,9.49356079101563,1.2578125,1,false,false]]}]},{"objects":[{"name":null,"type":1,"depth":1,"symbol":29,"clipDepth":0,"id":0,"filters":[[3,11146240,1,9.68353271484375,9.68353271484375,1.2890625,1,false,false]]}]},{"objects":[{"name":null,"type":1,"depth":1,"symbol":29,"clipDepth":0,"id":0,"filters":[[3,11146240,1,9.87350463867188,9.87350463867188,1.30859375,1,false,false]]}]},{"objects":[{"name":null,"type":1,"depth":1,"symbol":29,"clipDepth":0,"id":0,"filters":[[3,11080704,1,10.0632476806641,10.0632476806641,1.33984375,1,false,false]]}]},{"objects":[{"name":null,"type":1,"depth":1,"symbol":29,"clipDepth":0,"id":0,"filters":[[3,11080960,1,10.2532196044922,10.2532196044922,1.359375,1,false,false]]}]},{"objects":[{"name":null,"type":1,"depth":1,"symbol":29,"clipDepth":0,"id":0,"filters":[[3,11080960,1,10.4429626464844,10.4429626464844,1.38671875,1,false,false]]}]},{"objects":[{"name":null,"type":1,"depth":1,"symbol":29,"clipDepth":0,"id":0,"filters":[[3,11080960,1,10.6329345703125,10.6329345703125,1.40625,1,false,false]]}]},{"objects":[{"name":null,"type":1,"depth":1,"symbol":29,"clipDepth":0,"id":0,"filters":[[3,11081216,1,10.8226776123047,10.8226776123047,1.4375,1,false,false]]}]},{"objects":[{"name":null,"type":1,"depth":1,"symbol":29,"clipDepth":0,"id":0,"filters":[[3,11015680,1,11.0126495361328,11.0126495361328,1.45703125,1,false,false]]}]},{"objects":[{"name":null,"type":1,"depth":1,"symbol":29,"clipDepth":0,"id":0,"filters":[[3,11015936,1,11.2026214599609,11.2026214599609,1.48828125,1,false,false]]}]},{"objects":[{"name":null,"type":1,"depth":1,"symbol":29,"clipDepth":0,"id":0,"filters":[[3,11015936,1,11.3923645019531,11.3923645019531,1.5078125,1,false,false]]}]},{"objects":[{"name":null,"type":1,"depth":1,"symbol":29,"clipDepth":0,"id":0,"filters":[[3,11015936,1,11.5823364257813,11.5823364257813,1.5390625,1,false,false]]}]},{"objects":[{"name":null,"type":1,"depth":1,"symbol":29,"clipDepth":0,"id":0,"filters":[[3,11016192,1,11.7720794677734,11.7720794677734,1.55859375,1,false,false]]}]},{"objects":[{"name":null,"type":1,"depth":1,"symbol":29,"clipDepth":0,"id":0,"filters":[[3,11016192,1,11.9620513916016,11.9620513916016,1.58984375,1,false,false]]}]},{"objects":[{"name":null,"type":1,"depth":1,"symbol":29,"clipDepth":0,"id":0,"filters":[[3,10950912,1,12.1517944335938,12.1517944335938,1.6171875,1,false,false]]}]},{"objects":[{"name":null,"type":1,"depth":1,"symbol":29,"clipDepth":0,"id":0,"filters":[[3,10950912,1,12.3417663574219,12.3417663574219,1.63671875,1,false,false]]}]},{"objects":[{"name":null,"type":1,"depth":1,"symbol":29,"clipDepth":0,"id":0,"filters":[[3,10950912,1,12.53173828125,12.53173828125,1.66796875,1,false,false]]}]},{"objects":[{"name":null,"type":1,"depth":1,"symbol":29,"clipDepth":0,"id":0,"filters":[[3,10951168,1,12.7214813232422,12.7214813232422,1.6875,1,false,false]]}]},{"objects":[{"name":null,"type":1,"depth":1,"symbol":29,"clipDepth":0,"id":0,"filters":[[3,10951168,1,12.9114532470703,12.9114532470703,1.71875,1,false,false]]}]},{"objects":[{"name":null,"type":1,"depth":1,"symbol":29,"clipDepth":0,"id":0,"filters":[[3,10885888,1,13.1011962890625,13.1011962890625,1.73828125,1,false,false]]}]},{"objects":[{"name":null,"type":1,"depth":1,"symbol":29,"clipDepth":0,"id":0,"filters":[[3,10885888,1,13.2911682128906,13.2911682128906,1.76953125,1,false,false]]}]},{"objects":[{"name":null,"type":1,"depth":1,"symbol":29,"clipDepth":0,"id":0,"filters":[[3,10885888,1,13.4809112548828,13.4809112548828,1.7890625,1,false,false]]}]},{"objects":[{"name":null,"type":1,"depth":1,"symbol":29,"clipDepth":0,"id":0,"filters":[[3,10886144,1,13.6708831787109,13.6708831787109,1.81640625,1,false,false]]}]},{"objects":[{"name":null,"type":1,"depth":1,"symbol":29,"clipDepth":0,"id":0,"filters":[[3,10886144,1,13.8608551025391,13.8608551025391,1.83984375,1,false,false]]}]},{"objects":[{"name":null,"type":1,"depth":1,"symbol":29,"clipDepth":0,"id":0,"filters":[[3,10820864,1,14.0505981445313,14.0505981445313,1.8671875,1,false,false]]}]},{"objects":[{"name":null,"type":1,"depth":1,"symbol":29,"clipDepth":0,"id":0,"filters":[[3,10820864,1,14.2405700683594,14.2405700683594,1.88671875,1,false,false]]}]},{"objects":[{"name":null,"type":1,"depth":1,"symbol":29,"clipDepth":0,"id":0,"filters":[[3,10820864,1,14.4303131103516,14.4303131103516,1.91796875,1,false,false]]}]},{"objects":[{"name":null,"type":1,"depth":1,"symbol":29,"clipDepth":0,"id":0,"filters":[[3,10821120,1,14.6202850341797,14.6202850341797,1.9375,1,false,false]]}]},{"objects":[{"name":null,"type":1,"depth":1,"symbol":29,"clipDepth":0,"id":0,"filters":[[3,10821120,1,14.8100280761719,14.8100280761719,1.96875,1,false,false]]}]},{"objects":[{"name":null,"type":1,"depth":1,"symbol":29,"clipDepth":0,"id":0,"filters":[[3,10755841,1,15,15,2,1,false,false]]}]},{"objects":[{"name":null,"type":1,"depth":1,"symbol":29,"clipDepth":0,"id":0,"filters":[[3,10755841,1,14.8125457763672,14.8125457763672,1.96875,1,false,false]]}]},{"objects":[{"name":null,"type":1,"depth":1,"symbol":29,"clipDepth":0,"id":0,"filters":[[3,10755841,1,14.6250915527344,14.6250915527344,1.94921875,1,false,false]]}]},{"objects":[{"name":null,"type":1,"depth":1,"symbol":29,"clipDepth":0,"id":0,"filters":[[3,10755585,1,14.4374084472656,14.4374084472656,1.91796875,1,false,false]]}]},{"objects":[{"name":null,"type":1,"depth":1,"symbol":29,"clipDepth":0,"id":0,"filters":[[3,10755585,1,14.2499542236328,14.2499542236328,1.88671875,1,false,false]]}]},{"objects":[{"name":null,"type":1,"depth":1,"symbol":29,"clipDepth":0,"id":0,"filters":[[3,10755585,1,14.0625,14.0625,1.8671875,1,false,false]]}]},{"objects":[{"name":null,"type":1,"depth":1,"symbol":29,"clipDepth":0,"id":0,"filters":[[3,10820865,1,13.8750457763672,13.8750457763672,1.84765625,1,false,false]]}]},{"objects":[{"name":null,"type":1,"depth":1,"symbol":29,"clipDepth":0,"id":0,"filters":[[3,10820865,1,13.6875915527344,13.6875915527344,1.81640625,1,false,false]]}]},{"objects":[{"name":null,"type":1,"depth":1,"symbol":29,"clipDepth":0,"id":0,"filters":[[3,10820609,1,13.4999084472656,13.4999084472656,1.7890625,1,false,false]]}]},{"objects":[{"name":null,"type":1,"depth":1,"symbol":29,"clipDepth":0,"id":0,"filters":[[3,10820609,1,13.3124542236328,13.3124542236328,1.76953125,1,false,false]]}]},{"objects":[{"name":null,"type":1,"depth":1,"symbol":29,"clipDepth":0,"id":0,"filters":[[3,10820609,1,13.125,13.125,1.75,1,false,false]]}]},{"objects":[{"name":null,"type":1,"depth":1,"symbol":29,"clipDepth":0,"id":0,"filters":[[3,10885889,1,12.9375457763672,12.9375457763672,1.71875,1,false,false]]}]},{"objects":[{"name":null,"type":1,"depth":1,"symbol":29,"clipDepth":0,"id":0,"filters":[[3,10885889,1,12.7500915527344,12.7500915527344,1.69921875,1,false,false]]}]},{"objects":[{"name":null,"type":1,"depth":1,"symbol":29,"clipDepth":0,"id":0,"filters":[[3,10885633,1,12.5624084472656,12.5624084472656,1.66796875,1,false,false]]}]},{"objects":[{"name":null,"type":1,"depth":1,"symbol":29,"clipDepth":0,"id":0,"filters":[[3,10885633,1,12.3749542236328,12.3749542236328,1.63671875,1,false,false]]}]},{"objects":[{"name":null,"type":1,"depth":1,"symbol":29,"clipDepth":0,"id":0,"filters":[[3,10885633,1,12.1875,12.1875,1.6171875,1,false,false]]}]},{"objects":[{"name":null,"type":1,"depth":1,"symbol":29,"clipDepth":0,"id":0,"filters":[[3,10885377,1,12.0000457763672,12.0000457763672,1.59765625,1,false,false]]}]},{"objects":[{"name":null,"type":1,"depth":1,"symbol":29,"clipDepth":0,"id":0,"filters":[[3,10950913,1,11.8125915527344,11.8125915527344,1.56640625,1,false,false]]}]},{"objects":[{"name":null,"type":1,"depth":1,"symbol":29,"clipDepth":0,"id":0,"filters":[[3,10950913,1,11.6249084472656,11.6249084472656,1.5390625,1,false,false]]}]},{"objects":[{"name":null,"type":1,"depth":1,"symbol":29,"clipDepth":0,"id":0,"filters":[[3,10950657,1,11.4374542236328,11.4374542236328,1.51953125,1,false,false]]}]},{"objects":[{"name":null,"type":1,"depth":1,"symbol":29,"clipDepth":0,"id":0,"filters":[[3,10950657,1,11.25,11.25,1.5,1,false,false]]}]},{"objects":[{"name":null,"type":1,"depth":1,"symbol":29,"clipDepth":0,"id":0,"filters":[[3,10950401,1,11.0625457763672,11.0625457763672,1.46875,1,false,false]]}]},{"objects":[{"name":null,"type":1,"depth":1,"symbol":29,"clipDepth":0,"id":0,"filters":[[3,11015937,1,10.8750915527344,10.8750915527344,1.44921875,1,false,false]]}]},{"objects":[{"name":null,"type":1,"depth":1,"symbol":29,"clipDepth":0,"id":0,"filters":[[3,11015937,1,10.6874084472656,10.6874084472656,1.41796875,1,false,false]]}]},{"objects":[{"name":null,"type":1,"depth":1,"symbol":29,"clipDepth":0,"id":0,"filters":[[3,11015681,1,10.4999542236328,10.4999542236328,1.38671875,1,false,false]]}]},{"objects":[{"name":null,"type":1,"depth":1,"symbol":29,"clipDepth":0,"id":0,"filters":[[3,11015681,1,10.3125,10.3125,1.3671875,1,false,false]]}]},{"objects":[{"name":null,"type":1,"depth":1,"symbol":29,"clipDepth":0,"id":0,"filters":[[3,11015425,1,10.1250457763672,10.1250457763672,1.34765625,1,false,false]]}]},{"objects":[{"name":null,"type":1,"depth":1,"symbol":29,"clipDepth":0,"id":0,"filters":[[3,11080961,1,9.93759155273438,9.93759155273438,1.31640625,1,false,false]]}]},{"objects":[{"name":null,"type":1,"depth":1,"symbol":29,"clipDepth":0,"id":0,"filters":[[3,11080961,1,9.74990844726563,9.74990844726563,1.2890625,1,false,false]]}]},{"objects":[{"name":null,"type":1,"depth":1,"symbol":29,"clipDepth":0,"id":0,"filters":[[3,11080705,1,9.56245422363281,9.56245422363281,1.26953125,1,false,false]]}]},{"objects":[{"name":null,"type":1,"depth":1,"symbol":29,"clipDepth":0,"id":0,"filters":[[3,11080705,1,9.375,9.375,1.25,1,false,false]]}]},{"objects":[{"name":null,"type":1,"depth":1,"symbol":29,"clipDepth":0,"id":0,"filters":[[3,11080449,1,9.18754577636719,9.18754577636719,1.21875,1,false,false]]}]},{"objects":[{"name":null,"type":1,"depth":1,"symbol":29,"clipDepth":0,"id":0,"filters":[[3,11080449,1,9.00009155273438,9.00009155273438,1.19921875,1,false,false]]}]},{"objects":[{"name":null,"type":1,"depth":1,"symbol":29,"clipDepth":0,"id":0,"filters":[[3,11145985,1,8.81240844726563,8.81240844726563,1.16796875,1,false,false]]}]},{"objects":[{"name":null,"type":1,"depth":1,"symbol":29,"clipDepth":0,"id":0,"filters":[[3,11145729,1,8.62495422363281,8.62495422363281,1.13671875,1,false,false]]}]},{"objects":[{"name":null,"type":1,"depth":1,"symbol":29,"clipDepth":0,"id":0,"filters":[[3,11145729,1,8.4375,8.4375,1.1171875,1,false,false]]}]},{"objects":[{"name":null,"type":1,"depth":1,"symbol":29,"clipDepth":0,"id":0,"filters":[[3,11145729,1,8.25004577636719,8.25004577636719,1.09765625,1,false,false]]}]},{"objects":[{"name":null,"type":1,"depth":1,"symbol":29,"clipDepth":0,"id":0,"filters":[[3,11145473,1,8.06259155273438,8.06259155273438,1.06640625,1,false,false]]}]},{"objects":[{"name":null,"type":1,"depth":1,"symbol":29,"clipDepth":0,"id":0,"filters":[[3,11211009,1,7.87490844726563,7.87490844726563,1.0390625,1,false,false]]}]},{"objects":[{"name":null,"type":1,"depth":1,"symbol":29,"clipDepth":0,"id":0,"filters":[[3,11210753,1,7.68745422363281,7.68745422363281,1.01953125,1,false,false]]}]},{"objects":[{"name":null,"type":1,"depth":1,"symbol":29,"clipDepth":0,"id":0,"filters":[[3,11210753,1,7.5,7.5,1,1,false,false]]}]},{"objects":[{"name":null,"type":1,"depth":1,"symbol":29,"clipDepth":0,"id":0,"filters":[[3,11210753,1,7.31254577636719,7.31254577636719,0.96875,1,false,false]]}]},{"objects":[{"name":null,"type":1,"depth":1,"symbol":29,"clipDepth":0,"id":0,"filters":[[3,11210497,1,7.12509155273438,7.12509155273438,0.94921875,1,false,false]]}]},{"objects":[{"name":null,"type":1,"depth":1,"symbol":29,"clipDepth":0,"id":0,"filters":[[3,11276033,1,6.93740844726563,6.93740844726563,0.91796875,1,false,false]]}]},{"objects":[{"name":null,"type":1,"depth":1,"symbol":29,"clipDepth":0,"id":0,"filters":[[3,11275777,1,6.74995422363281,6.74995422363281,0.88671875,1,false,false]]}]},{"objects":[{"name":null,"type":1,"depth":1,"symbol":29,"clipDepth":0,"id":0,"filters":[[3,11275777,1,6.5625,6.5625,0.8671875,1,false,false]]}]},{"objects":[{"name":null,"type":1,"depth":1,"symbol":29,"clipDepth":0,"id":0,"filters":[[3,11275777,1,6.37504577636719,6.37504577636719,0.84765625,1,false,false]]}]},{"objects":[{"name":null,"type":1,"depth":1,"symbol":29,"clipDepth":0,"id":0,"filters":[[3,11275521,1,6.18759155273438,6.18759155273438,0.81640625,1,false,false]]}]},{"objects":[{"name":null,"type":1,"depth":1,"symbol":29,"clipDepth":0,"id":0,"filters":[[3,11341057,1,5.99990844726563,5.99990844726563,0.7890625,1,false,false]]}]},{"objects":[{"name":null,"type":1,"depth":1,"symbol":29,"clipDepth":0,"id":0,"filters":[[3,11341057,1,5.81245422363281,5.81245422363281,0.76953125,1,false,false]]}]},{"objects":[{"name":null,"type":1,"depth":1,"symbol":29,"clipDepth":0,"id":0,"filters":[[3,11340801,1,5.625,5.625,0.75,1,false,false]]}]},{"objects":[{"name":null,"type":1,"depth":1,"symbol":29,"clipDepth":0,"id":0,"filters":[[3,11340801,1,5.43754577636719,5.43754577636719,0.71875,1,false,false]]}]},{"objects":[{"name":null,"type":1,"depth":1,"symbol":29,"clipDepth":0,"id":0,"filters":[[3,11340545,1,5.25009155273438,5.25009155273438,0.69921875,1,false,false]]}]},{"objects":[{"name":null,"type":1,"depth":1,"symbol":29,"clipDepth":0,"id":0,"filters":[[3,11340545,1,5.06240844726563,5.06240844726563,0.66796875,1,false,false]]}]},{"objects":[{"name":null,"type":1,"depth":1,"symbol":29,"clipDepth":0,"id":0,"filters":[[3,11406081,1,4.87495422363281,4.87495422363281,0.63671875,1,false,false]]}]},{"objects":[{"name":null,"type":1,"depth":1,"symbol":29,"clipDepth":0,"id":0,"filters":[[3,11405825,1,4.6875,4.6875,0.6171875,1,false,false]]}]},{"objects":[{"name":null,"type":1,"depth":1,"symbol":29,"clipDepth":0,"id":0,"filters":[[3,11405825,1,4.50004577636719,4.50004577636719,0.59765625,1,false,false]]}]},{"objects":[{"name":null,"type":1,"depth":1,"symbol":29,"clipDepth":0,"id":0,"filters":[[3,11405569,1,4.31259155273438,4.31259155273438,0.56640625,1,false,false]]}]},{"objects":[{"name":null,"type":1,"depth":1,"symbol":29,"clipDepth":0,"id":0,"filters":[[3,11405569,1,4.12490844726563,4.12490844726563,0.5390625,1,false,false]]}]},{"objects":[{"name":null,"type":1,"depth":1,"symbol":29,"clipDepth":0,"id":0,"filters":[[3,11471105,1,3.93745422363281,3.93745422363281,0.51953125,1,false,false]]}]},{"objects":[{"name":null,"type":1,"depth":1,"symbol":29,"clipDepth":0,"id":0,"filters":[[3,11470849,1,3.75,3.75,0.5,1,false,false]]}]},{"objects":[{"name":null,"type":1,"depth":1,"symbol":29,"clipDepth":0,"id":0,"filters":[[3,11470849,1,3.56254577636719,3.56254577636719,0.46875,1,false,false]]}]},{"objects":[{"name":null,"type":1,"depth":1,"symbol":29,"clipDepth":0,"id":0,"filters":[[3,11470593,1,3.37509155273438,3.37509155273438,0.44921875,1,false,false]]}]},{"objects":[{"name":null,"type":1,"depth":1,"symbol":29,"clipDepth":0,"id":0,"filters":[[3,11470593,1,3.18740844726563,3.18740844726563,0.41796875,1,false,false]]}]},{"objects":[{"name":null,"type":1,"depth":1,"symbol":29,"clipDepth":0,"id":0,"filters":[[3,11536129,1,2.99995422363281,2.99995422363281,0.38671875,1,false,false]]}]},{"objects":[{"name":null,"type":1,"depth":1,"symbol":29,"clipDepth":0,"id":0,"filters":[[3,11535873,1,2.8125,2.8125,0.3671875,1,false,false]]}]},{"objects":[{"name":null,"type":1,"depth":1,"symbol":29,"clipDepth":0,"id":0,"filters":[[3,11535873,1,2.62504577636719,2.62504577636719,0.34765625,1,false,false]]}]},{"objects":[{"name":null,"type":1,"depth":1,"symbol":29,"clipDepth":0,"id":0,"filters":[[3,11535873,1,2.43759155273438,2.43759155273438,0.31640625,1,false,false]]}]},{"objects":[{"name":null,"type":1,"depth":1,"symbol":29,"clipDepth":0,"id":0,"filters":[[3,11535617,1,2.24990844726563,2.24990844726563,0.2890625,1,false,false]]}]},{"objects":[{"name":null,"type":1,"depth":1,"symbol":29,"clipDepth":0,"id":0,"filters":[[3,11535617,1,2.06245422363281,2.06245422363281,0.26953125,1,false,false]]}]},{"objects":[{"name":null,"type":1,"depth":1,"symbol":29,"clipDepth":0,"id":0,"filters":[[3,11600897,1,1.875,1.875,0.25,1,false,false]]}]},{"objects":[{"name":null,"type":1,"depth":1,"symbol":29,"clipDepth":0,"id":0,"filters":[[3,11600897,1,1.68754577636719,1.68754577636719,0.21875,1,false,false]]}]},{"objects":[{"name":null,"type":1,"depth":1,"symbol":29,"clipDepth":0,"id":0,"filters":[[3,11600897,1,1.50009155273438,1.50009155273438,0.19921875,1,false,false]]}]},{"objects":[{"name":null,"type":1,"depth":1,"symbol":29,"clipDepth":0,"id":0,"filters":[[3,11600641,1,1.31240844726563,1.31240844726563,0.16796875,1,false,false]]}]},{"objects":[{"name":null,"type":1,"depth":1,"symbol":29,"clipDepth":0,"id":0,"filters":[[3,11600641,1,1.12495422363281,1.12495422363281,0.13671875,1,false,false]]}]},{"objects":[{"name":null,"type":1,"depth":1,"symbol":29,"clipDepth":0,"id":0,"filters":[[3,11665921,1,0.9375,0.9375,0.1171875,1,false,false]]}]},{"objects":[{"name":null,"type":1,"depth":1,"symbol":29,"clipDepth":0,"id":0,"filters":[[3,11665921,1,0.750045776367188,0.750045776367188,0.09765625,1,false,false]]}]},{"objects":[{"name":null,"type":1,"depth":1,"symbol":29,"clipDepth":0,"id":0,"filters":[[3,11665921,1,0.562591552734375,0.562591552734375,0.06640625,1,false,false]]}]},{"objects":[{"name":null,"type":1,"depth":1,"symbol":29,"clipDepth":0,"id":0,"filters":[[3,11665665,1,0.374908447265625,0.374908447265625,0.0390625,1,false,false]]}]},{"objects":[{"name":null,"type":1,"depth":1,"symbol":29,"clipDepth":0,"id":0,"filters":[[3,11665665,1,0.187454223632813,0.187454223632813,0.01953125,1,false,false]]}]},{"objects":[{"name":null,"type":1,"depth":1,"symbol":29,"clipDepth":0,"id":0,"filters":[[3,11730944,1,0,0,0,1,false,false]]}]}]},{"path":"symbols/1.png","type":0,"id":1},{"type":5,"id":29,"frames":[{"objects":[{"name":null,"type":0,"depth":1,"symbol":28,"clipDepth":0,"id":0,"matrix":[1,0,0,1,0,0]}]}]},{"type":5,"id":28,"frames":[{"objects":[{"type":0,"depth":0,"symbol":27,"clipDepth":0,"id":0,"visible":true,"matrix":[1,0,0,1,0,0]}]}]}],"frameRate":40}