{"name":null,"assets":[{"path":"symbols/51.png","type":"IMAGE"},{"path":"symbols/636.png","type":"IMAGE"},{"path":"symbols/616.png","type":"IMAGE"},{"path":"symbols/619.png","type":"IMAGE"},{"path":"symbols/509.png","type":"IMAGE"},{"path":"symbols/613.png","type":"IMAGE"},{"path":"symbols/646.png","type":"IMAGE"},{"path":"symbols/586.png","type":"IMAGE"},{"path":"symbols/585.png","type":"IMAGE"},{"path":"symbols/584.png","type":"IMAGE"},{"path":"symbols/583.png","type":"IMAGE"},{"path":"symbols/582.png","type":"IMAGE"},{"path":"symbols/581.png","type":"IMAGE"},{"path":"symbols/580.png","type":"IMAGE"},{"path":"symbols/579.png","type":"IMAGE"},{"path":"symbols/578.png","type":"IMAGE"},{"path":"symbols/577.png","type":"IMAGE"},{"path":"symbols/576.png","type":"IMAGE"},{"path":"symbols/575.png","type":"IMAGE"},{"path":"symbols/591.png","type":"IMAGE"},{"path":"symbols/604.png","type":"IMAGE"},{"path":"symbols/608.png","type":"IMAGE"},{"path":"symbols/564.png","type":"IMAGE"},{"path":"symbols/549.png","type":"IMAGE"},{"path":"symbols/544.png","type":"IMAGE"},{"path":"symbols/534.png","type":"IMAGE"},{"path":"symbols/492.png","type":"IMAGE"},{"path":"symbols/495.png","type":"IMAGE"},{"path":"symbols/498.png","type":"IMAGE"},{"path":"symbols/501.png","type":"IMAGE"},{"path":"symbols/512.png","type":"IMAGE"},{"path":"symbols/456.png","type":"IMAGE"},{"path":"symbols/455.png","type":"IMAGE"},{"path":"symbols/454.png","type":"IMAGE"},{"path":"symbols/488.png","type":"IMAGE"},{"path":"symbols/451.png","type":"IMAGE"},{"path":"symbols/442.png","type":"IMAGE"},{"path":"symbols/445.png","type":"IMAGE"},{"path":"symbols/432.png","type":"IMAGE"},{"path":"symbols/435.png","type":"IMAGE"},{"path":"symbols/423.png","type":"IMAGE"},{"path":"symbols/426.png","type":"IMAGE"},{"path":"symbols/414.png","type":"IMAGE"},{"path":"symbols/417.png","type":"IMAGE"},{"path":"symbols/405.png","type":"IMAGE"},{"path":"symbols/408.png","type":"IMAGE"},{"path":"symbols/402.jpg","type":"IMAGE"},{"path":"symbols/402a.png","type":"IMAGE"},{"path":"symbols/244.png","type":"IMAGE"},{"path":"symbols/274.png","type":"IMAGE"},{"path":"symbols/267.png","type":"IMAGE"},{"path":"symbols/75.png","type":"IMAGE"},{"path":"symbols/258.png","type":"IMAGE"},{"path":"symbols/255.png","type":"IMAGE"},{"path":"symbols/252.png","type":"IMAGE"},{"path":"symbols/181.png","type":"IMAGE"},{"path":"symbols/183.jpg","type":"IMAGE"},{"path":"symbols/183a.png","type":"IMAGE"},{"path":"symbols/185.jpg","type":"IMAGE"},{"path":"symbols/185a.png","type":"IMAGE"},{"path":"symbols/187.jpg","type":"IMAGE"},{"path":"symbols/187a.png","type":"IMAGE"},{"path":"symbols/189.jpg","type":"IMAGE"},{"path":"symbols/189a.png","type":"IMAGE"},{"path":"symbols/191.jpg","type":"IMAGE"},{"path":"symbols/191a.png","type":"IMAGE"},{"path":"symbols/193.jpg","type":"IMAGE"},{"path":"symbols/193a.png","type":"IMAGE"},{"path":"symbols/195.jpg","type":"IMAGE"},{"path":"symbols/195a.png","type":"IMAGE"},{"path":"symbols/197.jpg","type":"IMAGE"},{"path":"symbols/197a.png","type":"IMAGE"},{"path":"symbols/199.jpg","type":"IMAGE"},{"path":"symbols/199a.png","type":"IMAGE"},{"path":"symbols/201.jpg","type":"IMAGE"},{"path":"symbols/201a.png","type":"IMAGE"},{"path":"symbols/203.jpg","type":"IMAGE"},{"path":"symbols/203a.png","type":"IMAGE"},{"path":"symbols/205.jpg","type":"IMAGE"},{"path":"symbols/205a.png","type":"IMAGE"},{"path":"symbols/207.jpg","type":"IMAGE"},{"path":"symbols/207a.png","type":"IMAGE"},{"path":"symbols/209.jpg","type":"IMAGE"},{"path":"symbols/209a.png","type":"IMAGE"},{"path":"symbols/211.jpg","type":"IMAGE"},{"path":"symbols/211a.png","type":"IMAGE"},{"path":"symbols/213.jpg","type":"IMAGE"},{"path":"symbols/213a.png","type":"IMAGE"},{"path":"symbols/215.jpg","type":"IMAGE"},{"path":"symbols/215a.png","type":"IMAGE"},{"path":"symbols/217.png","type":"IMAGE"},{"path":"symbols/178.png","type":"IMAGE"},{"path":"symbols/175.png","type":"IMAGE"},{"path":"symbols/172.png","type":"IMAGE"},{"path":"symbols/169.png","type":"IMAGE"},{"path":"symbols/161.png","type":"IMAGE"},{"path":"symbols/142.png","type":"IMAGE"},{"path":"symbols/145.png","type":"IMAGE"},{"path":"symbols/148.png","type":"IMAGE"},{"path":"symbols/151.png","type":"IMAGE"},{"path":"symbols/128.png","type":"IMAGE"},{"path":"symbols/131.png","type":"IMAGE"},{"path":"symbols/134.png","type":"IMAGE"},{"path":"symbols/137.png","type":"IMAGE"},{"path":"symbols/114.png","type":"IMAGE"},{"path":"symbols/117.png","type":"IMAGE"},{"path":"symbols/120.png","type":"IMAGE"},{"path":"symbols/123.png","type":"IMAGE"},{"path":"symbols/100.png","type":"IMAGE"},{"path":"symbols/103.png","type":"IMAGE"},{"path":"symbols/106.png","type":"IMAGE"},{"path":"symbols/109.png","type":"IMAGE"},{"path":"symbols/92.png","type":"IMAGE"},{"path":"symbols/91.png","type":"IMAGE"},{"path":"symbols/90.png","type":"IMAGE"},{"path":"symbols/87.png","type":"IMAGE"},{"path":"symbols/86.png","type":"IMAGE"},{"path":"symbols/19.png","type":"IMAGE"},{"path":"symbols/22.png","type":"IMAGE"},{"path":"symbols/62.png","type":"IMAGE"},{"path":"symbols/2.png","type":"IMAGE"},{"path":"symbols/1.jpg","type":"IMAGE"},{"path":"data.json","type":"TEXT"}],"rootPath":null,"version":3,"libraryArgs":["data.json","zbUwNGFjlDlNxsysa3I0"],"libraryType":"openfl._internal.formats.animate.AnimateLibrary"}