{"name":null,"assets":[{"path":"symbols/33.png","type":"IMAGE"},{"path":"symbols/36.png","type":"IMAGE"},{"path":"symbols/8.png","type":"IMAGE"},{"path":"symbols/125.png","type":"IMAGE"},{"path":"symbols/127.png","type":"IMAGE"},{"path":"symbols/129.png","type":"IMAGE"},{"path":"symbols/131.png","type":"IMAGE"},{"path":"symbols/133.png","type":"IMAGE"},{"path":"symbols/135.png","type":"IMAGE"},{"path":"symbols/137.png","type":"IMAGE"},{"path":"symbols/21.png","type":"IMAGE"},{"path":"symbols/24.png","type":"IMAGE"},{"path":"symbols/27.png","type":"IMAGE"},{"path":"data.json","type":"TEXT"}],"rootPath":null,"version":3,"libraryArgs":["data.json","MLkpo2gOsUZoj6nHnstO"],"libraryType":"openfl._internal.formats.animate.AnimateLibrary"}