{"name": null, "rootPath": null, "libraryArgs": ["data.json", "XxuXmeAUCAgT1TNB5qOu"], "libraryType": "openfl._internal.formats.animate.AnimateLibrary", "version": 3, "assets": [{"path": "data.json", "type": "TEXT"}, {"path": "symbols/2497.jpg", "type": "IMAGE"}, {"path": "symbols/2492.png", "type": "IMAGE"}, {"path": "symbols/2490.png", "type": "IMAGE"}, {"path": "symbols/2489.png", "type": "IMAGE"}, {"path": "symbols/2482.jpg", "type": "IMAGE"}, {"path": "symbols/2479.jpg", "type": "IMAGE"}, {"path": "symbols/2386.png", "type": "IMAGE"}, {"path": "symbols/2385.png", "type": "IMAGE"}, {"path": "symbols/2384.png", "type": "IMAGE"}, {"path": "symbols/2383.png", "type": "IMAGE"}, {"path": "symbols/2382.png", "type": "IMAGE"}, {"path": "symbols/2381.png", "type": "IMAGE"}, {"path": "symbols/2380.png", "type": "IMAGE"}, {"path": "symbols/2379.png", "type": "IMAGE"}, {"path": "symbols/2378.png", "type": "IMAGE"}, {"path": "symbols/2377.png", "type": "IMAGE"}, {"path": "symbols/2376.png", "type": "IMAGE"}, {"path": "symbols/2375.png", "type": "IMAGE"}, {"path": "symbols/2465.png", "type": "IMAGE"}, {"path": "symbols/2461.png", "type": "IMAGE"}, {"path": "symbols/2442.png", "type": "IMAGE"}, {"path": "symbols/2429.png", "type": "IMAGE"}, {"path": "symbols/2421.png", "type": "IMAGE"}, {"path": "symbols/2418.png", "type": "IMAGE"}, {"path": "symbols/2416.png", "type": "IMAGE"}, {"path": "symbols/2404.png", "type": "IMAGE"}, {"path": "symbols/2401.png", "type": "IMAGE"}, {"path": "symbols/2398.png", "type": "IMAGE"}, {"path": "symbols/2388.jpg", "type": "IMAGE"}, {"path": "symbols/2372.png", "type": "IMAGE"}, {"path": "symbols/2342.jpg", "type": "IMAGE"}, {"path": "symbols/2341.jpg", "type": "IMAGE"}, {"path": "symbols/2340.jpg", "type": "IMAGE"}, {"path": "symbols/2339.jpg", "type": "IMAGE"}, {"path": "symbols/2338.jpg", "type": "IMAGE"}, {"path": "symbols/2337.jpg", "type": "IMAGE"}, {"path": "symbols/2336.jpg", "type": "IMAGE"}, {"path": "symbols/2335.jpg", "type": "IMAGE"}, {"path": "symbols/2334.jpg", "type": "IMAGE"}, {"path": "symbols/2323.png", "type": "IMAGE"}, {"path": "symbols/2284.png", "type": "IMAGE"}, {"path": "symbols/2230.png", "type": "IMAGE"}, {"path": "symbols/2225.png", "type": "IMAGE"}, {"path": "symbols/2222.png", "type": "IMAGE"}, {"path": "symbols/2219.png", "type": "IMAGE"}, {"path": "symbols/2198.png", "type": "IMAGE"}, {"path": "symbols/2188.png", "type": "IMAGE"}, {"path": "symbols/2181.png", "type": "IMAGE"}, {"path": "symbols/2178.png", "type": "IMAGE"}, {"path": "symbols/2175.png", "type": "IMAGE"}, {"path": "symbols/2162.png", "type": "IMAGE"}, {"path": "symbols/2147.png", "type": "IMAGE"}, {"path": "symbols/2145.png", "type": "IMAGE"}, {"path": "symbols/2115.png", "type": "IMAGE"}, {"path": "symbols/2087.png", "type": "IMAGE"}, {"path": "symbols/2084.png", "type": "IMAGE"}, {"path": "symbols/2079.png", "type": "IMAGE"}]}