{"root":0,"uuid":"ucWNh0MXlogE8flW6YoQ","version":0.1,"symbols":[{"type":5,"frames":[{"objects":[{"name":"mission_hud","type":0,"depth":1,"symbol":62,"clipDepth":0,"id":65,"matrix":[1,0,0,1,0,0]}]}]},{"path":"symbols/55.png","type":0,"id":55},{"type":5,"id":54,"frames":[{"objects":[{"name":null,"type":0,"depth":1,"symbol":43,"clipDepth":0,"id":0,"matrix":[1,0,0,1,0,0]},{"name":null,"type":0,"depth":2,"symbol":45,"clipDepth":0,"id":1,"colorTransform":[18,18,18,20,460,60,0,0],"matrix":[1,0,0,1,400,-24]},{"name":null,"type":0,"depth":4,"symbol":47,"clipDepth":0,"id":2,"matrix":[1,0,0,1,0,0]},{"name":"huditem_icon_PVP","type":0,"depth":5,"symbol":50,"clipDepth":0,"id":3,"matrix":[1,0,0,1,-3396,-893]},{"name":"huditem_icon_PVE","type":0,"depth":7,"symbol":53,"clipDepth":0,"id":4,"matrix":[1,0,0,1,-3395,-71]},{"name":"hitbox_pvp","type":0,"depth":9,"symbol":41,"clipDepth":0,"id":5,"colorTransform":[20,20,20,0,0,0,0,0],"matrix":[0.11688232421875,0,0,0.760360717773438,-3390,-844]},{"name":"slot_1","type":0,"depth":11,"symbol":42,"clipDepth":0,"id":6,"matrix":[0.999969482421875,0,0,1.000244140625,-610,-784]},{"name":"slot_2","type":0,"depth":25,"symbol":42,"clipDepth":0,"id":7,"matrix":[1.000244140625,0,0,0.999984741210938,730,-784]},{"name":"slot_3","type":0,"depth":39,"symbol":42,"clipDepth":0,"id":8,"matrix":[0.999984741210938,0,0,0.99993896484375,2070,-784]},{"name":"slot_faction","type":0,"depth":53,"symbol":42,"clipDepth":0,"id":9,"filters":[[3,10948551,1,7,7,1.609375,1,false,false]],"matrix":[0.99969482421875,0,0,0.9998779296875,-2330,-784]}]}]},{"type":5,"id":53,"frames":[{"objects":[{"name":null,"type":0,"depth":1,"symbol":52,"clipDepth":0,"id":0,"matrix":[1,0,0,1,0,0]}]}]},{"type":5,"id":52,"frames":[{"objects":[{"type":0,"depth":0,"symbol":51,"clipDepth":0,"id":0,"visible":true,"matrix":[0.7984619140625,0,0,0.7984619140625,0,0]}]}]},{"path":"symbols/51.png","type":0,"id":51},{"type":5,"id":50,"frames":[{"objects":[{"name":null,"type":0,"depth":1,"symbol":49,"clipDepth":0,"id":0,"matrix":[1,0,0,1,0,0]}]}]},{"type":5,"id":49,"frames":[{"objects":[{"type":0,"depth":0,"symbol":48,"clipDepth":0,"id":0,"visible":true,"matrix":[0.7984619140625,0,0,0.7984619140625,0,0]}]}]},{"path":"symbols/48.png","type":0,"id":48},{"type":4,"id":47,"commands":[3,5,1,0,1,8,-3370,-864,7,-2610,-864,7,-2610,816,7,-3370,816,7,-3370,-864,5,3,5,0,46,[1.025634765625,0,0,1,-3390,-884],false,false,8,-3390,-884,7,-2590,-884,7,-2590,836,7,-3390,836,7,-3390,-884,5]},{"path":"symbols/46.png","type":0,"id":46},{"type":5,"id":45,"frames":[{"objects":[{"type":0,"depth":0,"symbol":44,"clipDepth":0,"id":0,"visible":true,"matrix":[1,0,0,1,-2990,-840]}]}]},{"path":"symbols/44.png","type":0,"id":44,"smooth":false},{"type":4,"id":43,"commands":[3,5,2,0,[3355443,1644825],[1,1],[36,255],[0,0.05126953125,-0.0584564208984375,0,10,-24],0,1,0,8,-3390,-884,7,-540,-884,7,3394,-884,7,3410,-884,7,3410,743,7,3410,836,7,3394,836,7,-3390,836,7,-3390,-884,5]},{"type":5,"className":"mission.card","baseClassName":null,"id":42,"frames":[{"objects":[{"name":"gold","type":0,"depth":1,"symbol":34,"clipDepth":0,"id":0,"matrix":[0.999908447265625,0,0,0.999801635742188,0,0]},{"name":"grey","type":0,"depth":3,"symbol":31,"clipDepth":0,"id":1,"matrix":[0.999908447265625,0,0,0.999801635742188,0,0]},{"name":"green","type":0,"depth":5,"symbol":28,"clipDepth":0,"id":2,"matrix":[0.999908447265625,0,0,0.999801635742188,0,0]},{"name":null,"type":0,"depth":7,"symbol":35,"clipDepth":10,"id":3,"matrix":[1,0,0,1,160,320]},{"name":"MC_portraitContainer","type":0,"depth":8,"symbol":36,"clipDepth":0,"id":4,"matrix":[1,0,0,1,160,320]},{"name":"MC_attackReticle_sm","type":0,"depth":11,"symbol":39,"clipDepth":0,"id":5,"matrix":[1,0,0,1,140,260]},{"name":"hitbox","type":0,"depth":13,"symbol":41,"clipDepth":0,"id":6,"colorTransform":[20,20,20,0,0,0,0,0],"matrix":[0.176193237304688,0,0,1.33932495117188,0,0]}]}]},{"type":5,"id":41,"frames":[{"objects":[{"name":null,"type":0,"depth":1,"symbol":40,"clipDepth":0,"id":0,"matrix":[1,0,0,1,0,0]}]}]},{"type":4,"id":40,"commands":[3,5,1,6710886,1,8,0,0,7,6795,0,7,6810,0,7,6810,1105,7,6795,1105,7,0,1105,7,0,0,5,6,1,6710886,1,false,2,1,2,3,8,0,0,7,6795,0,7,6810,0,7,6810,1105,7,6795,1105,7,0,1105,7,0,0]},{"type":5,"id":39,"frames":[{"objects":[{"name":null,"type":0,"depth":1,"symbol":38,"clipDepth":0,"id":0,"matrix":[1,0,0,1,0,0]}]}]},{"type":5,"id":38,"frames":[{"objects":[{"type":0,"depth":0,"symbol":37,"clipDepth":0,"id":0,"visible":true,"matrix":[1,0,0,1,0,0]}]}]},{"path":"symbols/37.png","type":0,"id":37,"smooth":false},{"type":5,"id":36,"frames":[{"objects":[{"name":null,"type":0,"depth":1,"symbol":35,"clipDepth":0,"id":0,"matrix":[1,0,0,1,0,0]}]}]},{"type":4,"id":35,"commands":[3,5,1,16777215,0,8,0,0,7,920,0,7,920,780,7,0,780,7,0,0,5]},{"type":5,"className":"goldMission_small","baseClassName":null,"id":34,"frames":[{"objects":[{"name":null,"type":0,"depth":1,"symbol":33,"clipDepth":0,"id":0,"matrix":[1,0,0,1,0,0]}]}]},{"type":5,"id":33,"frames":[{"objects":[{"type":0,"depth":0,"symbol":32,"clipDepth":0,"id":0,"visible":true,"matrix":[1,0,0,1,0,0]}]}]},{"path":"symbols/32.png","type":0,"id":32,"smooth":false},{"type":5,"className":"greyMission_small","baseClassName":null,"id":31,"frames":[{"objects":[{"name":null,"type":0,"depth":1,"symbol":30,"clipDepth":0,"id":0,"matrix":[1,0,0,1,0,0]}]}]},{"type":5,"id":30,"frames":[{"objects":[{"type":0,"depth":0,"symbol":29,"clipDepth":0,"id":0,"visible":true,"matrix":[1,0,0,1,0,0]}]}]},{"path":"symbols/29.png","type":0,"id":29,"smooth":false},{"type":5,"className":"greenMission_small","baseClassName":null,"id":28,"frames":[{"objects":[{"name":null,"type":0,"depth":1,"symbol":27,"clipDepth":0,"id":0,"matrix":[1,0,0,1,0,0]}]}]},{"type":5,"id":27,"frames":[{"objects":[{"type":0,"depth":0,"symbol":26,"clipDepth":0,"id":0,"visible":true,"matrix":[1,0,0,1,0,0]}]}]},{"path":"symbols/26.png","type":0,"id":26,"smooth":false},{"type":5,"className":"refresh_icon","baseClassName":null,"id":25,"frames":[{"objects":[{"name":null,"type":0,"depth":1,"symbol":24,"clipDepth":0,"id":0,"matrix":[1,0,0,1,0,0]}]}]},{"type":5,"id":24,"frames":[{"objects":[{"type":0,"depth":0,"symbol":23,"clipDepth":0,"id":0,"visible":true,"matrix":[1,0,0,1,-900,-800]}]}]},{"path":"symbols/23.png","type":0,"id":23,"smooth":false},{"type":5,"className":"refresh_icon_small","baseClassName":null,"id":22,"frames":[{"objects":[{"name":null,"type":0,"depth":1,"symbol":21,"clipDepth":0,"id":0,"matrix":[1,0,0,1,0,0]}]}]},{"type":5,"id":21,"frames":[{"objects":[{"type":0,"depth":0,"symbol":20,"clipDepth":0,"id":0,"visible":true,"matrix":[1,0,0,1,-460,-460]}]}]},{"path":"symbols/20.png","type":0,"id":20,"smooth":false},{"type":5,"className":"empty_icon","baseClassName":null,"id":19,"frames":[{"objects":[{"name":null,"type":0,"depth":1,"symbol":17,"clipDepth":0,"id":0,"matrix":[1,0,0,1,40,40]}]}]},{"type":5,"className":"empty_icon_small","baseClassName":null,"id":18,"frames":[{"objects":[{"name":null,"type":0,"depth":1,"symbol":17,"clipDepth":0,"id":0,"matrix":[1,0,0,1,0,0]}]}]},{"type":5,"id":17,"frames":[{"objects":[{"type":0,"depth":0,"symbol":16,"clipDepth":0,"id":0,"visible":true,"matrix":[1.0001220703125,0,0,1.00004577636719,-520,-600]}]}]},{"path":"symbols/16.png","type":0,"id":16,"smooth":false},{"type":5,"className":"MC_attackReticle","baseClassName":null,"id":15,"frames":[{"objects":[{"name":null,"type":0,"depth":1,"symbol":14,"clipDepth":0,"id":0,"matrix":[1,0,0,1,0,0]}]}]},{"type":5,"id":14,"frames":[{"objects":[{"type":0,"depth":0,"symbol":13,"clipDepth":0,"id":0,"visible":true,"matrix":[1,0,0,1,0,0]}]}]},{"path":"symbols/13.png","type":0,"id":13,"smooth":false},{"type":5,"className":"greenMission","baseClassName":null,"id":12,"frames":[{"objects":[{"name":null,"type":0,"depth":1,"symbol":8,"clipDepth":0,"id":0,"matrix":[1,0,0,1,0,0]},{"name":null,"type":0,"depth":2,"symbol":11,"clipDepth":0,"id":1,"blendMode":"lighten","colorTransform":[20,20,20,14,0,0,0,0],"matrix":[1,0,0,1,381,1820]}]}]},{"type":5,"id":11,"frames":[{"objects":[{"name":null,"type":0,"depth":1,"symbol":10,"clipDepth":0,"id":0,"matrix":[1,0,0,1,0,0]}]}]},{"type":5,"id":10,"frames":[{"objects":[{"type":0,"depth":0,"symbol":9,"clipDepth":0,"id":0,"visible":true,"matrix":[1,0,0,1,0,0]}]}]},{"path":"symbols/9.png","type":0,"id":9,"smooth":false},{"type":5,"id":8,"frames":[{"objects":[{"type":0,"depth":0,"symbol":7,"clipDepth":0,"id":0,"visible":true,"matrix":[1,0,0,1,0,0]}]}]},{"path":"symbols/7.png","type":0,"id":7,"smooth":false},{"type":5,"className":"mission-tool.MissionHUD","baseClassName":null,"id":62,"frames":[{"objects":[{"name":"pve","type":0,"depth":1,"symbol":54,"clipDepth":0,"id":0,"matrix":[0.999114990234375,0,0,1.00114440917969,3380,880]},{"name":"pvp","type":0,"depth":55,"symbol":61,"clipDepth":0,"id":1,"matrix":[0.99896240234375,0,0,1.00057983398438,3380,880]}]}]},{"type":5,"className":"goldMission","baseClassName":null,"id":6,"frames":[{"objects":[{"name":null,"type":0,"depth":1,"symbol":5,"clipDepth":0,"id":0,"matrix":[1,0,0,1,0,0]}]}]},{"type":5,"id":61,"frames":[{"objects":[{"name":null,"type":0,"depth":1,"symbol":43,"clipDepth":0,"id":0,"matrix":[1,0,0,1,0,0]},{"name":null,"type":0,"depth":2,"symbol":45,"clipDepth":0,"id":1,"colorTransform":[17,17,17,20,40,300,600,0],"matrix":[1,0,0,1,400,-24]},{"name":null,"type":0,"depth":4,"symbol":47,"clipDepth":0,"id":2,"matrix":[1,0,0,1,0,0]},{"name":"huditem_icon_PVP","type":0,"depth":5,"symbol":57,"clipDepth":0,"id":3,"matrix":[1,0,0,1,-3397,-894]},{"name":"huditem_icon_PVE","type":0,"depth":7,"symbol":60,"clipDepth":0,"id":4,"matrix":[1,0,0,1,-3396,-72]},{"name":"hitbox_pve","type":0,"depth":9,"symbol":41,"clipDepth":0,"id":5,"colorTransform":[20,20,20,0,0,0,0,0],"matrix":[0.111007690429688,0,0,0.75042724609375,-3390,-32]},{"name":"slot_1","type":0,"depth":11,"symbol":42,"clipDepth":0,"id":6,"matrix":[0.999969482421875,0,0,1.000244140625,-610,-784]},{"name":"slot_2","type":0,"depth":25,"symbol":42,"clipDepth":0,"id":7,"matrix":[1.000244140625,0,0,0.999984741210938,730,-784]},{"name":"slot_3","type":0,"depth":39,"symbol":42,"clipDepth":0,"id":8,"matrix":[0.999984741210938,0,0,0.99993896484375,2070,-784]},{"name":"slot_faction","type":0,"depth":53,"symbol":42,"clipDepth":0,"id":9,"filters":[[3,10948551,1,7,7,1.609375,1,false,false]],"matrix":[0.99969482421875,0,0,0.9998779296875,-2330,-784]}]}]},{"type":5,"id":5,"frames":[{"objects":[{"type":0,"depth":0,"symbol":4,"clipDepth":0,"id":0,"visible":true,"matrix":[1,0,0,1,0,0]}]}]},{"type":5,"id":60,"frames":[{"objects":[{"name":null,"type":0,"depth":1,"symbol":59,"clipDepth":0,"id":0,"matrix":[1,0,0,1,0,0]}]}]},{"path":"symbols/4.png","type":0,"id":4,"smooth":false},{"type":5,"id":59,"frames":[{"objects":[{"type":0,"depth":0,"symbol":58,"clipDepth":0,"id":0,"visible":true,"matrix":[0.7984619140625,0,0,0.7984619140625,0,0]}]}]},{"type":5,"className":"greyMission","baseClassName":null,"id":3,"frames":[{"objects":[{"name":null,"type":0,"depth":1,"symbol":2,"clipDepth":0,"id":0,"matrix":[1,0,0,1,0,0]}]}]},{"path":"symbols/58.png","type":0,"id":58},{"type":5,"id":2,"frames":[{"objects":[{"type":0,"depth":0,"symbol":1,"clipDepth":0,"id":0,"visible":true,"matrix":[1,0,0,1,0,0]}]}]},{"type":5,"id":57,"frames":[{"objects":[{"name":null,"type":0,"depth":1,"symbol":56,"clipDepth":0,"id":0,"matrix":[1,0,0,1,0,0]}]}]},{"path":"symbols/1.png","type":0,"id":1,"smooth":false},{"type":5,"id":56,"frames":[{"objects":[{"type":0,"depth":0,"symbol":55,"clipDepth":0,"id":0,"visible":true,"matrix":[0.7984619140625,0,0,0.7984619140625,0,0]}]}]}],"frameRate":37}