{"name":null,"assets":[{"path":"symbols/44.png","type":"IMAGE"},{"path":"symbols/46.png","type":"IMAGE"},{"path":"symbols/48.png","type":"IMAGE"},{"path":"symbols/51.png","type":"IMAGE"},{"path":"symbols/32.png","type":"IMAGE"},{"path":"symbols/29.png","type":"IMAGE"},{"path":"symbols/26.png","type":"IMAGE"},{"path":"symbols/37.png","type":"IMAGE"},{"path":"symbols/55.png","type":"IMAGE"},{"path":"symbols/58.png","type":"IMAGE"},{"path":"symbols/23.png","type":"IMAGE"},{"path":"symbols/20.png","type":"IMAGE"},{"path":"symbols/16.png","type":"IMAGE"},{"path":"symbols/13.png","type":"IMAGE"},{"path":"symbols/7.png","type":"IMAGE"},{"path":"symbols/9.png","type":"IMAGE"},{"path":"symbols/4.png","type":"IMAGE"},{"path":"symbols/1.png","type":"IMAGE"},{"path":"data.json","type":"TEXT"}],"rootPath":null,"version":3,"libraryArgs":["data.json","ucWNh0MXlogE8flW6YoQ"],"libraryType":"openfl._internal.formats.animate.AnimateLibrary"}