{"root":0,"uuid":"JJ1nJDhNWihJyqQU7c5G","version":0.1,"symbols":[{"type":5,"frames":[{"objects":[{"name":null,"type":0,"depth":1,"symbol":24,"clipDepth":0,"id":27,"matrix":[1,0,0,1,4400,2410]}]}]},{"path":"symbols/13.png","type":0,"className":"indicator_icons.png","baseClassName":null,"id":13},{"path":"symbols/12.png","type":0,"className":"mech_deploy.png","baseClassName":null,"id":12},{"path":"symbols/11.png","type":0,"className":"no_air.png","baseClassName":null,"id":11},{"path":"symbols/24.png","type":0,"className":"icon_air_dir.png","baseClassName":null,"id":24},{"path":"symbols/10.png","type":0,"className":"no_ground.png","baseClassName":null,"id":10},{"path":"symbols/23.png","type":0,"className":"aircraft_back.png","baseClassName":null,"id":23},{"path":"symbols/9.png","type":0,"className":"platoon_menu_back.png","baseClassName":null,"id":9},{"path":"symbols/22.png","type":0,"className":"aircraft_buttons.png","baseClassName":null,"id":22},{"path":"symbols/8.png","type":0,"className":"platoon_menu_red.png","baseClassName":null,"id":8},{"path":"symbols/21.png","type":0,"className":"aircraft_top.png","baseClassName":null,"id":21},{"path":"symbols/7.png","type":0,"className":"platoon_top.png","baseClassName":null,"id":7},{"path":"symbols/20.png","type":0,"className":"aircraft_top_red.png","baseClassName":null,"id":20},{"path":"symbols/6.png","type":0,"className":"platoon_top_red.png","baseClassName":null,"id":6},{"path":"symbols/19.png","type":0,"className":"deploy_button.png","baseClassName":null,"id":19},{"path":"symbols/5.png","type":0,"className":"skull_large.png","baseClassName":null,"id":5},{"path":"symbols/18.jpg","type":0,"className":"hex_directions.png","baseClassName":null,"id":18,"alpha":"symbols/18a.png"},{"path":"symbols/4.png","type":0,"className":"squad_buttons.png","baseClassName":null,"id":4},{"path":"symbols/17.png","type":0,"className":"hex_directions_detailed.png","baseClassName":null,"id":17},{"path":"symbols/3.png","type":0,"className":"squad_icons.png","baseClassName":null,"id":3},{"path":"symbols/16.png","type":0,"className":"icon_copter.png","baseClassName":null,"id":16},{"path":"symbols/2.png","type":0,"className":"squad_patches.png","baseClassName":null,"id":2},{"path":"symbols/15.png","type":0,"className":"icon_ground.png","baseClassName":null,"id":15},{"path":"symbols/1.png","type":0,"className":"squad_rollout.png","baseClassName":null,"id":1},{"path":"symbols/14.png","type":0,"className":"icon_plane.png","baseClassName":null,"id":14}],"frameRate":24}