{"name":null,"assets":[{"path":"symbols/24.png","type":"IMAGE"},{"path":"symbols/23.png","type":"IMAGE"},{"path":"symbols/22.png","type":"IMAGE"},{"path":"symbols/21.png","type":"IMAGE"},{"path":"symbols/20.png","type":"IMAGE"},{"path":"symbols/19.png","type":"IMAGE"},{"path":"symbols/18.jpg","type":"IMAGE"},{"path":"symbols/18a.png","type":"IMAGE"},{"path":"symbols/17.png","type":"IMAGE"},{"path":"symbols/16.png","type":"IMAGE"},{"path":"symbols/15.png","type":"IMAGE"},{"path":"symbols/14.png","type":"IMAGE"},{"path":"symbols/13.png","type":"IMAGE"},{"path":"symbols/12.png","type":"IMAGE"},{"path":"symbols/11.png","type":"IMAGE"},{"path":"symbols/10.png","type":"IMAGE"},{"path":"symbols/9.png","type":"IMAGE"},{"path":"symbols/8.png","type":"IMAGE"},{"path":"symbols/7.png","type":"IMAGE"},{"path":"symbols/6.png","type":"IMAGE"},{"path":"symbols/5.png","type":"IMAGE"},{"path":"symbols/4.png","type":"IMAGE"},{"path":"symbols/3.png","type":"IMAGE"},{"path":"symbols/2.png","type":"IMAGE"},{"path":"symbols/1.png","type":"IMAGE"},{"path":"data.json","type":"TEXT"}],"rootPath":null,"version":3,"libraryArgs":["data.json","JJ1nJDhNWihJyqQU7c5G"],"libraryType":"openfl._internal.formats.animate.AnimateLibrary"}