{"name": null, "rootPath": null, "libraryArgs": ["data.json", "viQQswUJmJklL4KmzVJW"], "libraryType": "openfl._internal.formats.animate.AnimateLibrary", "version": 3, "assets": [{"path": "data.json", "type": "TEXT"}, {"path": "symbols/2176.png", "type": "IMAGE"}, {"path": "symbols/2175.png", "type": "IMAGE"}, {"path": "symbols/2174.png", "type": "IMAGE"}, {"path": "symbols/2173.png", "type": "IMAGE"}, {"path": "symbols/2172.png", "type": "IMAGE"}, {"path": "symbols/2171.png", "type": "IMAGE"}, {"path": "symbols/2170.png", "type": "IMAGE"}, {"path": "symbols/2169.png", "type": "IMAGE"}, {"path": "symbols/2168.png", "type": "IMAGE"}, {"path": "symbols/2167.png", "type": "IMAGE"}, {"path": "symbols/2166.png", "type": "IMAGE"}, {"path": "symbols/2165.png", "type": "IMAGE"}, {"path": "symbols/2164.png", "type": "IMAGE"}, {"path": "symbols/2163.png", "type": "IMAGE"}, {"path": "symbols/2162.png", "type": "IMAGE"}, {"path": "symbols/2161.png", "type": "IMAGE"}, {"path": "symbols/2160.png", "type": "IMAGE"}, {"path": "symbols/2159.png", "type": "IMAGE"}, {"path": "symbols/2158.png", "type": "IMAGE"}, {"path": "symbols/2157.png", "type": "IMAGE"}, {"path": "symbols/2156.png", "type": "IMAGE"}, {"path": "symbols/2155.png", "type": "IMAGE"}, {"path": "symbols/2154.png", "type": "IMAGE"}, {"path": "symbols/2153.png", "type": "IMAGE"}, {"path": "symbols/2152.png", "type": "IMAGE"}, {"path": "symbols/2151.png", "type": "IMAGE"}, {"path": "symbols/2150.png", "type": "IMAGE"}, {"path": "symbols/2149.png", "type": "IMAGE"}, {"path": "symbols/2148.png", "type": "IMAGE"}, {"path": "symbols/2147.png", "type": "IMAGE"}, {"path": "symbols/2146.png", "type": "IMAGE"}, {"path": "symbols/2145.png", "type": "IMAGE"}, {"path": "symbols/2144.png", "type": "IMAGE"}, {"path": "symbols/2143.png", "type": "IMAGE"}, {"path": "symbols/2142.png", "type": "IMAGE"}, {"path": "symbols/2141.png", "type": "IMAGE"}, {"path": "symbols/2140.png", "type": "IMAGE"}, {"path": "symbols/2139.png", "type": "IMAGE"}, {"path": "symbols/2138.png", "type": "IMAGE"}, {"path": "symbols/2137.png", "type": "IMAGE"}, {"path": "symbols/2136.png", "type": "IMAGE"}, {"path": "symbols/2135.png", "type": "IMAGE"}, {"path": "symbols/2134.png", "type": "IMAGE"}, {"path": "symbols/2133.png", "type": "IMAGE"}, {"path": "symbols/2132.png", "type": "IMAGE"}, {"path": "symbols/2131.png", "type": "IMAGE"}, {"path": "symbols/2130.png", "type": "IMAGE"}, {"path": "symbols/2129.png", "type": "IMAGE"}, {"path": "symbols/2128.png", "type": "IMAGE"}, {"path": "symbols/2127.png", "type": "IMAGE"}, {"path": "symbols/2126.png", "type": "IMAGE"}, {"path": "symbols/2125.png", "type": "IMAGE"}, {"path": "symbols/2124.png", "type": "IMAGE"}, {"path": "symbols/2123.png", "type": "IMAGE"}, {"path": "symbols/2122.png", "type": "IMAGE"}, {"path": "symbols/2121.png", "type": "IMAGE"}, {"path": "symbols/2120.png", "type": "IMAGE"}, {"path": "symbols/2119.png", "type": "IMAGE"}, {"path": "symbols/2118.png", "type": "IMAGE"}, {"path": "symbols/2117.png", "type": "IMAGE"}, {"path": "symbols/2116.png", "type": "IMAGE"}, {"path": "symbols/2115.png", "type": "IMAGE"}, {"path": "symbols/2114.png", "type": "IMAGE"}, {"path": "symbols/2113.png", "type": "IMAGE"}, {"path": "symbols/2112.png", "type": "IMAGE"}, {"path": "symbols/2111.png", "type": "IMAGE"}, {"path": "symbols/2110.png", "type": "IMAGE"}, {"path": "symbols/2109.png", "type": "IMAGE"}, {"path": "symbols/2108.png", "type": "IMAGE"}, {"path": "symbols/2107.png", "type": "IMAGE"}, {"path": "symbols/2106.png", "type": "IMAGE"}, {"path": "symbols/2105.png", "type": "IMAGE"}, {"path": "symbols/2104.png", "type": "IMAGE"}, {"path": "symbols/2103.png", "type": "IMAGE"}, {"path": "symbols/2102.png", "type": "IMAGE"}, {"path": "symbols/2101.png", "type": "IMAGE"}, {"path": "symbols/2100.png", "type": "IMAGE"}, {"path": "symbols/2099.png", "type": "IMAGE"}, {"path": "symbols/2098.png", "type": "IMAGE"}, {"path": "symbols/2097.png", "type": "IMAGE"}, {"path": "symbols/2096.png", "type": "IMAGE"}, {"path": "symbols/2095.png", "type": "IMAGE"}, {"path": "symbols/2094.png", "type": "IMAGE"}, {"path": "symbols/2093.png", "type": "IMAGE"}, {"path": "symbols/2092.png", "type": "IMAGE"}, {"path": "symbols/2091.png", "type": "IMAGE"}, {"path": "symbols/2090.png", "type": "IMAGE"}, {"path": "symbols/2089.png", "type": "IMAGE"}, {"path": "symbols/2088.png", "type": "IMAGE"}, {"path": "symbols/2087.png", "type": "IMAGE"}, {"path": "symbols/2086.png", "type": "IMAGE"}, {"path": "symbols/2085.png", "type": "IMAGE"}, {"path": "symbols/2084.png", "type": "IMAGE"}, {"path": "symbols/2083.png", "type": "IMAGE"}, {"path": "symbols/2082.png", "type": "IMAGE"}, {"path": "symbols/2081.png", "type": "IMAGE"}, {"path": "symbols/2080.png", "type": "IMAGE"}, {"path": "symbols/2079.png", "type": "IMAGE"}, {"path": "symbols/2078.png", "type": "IMAGE"}, {"path": "symbols/2077.png", "type": "IMAGE"}, {"path": "symbols/2076.png", "type": "IMAGE"}, {"path": "symbols/2075.png", "type": "IMAGE"}, {"path": "symbols/2074.png", "type": "IMAGE"}, {"path": "symbols/2073.png", "type": "IMAGE"}, {"path": "symbols/2072.png", "type": "IMAGE"}, {"path": "symbols/2071.png", "type": "IMAGE"}, {"path": "symbols/2070.png", "type": "IMAGE"}, {"path": "symbols/2069.png", "type": "IMAGE"}, {"path": "symbols/2068.png", "type": "IMAGE"}, {"path": "symbols/2067.png", "type": "IMAGE"}, {"path": "symbols/2066.png", "type": "IMAGE"}, {"path": "symbols/2065.png", "type": "IMAGE"}, {"path": "symbols/2064.png", "type": "IMAGE"}, {"path": "symbols/2063.png", "type": "IMAGE"}, {"path": "symbols/2062.png", "type": "IMAGE"}, {"path": "symbols/2061.png", "type": "IMAGE"}, {"path": "symbols/2184.png", "type": "IMAGE"}, {"path": "symbols/2185.png", "type": "IMAGE"}, {"path": "symbols/2186.png", "type": "IMAGE"}, {"path": "symbols/2187.png", "type": "IMAGE"}, {"path": "symbols/2188.png", "type": "IMAGE"}, {"path": "symbols/2189.png", "type": "IMAGE"}, {"path": "symbols/2190.png", "type": "IMAGE"}, {"path": "symbols/2191.png", "type": "IMAGE"}, {"path": "symbols/2060.png", "type": "IMAGE"}, {"path": "symbols/2192.png", "type": "IMAGE"}, {"path": "symbols/2193.png", "type": "IMAGE"}, {"path": "symbols/2194.png", "type": "IMAGE"}, {"path": "symbols/2195.png", "type": "IMAGE"}, {"path": "symbols/2196.png", "type": "IMAGE"}, {"path": "symbols/2197.png", "type": "IMAGE"}, {"path": "symbols/2198.png", "type": "IMAGE"}, {"path": "symbols/2199.png", "type": "IMAGE"}, {"path": "symbols/2200.png", "type": "IMAGE"}, {"path": "symbols/2201.png", "type": "IMAGE"}, {"path": "symbols/2202.png", "type": "IMAGE"}, {"path": "symbols/2203.png", "type": "IMAGE"}, {"path": "symbols/2204.png", "type": "IMAGE"}, {"path": "symbols/2205.png", "type": "IMAGE"}, {"path": "symbols/2206.png", "type": "IMAGE"}, {"path": "symbols/2207.png", "type": "IMAGE"}, {"path": "symbols/2208.png", "type": "IMAGE"}, {"path": "symbols/2209.png", "type": "IMAGE"}, {"path": "symbols/2210.png", "type": "IMAGE"}, {"path": "symbols/2211.png", "type": "IMAGE"}, {"path": "symbols/2212.png", "type": "IMAGE"}, {"path": "symbols/2213.png", "type": "IMAGE"}, {"path": "symbols/2214.png", "type": "IMAGE"}, {"path": "symbols/2215.png", "type": "IMAGE"}, {"path": "symbols/2216.png", "type": "IMAGE"}, {"path": "symbols/2217.png", "type": "IMAGE"}, {"path": "symbols/2218.png", "type": "IMAGE"}, {"path": "symbols/2219.png", "type": "IMAGE"}, {"path": "symbols/2220.png", "type": "IMAGE"}, {"path": "symbols/2221.png", "type": "IMAGE"}, {"path": "symbols/2222.png", "type": "IMAGE"}, {"path": "symbols/2223.png", "type": "IMAGE"}, {"path": "symbols/2224.png", "type": "IMAGE"}, {"path": "symbols/2225.png", "type": "IMAGE"}, {"path": "symbols/2226.png", "type": "IMAGE"}, {"path": "symbols/2227.png", "type": "IMAGE"}, {"path": "symbols/2228.png", "type": "IMAGE"}, {"path": "symbols/2229.png", "type": "IMAGE"}, {"path": "symbols/2230.png", "type": "IMAGE"}, {"path": "symbols/2231.png", "type": "IMAGE"}, {"path": "symbols/2232.png", "type": "IMAGE"}, {"path": "symbols/2233.png", "type": "IMAGE"}, {"path": "symbols/2234.png", "type": "IMAGE"}, {"path": "symbols/2235.png", "type": "IMAGE"}, {"path": "symbols/2236.png", "type": "IMAGE"}, {"path": "symbols/2237.png", "type": "IMAGE"}, {"path": "symbols/2238.png", "type": "IMAGE"}, {"path": "symbols/2239.png", "type": "IMAGE"}, {"path": "symbols/2240.png", "type": "IMAGE"}, {"path": "symbols/2241.png", "type": "IMAGE"}, {"path": "symbols/2242.png", "type": "IMAGE"}, {"path": "symbols/2243.png", "type": "IMAGE"}, {"path": "symbols/2244.png", "type": "IMAGE"}, {"path": "symbols/2245.png", "type": "IMAGE"}, {"path": "symbols/2246.png", "type": "IMAGE"}, {"path": "symbols/2247.png", "type": "IMAGE"}, {"path": "symbols/2248.png", "type": "IMAGE"}, {"path": "symbols/2059.png", "type": "IMAGE"}, {"path": "symbols/2058.png", "type": "IMAGE"}, {"path": "symbols/2057.png", "type": "IMAGE"}, {"path": "symbols/2056.png", "type": "IMAGE"}, {"path": "symbols/2055.png", "type": "IMAGE"}, {"path": "symbols/2054.png", "type": "IMAGE"}, {"path": "symbols/2053.png", "type": "IMAGE"}, {"path": "symbols/2052.png", "type": "IMAGE"}, {"path": "symbols/2051.png", "type": "IMAGE"}, {"path": "symbols/2050.png", "type": "IMAGE"}, {"path": "symbols/2049.png", "type": "IMAGE"}, {"path": "symbols/2048.png", "type": "IMAGE"}, {"path": "symbols/2047.png", "type": "IMAGE"}, {"path": "symbols/2046.png", "type": "IMAGE"}, {"path": "symbols/2045.png", "type": "IMAGE"}, {"path": "symbols/2044.png", "type": "IMAGE"}, {"path": "symbols/2043.png", "type": "IMAGE"}, {"path": "symbols/2042.png", "type": "IMAGE"}, {"path": "symbols/2041.png", "type": "IMAGE"}, {"path": "symbols/2040.png", "type": "IMAGE"}, {"path": "symbols/2039.jpg", "type": "IMAGE"}, {"path": "symbols/2038.jpg", "type": "IMAGE"}, {"path": "symbols/2037.jpg", "type": "IMAGE"}, {"path": "symbols/2036.jpg", "type": "IMAGE"}, {"path": "symbols/2035.jpg", "type": "IMAGE"}, {"path": "symbols/2034.jpg", "type": "IMAGE"}, {"path": "symbols/2033.jpg", "type": "IMAGE"}, {"path": "symbols/2032.jpg", "type": "IMAGE"}, {"path": "symbols/2031.jpg", "type": "IMAGE"}, {"path": "symbols/2030.jpg", "type": "IMAGE"}, {"path": "symbols/2029.jpg", "type": "IMAGE"}, {"path": "symbols/2028.png", "type": "IMAGE"}, {"path": "symbols/2027.png", "type": "IMAGE"}, {"path": "symbols/2026.png", "type": "IMAGE"}, {"path": "symbols/2025.png", "type": "IMAGE"}, {"path": "symbols/2024.png", "type": "IMAGE"}, {"path": "symbols/2023.png", "type": "IMAGE"}, {"path": "symbols/2022.png", "type": "IMAGE"}, {"path": "symbols/2021.png", "type": "IMAGE"}, {"path": "symbols/2020.png", "type": "IMAGE"}, {"path": "symbols/2019.png", "type": "IMAGE"}, {"path": "symbols/2018.png", "type": "IMAGE"}, {"path": "symbols/2017.png", "type": "IMAGE"}, {"path": "symbols/2016.png", "type": "IMAGE"}, {"path": "symbols/2015.png", "type": "IMAGE"}, {"path": "symbols/2014.png", "type": "IMAGE"}, {"path": "symbols/2013.jpg", "type": "IMAGE"}, {"path": "symbols/2012.png", "type": "IMAGE"}, {"path": "symbols/2011.png", "type": "IMAGE"}, {"path": "symbols/2010.png", "type": "IMAGE"}, {"path": "symbols/2009.png", "type": "IMAGE"}, {"path": "symbols/2008.png", "type": "IMAGE"}, {"path": "symbols/2007.png", "type": "IMAGE"}, {"path": "symbols/2006.jpg", "type": "IMAGE"}, {"path": "symbols/2005.jpg", "type": "IMAGE"}, {"path": "symbols/2004.png", "type": "IMAGE"}, {"path": "symbols/2003.png", "type": "IMAGE"}, {"path": "symbols/2002.png", "type": "IMAGE"}, {"path": "symbols/2001.png", "type": "IMAGE"}, {"path": "symbols/2000.png", "type": "IMAGE"}, {"path": "symbols/1999.png", "type": "IMAGE"}, {"path": "symbols/1998.png", "type": "IMAGE"}, {"path": "symbols/1997.png", "type": "IMAGE"}, {"path": "symbols/1996.png", "type": "IMAGE"}, {"path": "symbols/1995.png", "type": "IMAGE"}, {"path": "symbols/1994.png", "type": "IMAGE"}, {"path": "symbols/1993.png", "type": "IMAGE"}, {"path": "symbols/1992.png", "type": "IMAGE"}, {"path": "symbols/1991.png", "type": "IMAGE"}, {"path": "symbols/1990.png", "type": "IMAGE"}, {"path": "symbols/1989.png", "type": "IMAGE"}, {"path": "symbols/1988.png", "type": "IMAGE"}, {"path": "symbols/1987.png", "type": "IMAGE"}, {"path": "symbols/1986.png", "type": "IMAGE"}, {"path": "symbols/1985.png", "type": "IMAGE"}, {"path": "symbols/2249.png", "type": "IMAGE"}, {"path": "symbols/2250.png", "type": "IMAGE"}, {"path": "symbols/2251.png", "type": "IMAGE"}, {"path": "symbols/2252.png", "type": "IMAGE"}, {"path": "symbols/2253.png", "type": "IMAGE"}, {"path": "symbols/1984.png", "type": "IMAGE"}, {"path": "symbols/1983.png", "type": "IMAGE"}, {"path": "symbols/1982.png", "type": "IMAGE"}, {"path": "symbols/1981.png", "type": "IMAGE"}, {"path": "symbols/1980.png", "type": "IMAGE"}, {"path": "symbols/1979.png", "type": "IMAGE"}, {"path": "symbols/1978.png", "type": "IMAGE"}, {"path": "symbols/1977.png", "type": "IMAGE"}, {"path": "symbols/1976.png", "type": "IMAGE"}, {"path": "symbols/2254.png", "type": "IMAGE"}, {"path": "symbols/2255.png", "type": "IMAGE"}, {"path": "symbols/2256.png", "type": "IMAGE"}, {"path": "symbols/2257.png", "type": "IMAGE"}, {"path": "symbols/2258.png", "type": "IMAGE"}, {"path": "symbols/2259.png", "type": "IMAGE"}, {"path": "symbols/2260.png", "type": "IMAGE"}, {"path": "symbols/2261.png", "type": "IMAGE"}, {"path": "symbols/2262.png", "type": "IMAGE"}, {"path": "symbols/2263.png", "type": "IMAGE"}, {"path": "symbols/2264.png", "type": "IMAGE"}, {"path": "symbols/2265.png", "type": "IMAGE"}, {"path": "symbols/2266.png", "type": "IMAGE"}, {"path": "symbols/2267.png", "type": "IMAGE"}, {"path": "symbols/2268.png", "type": "IMAGE"}, {"path": "symbols/2269.png", "type": "IMAGE"}, {"path": "symbols/2270.png", "type": "IMAGE"}, {"path": "symbols/2271.png", "type": "IMAGE"}, {"path": "symbols/2272.png", "type": "IMAGE"}, {"path": "symbols/2273.png", "type": "IMAGE"}, {"path": "symbols/2274.png", "type": "IMAGE"}, {"path": "symbols/2275.png", "type": "IMAGE"}, {"path": "symbols/2276.png", "type": "IMAGE"}, {"path": "symbols/2277.png", "type": "IMAGE"}, {"path": "symbols/2278.png", "type": "IMAGE"}, {"path": "symbols/2279.png", "type": "IMAGE"}, {"path": "symbols/2280.png", "type": "IMAGE"}, {"path": "symbols/2281.png", "type": "IMAGE"}, {"path": "symbols/1975.png", "type": "IMAGE"}, {"path": "symbols/2282.png", "type": "IMAGE"}, {"path": "symbols/2283.png", "type": "IMAGE"}, {"path": "symbols/2284.png", "type": "IMAGE"}, {"path": "symbols/2285.png", "type": "IMAGE"}, {"path": "symbols/2286.png", "type": "IMAGE"}, {"path": "symbols/2287.png", "type": "IMAGE"}, {"path": "symbols/2288.png", "type": "IMAGE"}, {"path": "symbols/2289.png", "type": "IMAGE"}, {"path": "symbols/2290.png", "type": "IMAGE"}, {"path": "symbols/2291.png", "type": "IMAGE"}, {"path": "symbols/2292.png", "type": "IMAGE"}, {"path": "symbols/2293.png", "type": "IMAGE"}, {"path": "symbols/2294.png", "type": "IMAGE"}, {"path": "symbols/2295.png", "type": "IMAGE"}, {"path": "symbols/2296.png", "type": "IMAGE"}, {"path": "symbols/2297.png", "type": "IMAGE"}, {"path": "symbols/2298.png", "type": "IMAGE"}, {"path": "symbols/2299.png", "type": "IMAGE"}, {"path": "symbols/2300.png", "type": "IMAGE"}, {"path": "symbols/2301.png", "type": "IMAGE"}, {"path": "symbols/2302.png", "type": "IMAGE"}, {"path": "symbols/2303.png", "type": "IMAGE"}, {"path": "symbols/2304.png", "type": "IMAGE"}, {"path": "symbols/2305.png", "type": "IMAGE"}, {"path": "symbols/2306.png", "type": "IMAGE"}, {"path": "symbols/2307.png", "type": "IMAGE"}, {"path": "symbols/2308.png", "type": "IMAGE"}, {"path": "symbols/2309.png", "type": "IMAGE"}, {"path": "symbols/2310.png", "type": "IMAGE"}, {"path": "symbols/2311.png", "type": "IMAGE"}, {"path": "symbols/2312.png", "type": "IMAGE"}, {"path": "symbols/2313.png", "type": "IMAGE"}, {"path": "symbols/2314.png", "type": "IMAGE"}, {"path": "symbols/2315.png", "type": "IMAGE"}, {"path": "symbols/2316.png", "type": "IMAGE"}, {"path": "symbols/2317.png", "type": "IMAGE"}, {"path": "symbols/2318.png", "type": "IMAGE"}, {"path": "symbols/2319.png", "type": "IMAGE"}, {"path": "symbols/2320.png", "type": "IMAGE"}, {"path": "symbols/2321.png", "type": "IMAGE"}, {"path": "symbols/2322.png", "type": "IMAGE"}, {"path": "symbols/2323.png", "type": "IMAGE"}, {"path": "symbols/2324.png", "type": "IMAGE"}, {"path": "symbols/2325.png", "type": "IMAGE"}, {"path": "symbols/2326.png", "type": "IMAGE"}, {"path": "symbols/2327.png", "type": "IMAGE"}, {"path": "symbols/2328.png", "type": "IMAGE"}, {"path": "symbols/2329.png", "type": "IMAGE"}, {"path": "symbols/2330.png", "type": "IMAGE"}, {"path": "symbols/2331.png", "type": "IMAGE"}, {"path": "symbols/2332.png", "type": "IMAGE"}, {"path": "symbols/2333.png", "type": "IMAGE"}, {"path": "symbols/2334.png", "type": "IMAGE"}, {"path": "symbols/2335.png", "type": "IMAGE"}, {"path": "symbols/2336.png", "type": "IMAGE"}, {"path": "symbols/2337.png", "type": "IMAGE"}, {"path": "symbols/2338.png", "type": "IMAGE"}, {"path": "symbols/2339.png", "type": "IMAGE"}, {"path": "symbols/2340.png", "type": "IMAGE"}, {"path": "symbols/2341.png", "type": "IMAGE"}, {"path": "symbols/1974.png", "type": "IMAGE"}, {"path": "symbols/2342.png", "type": "IMAGE"}, {"path": "symbols/2343.png", "type": "IMAGE"}, {"path": "symbols/2344.png", "type": "IMAGE"}, {"path": "symbols/2345.png", "type": "IMAGE"}, {"path": "symbols/2346.png", "type": "IMAGE"}, {"path": "symbols/2347.png", "type": "IMAGE"}, {"path": "symbols/2348.png", "type": "IMAGE"}, {"path": "symbols/2349.png", "type": "IMAGE"}, {"path": "symbols/2350.png", "type": "IMAGE"}, {"path": "symbols/2351.png", "type": "IMAGE"}, {"path": "symbols/2352.png", "type": "IMAGE"}, {"path": "symbols/2353.png", "type": "IMAGE"}, {"path": "symbols/2354.png", "type": "IMAGE"}, {"path": "symbols/2355.png", "type": "IMAGE"}, {"path": "symbols/2356.png", "type": "IMAGE"}, {"path": "symbols/1973.png", "type": "IMAGE"}, {"path": "symbols/1972.png", "type": "IMAGE"}, {"path": "symbols/2357.png", "type": "IMAGE"}, {"path": "symbols/2358.png", "type": "IMAGE"}, {"path": "symbols/2359.png", "type": "IMAGE"}, {"path": "symbols/2360.png", "type": "IMAGE"}, {"path": "symbols/2361.png", "type": "IMAGE"}, {"path": "symbols/2362.png", "type": "IMAGE"}, {"path": "symbols/2363.png", "type": "IMAGE"}, {"path": "symbols/2364.png", "type": "IMAGE"}, {"path": "symbols/2365.png", "type": "IMAGE"}, {"path": "symbols/2366.png", "type": "IMAGE"}, {"path": "symbols/2367.png", "type": "IMAGE"}, {"path": "symbols/1971.png", "type": "IMAGE"}, {"path": "symbols/1970.png", "type": "IMAGE"}, {"path": "symbols/1969.png", "type": "IMAGE"}, {"path": "symbols/1968.png", "type": "IMAGE"}, {"path": "symbols/1967.png", "type": "IMAGE"}, {"path": "symbols/1966.png", "type": "IMAGE"}, {"path": "symbols/1965.png", "type": "IMAGE"}, {"path": "symbols/1964.png", "type": "IMAGE"}, {"path": "symbols/1963.png", "type": "IMAGE"}, {"path": "symbols/1962.png", "type": "IMAGE"}, {"path": "symbols/1961.png", "type": "IMAGE"}, {"path": "symbols/1960.png", "type": "IMAGE"}, {"path": "symbols/1959.png", "type": "IMAGE"}, {"path": "symbols/1958.png", "type": "IMAGE"}, {"path": "symbols/1957.png", "type": "IMAGE"}, {"path": "symbols/1956.png", "type": "IMAGE"}, {"path": "symbols/1955.png", "type": "IMAGE"}, {"path": "symbols/1954.png", "type": "IMAGE"}, {"path": "symbols/1953.png", "type": "IMAGE"}, {"path": "symbols/1952.png", "type": "IMAGE"}, {"path": "symbols/1951.png", "type": "IMAGE"}, {"path": "symbols/1950.png", "type": "IMAGE"}, {"path": "symbols/1949.png", "type": "IMAGE"}, {"path": "symbols/1948.png", "type": "IMAGE"}, {"path": "symbols/1947.png", "type": "IMAGE"}, {"path": "symbols/1946.png", "type": "IMAGE"}, {"path": "symbols/1945.png", "type": "IMAGE"}, {"path": "symbols/1944.png", "type": "IMAGE"}, {"path": "symbols/1943.png", "type": "IMAGE"}, {"path": "symbols/1942.png", "type": "IMAGE"}, {"path": "symbols/1941.png", "type": "IMAGE"}, {"path": "symbols/1940.png", "type": "IMAGE"}, {"path": "symbols/1939.png", "type": "IMAGE"}, {"path": "symbols/1938.png", "type": "IMAGE"}, {"path": "symbols/1937.png", "type": "IMAGE"}, {"path": "symbols/1936.png", "type": "IMAGE"}, {"path": "symbols/1935.png", "type": "IMAGE"}, {"path": "symbols/1934.png", "type": "IMAGE"}, {"path": "symbols/1933.png", "type": "IMAGE"}, {"path": "symbols/1932.png", "type": "IMAGE"}, {"path": "symbols/1931.png", "type": "IMAGE"}, {"path": "symbols/1930.png", "type": "IMAGE"}, {"path": "symbols/1929.png", "type": "IMAGE"}, {"path": "symbols/1928.png", "type": "IMAGE"}, {"path": "symbols/1927.png", "type": "IMAGE"}, {"path": "symbols/1926.png", "type": "IMAGE"}, {"path": "symbols/1925.png", "type": "IMAGE"}, {"path": "symbols/1924.png", "type": "IMAGE"}, {"path": "symbols/1923.png", "type": "IMAGE"}, {"path": "symbols/1922.png", "type": "IMAGE"}, {"path": "symbols/1921.png", "type": "IMAGE"}, {"path": "symbols/1920.png", "type": "IMAGE"}, {"path": "symbols/1919.png", "type": "IMAGE"}, {"path": "symbols/1918.png", "type": "IMAGE"}, {"path": "symbols/1917.png", "type": "IMAGE"}, {"path": "symbols/1916.png", "type": "IMAGE"}, {"path": "symbols/1915.png", "type": "IMAGE"}, {"path": "symbols/1914.png", "type": "IMAGE"}, {"path": "symbols/1913.png", "type": "IMAGE"}, {"path": "symbols/1912.png", "type": "IMAGE"}, {"path": "symbols/1911.png", "type": "IMAGE"}, {"path": "symbols/1910.png", "type": "IMAGE"}, {"path": "symbols/1909.png", "type": "IMAGE"}, {"path": "symbols/1908.png", "type": "IMAGE"}, {"path": "symbols/1907.png", "type": "IMAGE"}, {"path": "symbols/1906.png", "type": "IMAGE"}, {"path": "symbols/1905.png", "type": "IMAGE"}, {"path": "symbols/1904.png", "type": "IMAGE"}, {"path": "symbols/1903.png", "type": "IMAGE"}, {"path": "symbols/1902.png", "type": "IMAGE"}, {"path": "symbols/1901.png", "type": "IMAGE"}, {"path": "symbols/1900.png", "type": "IMAGE"}, {"path": "symbols/1899.png", "type": "IMAGE"}, {"path": "symbols/1898.png", "type": "IMAGE"}, {"path": "symbols/1897.png", "type": "IMAGE"}, {"path": "symbols/1896.png", "type": "IMAGE"}, {"path": "symbols/1895.png", "type": "IMAGE"}, {"path": "symbols/1894.png", "type": "IMAGE"}, {"path": "symbols/1893.png", "type": "IMAGE"}, {"path": "symbols/1892.png", "type": "IMAGE"}, {"path": "symbols/1891.png", "type": "IMAGE"}, {"path": "symbols/1890.png", "type": "IMAGE"}, {"path": "symbols/1889.png", "type": "IMAGE"}, {"path": "symbols/1888.png", "type": "IMAGE"}, {"path": "symbols/1887.png", "type": "IMAGE"}, {"path": "symbols/1886.png", "type": "IMAGE"}, {"path": "symbols/1885.png", "type": "IMAGE"}, {"path": "symbols/1884.png", "type": "IMAGE"}, {"path": "symbols/1883.png", "type": "IMAGE"}, {"path": "symbols/1882.png", "type": "IMAGE"}, {"path": "symbols/1881.png", "type": "IMAGE"}, {"path": "symbols/1880.png", "type": "IMAGE"}, {"path": "symbols/1879.png", "type": "IMAGE"}, {"path": "symbols/1878.png", "type": "IMAGE"}, {"path": "symbols/1877.png", "type": "IMAGE"}, {"path": "symbols/1876.png", "type": "IMAGE"}, {"path": "symbols/1875.png", "type": "IMAGE"}, {"path": "symbols/1874.png", "type": "IMAGE"}, {"path": "symbols/1873.png", "type": "IMAGE"}, {"path": "symbols/1872.png", "type": "IMAGE"}, {"path": "symbols/1871.png", "type": "IMAGE"}, {"path": "symbols/1870.png", "type": "IMAGE"}, {"path": "symbols/1869.png", "type": "IMAGE"}, {"path": "symbols/1868.png", "type": "IMAGE"}, {"path": "symbols/1867.png", "type": "IMAGE"}, {"path": "symbols/1866.png", "type": "IMAGE"}, {"path": "symbols/1865.png", "type": "IMAGE"}, {"path": "symbols/1864.png", "type": "IMAGE"}, {"path": "symbols/1863.png", "type": "IMAGE"}, {"path": "symbols/1862.png", "type": "IMAGE"}, {"path": "symbols/1861.png", "type": "IMAGE"}, {"path": "symbols/1860.png", "type": "IMAGE"}, {"path": "symbols/1859.png", "type": "IMAGE"}, {"path": "symbols/1858.png", "type": "IMAGE"}, {"path": "symbols/1857.png", "type": "IMAGE"}, {"path": "symbols/1856.png", "type": "IMAGE"}, {"path": "symbols/1855.png", "type": "IMAGE"}, {"path": "symbols/1854.png", "type": "IMAGE"}, {"path": "symbols/1853.png", "type": "IMAGE"}, {"path": "symbols/1852.png", "type": "IMAGE"}, {"path": "symbols/1851.png", "type": "IMAGE"}, {"path": "symbols/1850.png", "type": "IMAGE"}, {"path": "symbols/1849.png", "type": "IMAGE"}, {"path": "symbols/1848.png", "type": "IMAGE"}, {"path": "symbols/1847.png", "type": "IMAGE"}, {"path": "symbols/1846.png", "type": "IMAGE"}, {"path": "symbols/1845.png", "type": "IMAGE"}, {"path": "symbols/1844.png", "type": "IMAGE"}, {"path": "symbols/1843.png", "type": "IMAGE"}, {"path": "symbols/1842.png", "type": "IMAGE"}, {"path": "symbols/1841.png", "type": "IMAGE"}, {"path": "symbols/1840.png", "type": "IMAGE"}, {"path": "symbols/1839.png", "type": "IMAGE"}, {"path": "symbols/1838.png", "type": "IMAGE"}, {"path": "symbols/1837.png", "type": "IMAGE"}, {"path": "symbols/1836.png", "type": "IMAGE"}, {"path": "symbols/1835.png", "type": "IMAGE"}, {"path": "symbols/1834.png", "type": "IMAGE"}, {"path": "symbols/1833.png", "type": "IMAGE"}, {"path": "symbols/1832.png", "type": "IMAGE"}, {"path": "symbols/1831.png", "type": "IMAGE"}, {"path": "symbols/1830.png", "type": "IMAGE"}, {"path": "symbols/1829.png", "type": "IMAGE"}, {"path": "symbols/1828.png", "type": "IMAGE"}, {"path": "symbols/1827.png", "type": "IMAGE"}, {"path": "symbols/1826.png", "type": "IMAGE"}, {"path": "symbols/1825.png", "type": "IMAGE"}, {"path": "symbols/1824.png", "type": "IMAGE"}, {"path": "symbols/1823.png", "type": "IMAGE"}, {"path": "symbols/1822.png", "type": "IMAGE"}, {"path": "symbols/1821.png", "type": "IMAGE"}, {"path": "symbols/1820.png", "type": "IMAGE"}, {"path": "symbols/1819.png", "type": "IMAGE"}, {"path": "symbols/1818.png", "type": "IMAGE"}, {"path": "symbols/1817.png", "type": "IMAGE"}, {"path": "symbols/1816.png", "type": "IMAGE"}, {"path": "symbols/1815.png", "type": "IMAGE"}, {"path": "symbols/1814.png", "type": "IMAGE"}, {"path": "symbols/1813.png", "type": "IMAGE"}, {"path": "symbols/1812.png", "type": "IMAGE"}, {"path": "symbols/1811.png", "type": "IMAGE"}, {"path": "symbols/1810.png", "type": "IMAGE"}, {"path": "symbols/1809.png", "type": "IMAGE"}, {"path": "symbols/1808.png", "type": "IMAGE"}, {"path": "symbols/1807.png", "type": "IMAGE"}, {"path": "symbols/1806.png", "type": "IMAGE"}, {"path": "symbols/1805.png", "type": "IMAGE"}, {"path": "symbols/1804.png", "type": "IMAGE"}, {"path": "symbols/1803.png", "type": "IMAGE"}, {"path": "symbols/1802.jpg", "type": "IMAGE"}, {"path": "symbols/1801.png", "type": "IMAGE"}, {"path": "symbols/1800.png", "type": "IMAGE"}, {"path": "symbols/1799.png", "type": "IMAGE"}, {"path": "symbols/1798.png", "type": "IMAGE"}, {"path": "symbols/1797.png", "type": "IMAGE"}, {"path": "symbols/1796.png", "type": "IMAGE"}, {"path": "symbols/1795.png", "type": "IMAGE"}, {"path": "symbols/1794.png", "type": "IMAGE"}, {"path": "symbols/2370.png", "type": "IMAGE"}, {"path": "symbols/2371.png", "type": "IMAGE"}, {"path": "symbols/1793.png", "type": "IMAGE"}, {"path": "symbols/1792.png", "type": "IMAGE"}, {"path": "symbols/1791.png", "type": "IMAGE"}, {"path": "symbols/1790.png", "type": "IMAGE"}, {"path": "symbols/1789.png", "type": "IMAGE"}, {"path": "symbols/1788.png", "type": "IMAGE"}, {"path": "symbols/1787.png", "type": "IMAGE"}, {"path": "symbols/1786.png", "type": "IMAGE"}, {"path": "symbols/1785.png", "type": "IMAGE"}, {"path": "symbols/1784.png", "type": "IMAGE"}, {"path": "symbols/1783.png", "type": "IMAGE"}, {"path": "symbols/1782.png", "type": "IMAGE"}, {"path": "symbols/1781.png", "type": "IMAGE"}, {"path": "symbols/1780.png", "type": "IMAGE"}, {"path": "symbols/1779.png", "type": "IMAGE"}, {"path": "symbols/1778.png", "type": "IMAGE"}, {"path": "symbols/1777.png", "type": "IMAGE"}, {"path": "symbols/1776.png", "type": "IMAGE"}, {"path": "symbols/1775.png", "type": "IMAGE"}, {"path": "symbols/1774.png", "type": "IMAGE"}, {"path": "symbols/1773.png", "type": "IMAGE"}, {"path": "symbols/1772.png", "type": "IMAGE"}, {"path": "symbols/1771.png", "type": "IMAGE"}, {"path": "symbols/1770.png", "type": "IMAGE"}, {"path": "symbols/1769.png", "type": "IMAGE"}, {"path": "symbols/1768.png", "type": "IMAGE"}, {"path": "symbols/1767.png", "type": "IMAGE"}, {"path": "symbols/1766.png", "type": "IMAGE"}, {"path": "symbols/1765.png", "type": "IMAGE"}, {"path": "symbols/1764.png", "type": "IMAGE"}, {"path": "symbols/1763.png", "type": "IMAGE"}, {"path": "symbols/1762.png", "type": "IMAGE"}, {"path": "symbols/1761.png", "type": "IMAGE"}, {"path": "symbols/1760.png", "type": "IMAGE"}, {"path": "symbols/1759.png", "type": "IMAGE"}, {"path": "symbols/1758.png", "type": "IMAGE"}, {"path": "symbols/1757.png", "type": "IMAGE"}, {"path": "symbols/1756.png", "type": "IMAGE"}, {"path": "symbols/1755.png", "type": "IMAGE"}, {"path": "symbols/1754.png", "type": "IMAGE"}, {"path": "symbols/1753.png", "type": "IMAGE"}, {"path": "symbols/1752.png", "type": "IMAGE"}, {"path": "symbols/1751.png", "type": "IMAGE"}, {"path": "symbols/1750.png", "type": "IMAGE"}, {"path": "symbols/1749.png", "type": "IMAGE"}, {"path": "symbols/1748.png", "type": "IMAGE"}, {"path": "symbols/1747.png", "type": "IMAGE"}, {"path": "symbols/1746.png", "type": "IMAGE"}, {"path": "symbols/1745.png", "type": "IMAGE"}, {"path": "symbols/1744.png", "type": "IMAGE"}, {"path": "symbols/1743.png", "type": "IMAGE"}, {"path": "symbols/1742.png", "type": "IMAGE"}, {"path": "symbols/1741.png", "type": "IMAGE"}, {"path": "symbols/1740.png", "type": "IMAGE"}, {"path": "symbols/1739.png", "type": "IMAGE"}, {"path": "symbols/1738.png", "type": "IMAGE"}, {"path": "symbols/1737.png", "type": "IMAGE"}, {"path": "symbols/1736.png", "type": "IMAGE"}, {"path": "symbols/1735.png", "type": "IMAGE"}, {"path": "symbols/1734.png", "type": "IMAGE"}, {"path": "symbols/1733.png", "type": "IMAGE"}, {"path": "symbols/1732.png", "type": "IMAGE"}, {"path": "symbols/1731.png", "type": "IMAGE"}, {"path": "symbols/1730.png", "type": "IMAGE"}, {"path": "symbols/1729.png", "type": "IMAGE"}, {"path": "symbols/1728.png", "type": "IMAGE"}, {"path": "symbols/1727.png", "type": "IMAGE"}, {"path": "symbols/1726.png", "type": "IMAGE"}, {"path": "symbols/1725.png", "type": "IMAGE"}, {"path": "symbols/1702.png", "type": "IMAGE"}, {"path": "symbols/1701.png", "type": "IMAGE"}, {"path": "symbols/1700.png", "type": "IMAGE"}, {"path": "symbols/1699.png", "type": "IMAGE"}, {"path": "symbols/1698.png", "type": "IMAGE"}, {"path": "symbols/1697.png", "type": "IMAGE"}, {"path": "symbols/1696.png", "type": "IMAGE"}, {"path": "symbols/1695.png", "type": "IMAGE"}, {"path": "symbols/1694.png", "type": "IMAGE"}, {"path": "symbols/1693.png", "type": "IMAGE"}, {"path": "symbols/1692.png", "type": "IMAGE"}, {"path": "symbols/1691.png", "type": "IMAGE"}, {"path": "symbols/1690.png", "type": "IMAGE"}, {"path": "symbols/1627.png", "type": "IMAGE"}, {"path": "symbols/1626.png", "type": "IMAGE"}, {"path": "symbols/1625.png", "type": "IMAGE"}, {"path": "symbols/1624.png", "type": "IMAGE"}, {"path": "symbols/1623.png", "type": "IMAGE"}, {"path": "symbols/1622.png", "type": "IMAGE"}, {"path": "symbols/1621.png", "type": "IMAGE"}, {"path": "symbols/1620.png", "type": "IMAGE"}, {"path": "symbols/1619.png", "type": "IMAGE"}, {"path": "symbols/1618.png", "type": "IMAGE"}, {"path": "symbols/1617.png", "type": "IMAGE"}, {"path": "symbols/1616.png", "type": "IMAGE"}, {"path": "symbols/1706.png", "type": "IMAGE"}, {"path": "symbols/1613.png", "type": "IMAGE"}, {"path": "symbols/1608.png", "type": "IMAGE"}, {"path": "symbols/1603.png", "type": "IMAGE"}, {"path": "symbols/1598.png", "type": "IMAGE"}, {"path": "symbols/1593.png", "type": "IMAGE"}, {"path": "symbols/1588.png", "type": "IMAGE"}, {"path": "symbols/1582.png", "type": "IMAGE"}, {"path": "symbols/1577.png", "type": "IMAGE"}, {"path": "symbols/1572.png", "type": "IMAGE"}, {"path": "symbols/1567.png", "type": "IMAGE"}, {"path": "symbols/1562.png", "type": "IMAGE"}, {"path": "symbols/1557.png", "type": "IMAGE"}, {"path": "symbols/1552.png", "type": "IMAGE"}, {"path": "symbols/1547.png", "type": "IMAGE"}, {"path": "symbols/1542.png", "type": "IMAGE"}, {"path": "symbols/1536.png", "type": "IMAGE"}, {"path": "symbols/1531.png", "type": "IMAGE"}, {"path": "symbols/1526.png", "type": "IMAGE"}, {"path": "symbols/1522.png", "type": "IMAGE"}, {"path": "symbols/1517.png", "type": "IMAGE"}, {"path": "symbols/1512.png", "type": "IMAGE"}, {"path": "symbols/2377.png", "type": "IMAGE"}, {"path": "symbols/2376.png", "type": "IMAGE"}, {"path": "symbols/2374.png", "type": "IMAGE"}, {"path": "symbols/2373.png", "type": "IMAGE"}, {"path": "symbols/2372.png", "type": "IMAGE"}, {"path": "symbols/2368.png", "type": "IMAGE"}, {"path": "symbols/2181.png", "type": "IMAGE"}, {"path": "symbols/2179.png", "type": "IMAGE"}, {"path": "symbols/2177.png", "type": "IMAGE"}]}